{"id": 18828, "annotations": [{"id": 18931, "completed_by": 2, "result": [{"type": "labels", "value": {"end": 9, "text": "Operator", "start": 0, "labels": ["OPERATOR"]}, "origin": "manual", "to_name": "text", "from_name": "label-intro"}, {"type": "labels", "value": {"end": 59, "text": ": We'll go to Simona Jankowski with Goldman Sachs.", "start": 10, "labels": ["INTRO"]}, "origin": "manual", "to_name": "text", "from_name": "label-intro"}, {"type": "labels", "value": {"end": 79, "text": "Simona K. Jankowski", "start": 59, "labels": ["ANALYST"]}, "origin": "manual", "to_name": "text", "from_name": "label-intro"}, {"type": "labels", "value": {"end": 360, "text": ": Hi, thank you. I had a question for Luca first. Last year, you had a 4 million-unit channel inventory reduction for the iPhone in the June quarter. So just curious what you're expecting for this year just so we have an apples-to-apples comparison as we think about your guidance.", "start": 80, "labels": ["QUESTION"]}, "origin": "manual", "to_name": "text", "from_name": "label-intro"}, {"type": "labels", "value": {"end": 373, "text": "Luca Maestri", "start": 360, "labels": ["REPRESENTATIVE"]}, "origin": "manual", "to_name": "text", "from_name": "label-intro"}, {"type": "labels", "value": {"end": 740, "text": ": As you know, Simona, we do not provide guidance around units and around channel inventory reduction, but our goal is always to have the right amount of weeks of inventory in the channel. And if you look at our history over the last several years, we have fairly consistently reduced channel inventory in the June quarter, so I think it's a fair expectation to have.", "start": 374, "labels": ["ANSWER"]}, "origin": "manual", "to_name": "text", "from_name": "label-intro"}, {"type": "labels", "value": {"end": 760, "text": "Simona K. Jankowski", "start": 740, "labels": ["ANALYST"]}, "origin": "manual", "to_name": "text", "from_name": "label-intro"}, {"type": "labels", "value": {"end": 1171, "text": ": Thank you, and then just for Tim. Tim, you've been excited about the India market for some time and have made strides in establishing a retail, manufacturing, and R&D presence there. So just curious as you look at that market and the rollout of 4G there, is it reasonable for us to assume that Apple can sell something on the order of 10 million to 20 million iPhones there next year and then grow from there?", "start": 761, "labels": ["QUESTION"]}, "origin": "manual", "to_name": "text", "from_name": "label-intro"}, {"type": "labels", "value": {"end": 1191, "text": "Timothy Donald Cook", "start": 1171, "labels": ["REPRESENTATIVE"]}, "origin": "manual", "to_name": "text", "from_name": "label-intro"}, {"type": "labels", "value": {"end": 1829, "text": ": We make it a point not to forecast by geo. We just provide a current quarter forecast. But as hopefully you've seen as we began to give you more information about India, we've been investing quite a bit. We have a ton of energy going into the country on a number of fronts, and it is the third largest smartphone market in the world today behind China and the United States. And so we believe, particularly now that the 4G infrastructure is going in the country and is continuing to be expanded, that there is a huge opportunity for Apple there. And so that and the demographics of the country is why we're putting so much energy there.", "start": 1192, "labels": ["ANSWER"]}, "origin": "manual", "to_name": "text", "from_name": "label-intro"}, {"type": "labels", "value": {"end": 1849, "text": "Simona K. Jankowski", "start": 1829, "labels": ["ANALYST"]}, "origin": "manual", "to_name": "text", "from_name": "label-intro"}, {"type": "labels", "value": {"end": 1861, "text": ": Thank you.", "start": 1850, "labels": ["QUESTION"]}, "origin": "manual", "to_name": "text", "from_name": "label-intro"}, {"type": "labels", "value": {"end": 1874, "text": "Nancy Paxton", "start": 1861, "labels": ["REPRESENTATIVE"]}, "origin": "manual", "to_name": "text", "from_name": "label-intro"}, {"type": "labels", "value": {"end": 1935, "text": ": Thank you, Simona. Could we have the next question, please?", "start": 1875, "labels": ["ANSWER"]}, "origin": "manual", "to_name": "text", "from_name": "label-intro"}], "was_cancelled": false, "ground_truth": true, "created_at": "2022-02-04T10:25:35.345010Z", "updated_at": "2022-02-04T10:25:35.345015Z", "lead_time": null, "prediction": {}, "result_count": 0, "task": 18828, "parent_prediction": null, "parent_annotation": null}], "data": {"year": 2017, "company": "AAPL", "my_text": "\nOperator: We'll go to Simona Jankowski with Goldman Sachs.\nSimona K. Jankowski: Hi, thank you. I had a question for Luca first. Last year, you had a 4 million-unit channel inventory reduction for the iPhone in the June quarter. So just curious what you're expecting for this year just so we have an apples-to-apples comparison as we think about your guidance.\nLuca Maestri: As you know, Simona, we do not provide guidance around units and around channel inventory reduction, but our goal is always to have the right amount of weeks of inventory in the channel. And if you look at our history over the last several years, we have fairly consistently reduced channel inventory in the June quarter, so I think it's a fair expectation to have.\nSimona K. Jankowski: Thank you, and then just for Tim. Tim, you've been excited about the India market for some time and have made strides in establishing a retail, manufacturing, and R&D presence there. So just curious as you look at that market and the rollout of 4G there, is it reasonable for us to assume that Apple can sell something on the order of 10 million to 20 million iPhones there next year and then grow from there?\nTimothy Donald Cook: We make it a point not to forecast by geo. We just provide a current quarter forecast. But as hopefully you've seen as we began to give you more information about India, we've been investing quite a bit. We have a ton of energy going into the country on a number of fronts, and it is the third largest smartphone market in the world today behind China and the United States. And so we believe, particularly now that the 4G infrastructure is going in the country and is continuing to be expanded, that there is a huge opportunity for Apple there. And so that and the demographics of the country is why we're putting so much energy there.\nSimona K. Jankowski: Thank you.\nNancy Paxton: Thank you, Simona. Could we have the next question, please?", "quarter": 2}}