{"id": 17556, "annotations": [{"id": 17659, "completed_by": 2, "result": [{"id": "Dd-Rv2sTim", "type": "labels", "value": {"end": 9, "text": "Operator", "start": 0, "labels": ["OPERATOR"]}, "origin": "manual", "to_name": "text", "from_name": "label-intro"}, {"id": "xiybogv1lJ", "type": "labels", "value": {"end": 74, "text": " And that will come from Tony Sacconaghi with Sanford Bernstein.", "start": 10, "labels": ["INTRO"]}, "origin": "manual", "to_name": "text", "from_name": "label-intro"}, {"id": "_2Rnm4OOzL", "type": "labels", "value": {"end": 90, "text": "Tony Sacconaghi", "start": 74, "labels": ["ANALYST"]}, "origin": "manual", "to_name": "text", "from_name": "label-intro"}, {"id": "APxoF8qlYq", "type": "labels", "value": {"end": 1187, "text": " I just wanted to revisit the watch. Tim, I think you\u2019ve said, when you were talking about your new products, you said we\u2019re \u201cvery happy with the reception\u201d and in response to a previous answer, you said, \u201crelative to demand, it\u2019s hard to gauge with no product in the stores.\u201d I would say relative to other product launches, where your commentary around demand was characterized by superlative after superlative, that assessment feels very modest. And part of the reason that I ask is A) are we reading you right in terms of that, but if we look at consensus, consensus is expecting that Apple will ship more watches in its first two quarters than it did iPad, despite, as you said, very limited distribution in terms of only selling through your store. So I\u2019m wondering if you could talk a little bit about putting those demand comments in context given that they do seem different from how you\u2019ve characterized product demand for other products, and how, if at all, we should think about modeling demand in the context, perhaps, of the iPad, which was your most recent significant new category.", "start": 91, "labels": ["QUESTION"]}, "origin": "manual", "to_name": "text", "from_name": "label-intro"}, {"id": "0seAvdB67j", "type": "labels", "value": {"end": 1196, "text": "Tim Cook", "start": 1187, "labels": ["REPRESENTATIVE"]}, "origin": "manual", "to_name": "text", "from_name": "label-intro"}, {"id": "A79sKbwD--", "type": "labels", "value": {"end": 1930, "text": " I\u2019m thrilled with it, Tony, so I don\u2019t want you to read anything I\u2019m saying any way other than that. So I\u2019m not sure how to say that any clearer than that. And in any situation, whether it\u2019s the watch or in the past on iPad or on iPhone, when demand is much greater than supply, it\u2019s difficult to gauge exactly what it is. And so as you know, we don\u2019t make long term forecasts on here. We make forecasts for the current quarter. And so I don\u2019t want to make any comment about the consensus numbers. Honestly, I haven\u2019t even studied those. We\u2019ve got enough to think about here. I feel really great about it. The customer response, literally, from what I\u2019ve seen, is close to 100% positive. And so it\u2019s hard to imagine it being better.", "start": 1197, "labels": ["ANSWER"]}, "origin": "manual", "to_name": "text", "from_name": "label-intro"}, {"id": "hoxX7KfSdo", "type": "labels", "value": {"end": 1946, "text": "Tony Sacconaghi", "start": 1930, "labels": ["ANALYST"]}, "origin": "manual", "to_name": "text", "from_name": "label-intro"}, {"id": "9OCkeD5k0B", "type": "labels", "value": {"end": 2565, "text": " You talked about the watch having lower margins in the third quarter, which is surprising A) I think in the context of price points that many people thought were higher, B) in the context of what luxury watches sell for, C) I think in terms of what estimated margins might be installed on accessories like your watch band. So I\u2019m wondering if you believe that the watch\u2019s gross margins are being burdened by lower volumes and startup costs, and that you believe that as a category, watch margins will be, in total, including everything else that you sell with it, on a sustained basis, lower than the company average.", "start": 1947, "labels": ["QUESTION"]}, "origin": "manual", "to_name": "text", "from_name": "label-intro"}, {"id": "1urdM7hVDg", "type": "labels", "value": {"end": 2574, "text": "Tim Cook", "start": 2565, "labels": ["REPRESENTATIVE"]}, "origin": "manual", "to_name": "text", "from_name": "label-intro"}, {"id": "XlWocL2ZqO", "type": "labels", "value": {"end": 3085, "text": " Tony, we\u2019re not going to guide to or give projections of gross margin outside of the current quarter. And so what we have right now, which is a situation, it\u2019s not surprising to us, we knew we would be here, is that the watch gross margins for the current quarter that we\u2019ve included in the guidance that Luca\u2019s provided in the aggregate, are lower than the company average. And so that to us is intuitive that they would be. And so I think we must be just looking at it through a different lens than you are.", "start": 2575, "labels": ["ANSWER"]}, "origin": "manual", "to_name": "text", "from_name": "label-intro"}, {"id": "6F7rcMIgQj", "type": "labels", "value": {"end": 3101, "text": "Tony Sacconaghi", "start": 3085, "labels": ["ANALYST"]}, "origin": "manual", "to_name": "text", "from_name": "label-intro"}, {"id": "cqSqy0ulHH", "type": "labels", "value": {"end": 3228, "text": " I guess the question is is there anything unique about it being in its first quarter that it\u2019s providing that margin profile?", "start": 3102, "labels": ["QUESTION"]}, "origin": "manual", "to_name": "text", "from_name": "label-intro"}, {"id": "q8RWBXUs4N", "type": "labels", "value": {"end": 3237, "text": "Tim Cook", "start": 3228, "labels": ["REPRESENTATIVE"]}, "origin": "manual", "to_name": "text", "from_name": "label-intro"}, {"id": "h6q9-gzXWk", "type": "labels", "value": {"end": 3924, "text": " In the first quarter with any new kind of product, you would always have learning and these sorts of things. We\u2019ve had this with every product we\u2019ve ever done. And so again, we\u2019re not guiding to what it will be over time. We\u2019re talking about what it is now. But you know, I would keep in mind that the functionality of the product that we\u2019re making is absolutely incredible, the power of it. And I haven\u2019t even seen this, but generally, there\u2019s cost breakdowns that come out around our products that are much different than the reality. I\u2019ve never seen one that is anywhere close to being accurate. And so if that\u2019s the basis for your comment, I\u2019d really dig on the data if I were you.", "start": 3238, "labels": ["ANSWER"]}, "origin": "manual", "to_name": "text", "from_name": "label-intro"}], "was_cancelled": false, "ground_truth": true, "created_at": "2022-02-04T10:03:51.623213Z", "updated_at": "2022-05-12T08:45:25.370032Z", "lead_time": 191.498, "prediction": {}, "result_count": 0, "task": 17556, "parent_prediction": null, "parent_annotation": null}], "data": {"year": 2015, "company": "AAPL", "my_text": "\nOperator: And that will come from Tony Sacconaghi with Sanford Bernstein.\nTony Sacconaghi: I just wanted to revisit the watch. Tim, I think you\u2019ve said, when you were talking about your new products, you said we\u2019re \u201cvery happy with the reception\u201d and in response to a previous answer, you said, \u201crelative to demand, it\u2019s hard to gauge with no product in the stores.\u201d I would say relative to other product launches, where your commentary around demand was characterized by superlative after superlative, that assessment feels very modest. And part of the reason that I ask is A) are we reading you right in terms of that, but if we look at consensus, consensus is expecting that Apple will ship more watches in its first two quarters than it did iPad, despite, as you said, very limited distribution in terms of only selling through your store. So I\u2019m wondering if you could talk a little bit about putting those demand comments in context given that they do seem different from how you\u2019ve characterized product demand for other products, and how, if at all, we should think about modeling demand in the context, perhaps, of the iPad, which was your most recent significant new category.\nTim Cook: I\u2019m thrilled with it, Tony, so I don\u2019t want you to read anything I\u2019m saying any way other than that. So I\u2019m not sure how to say that any clearer than that. And in any situation, whether it\u2019s the watch or in the past on iPad or on iPhone, when demand is much greater than supply, it\u2019s difficult to gauge exactly what it is. And so as you know, we don\u2019t make long term forecasts on here. We make forecasts for the current quarter. And so I don\u2019t want to make any comment about the consensus numbers. Honestly, I haven\u2019t even studied those. We\u2019ve got enough to think about here. I feel really great about it. The customer response, literally, from what I\u2019ve seen, is close to 100% positive. And so it\u2019s hard to imagine it being better.\nTony Sacconaghi: You talked about the watch having lower margins in the third quarter, which is surprising A) I think in the context of price points that many people thought were higher, B) in the context of what luxury watches sell for, C) I think in terms of what estimated margins might be installed on accessories like your watch band. So I\u2019m wondering if you believe that the watch\u2019s gross margins are being burdened by lower volumes and startup costs, and that you believe that as a category, watch margins will be, in total, including everything else that you sell with it, on a sustained basis, lower than the company average.\nTim Cook: Tony, we\u2019re not going to guide to or give projections of gross margin outside of the current quarter. And so what we have right now, which is a situation, it\u2019s not surprising to us, we knew we would be here, is that the watch gross margins for the current quarter that we\u2019ve included in the guidance that Luca\u2019s provided in the aggregate, are lower than the company average. And so that to us is intuitive that they would be. And so I think we must be just looking at it through a different lens than you are.\nTony Sacconaghi: I guess the question is is there anything unique about it being in its first quarter that it\u2019s providing that margin profile?\nTim Cook: In the first quarter with any new kind of product, you would always have learning and these sorts of things. We\u2019ve had this with every product we\u2019ve ever done. And so again, we\u2019re not guiding to what it will be over time. We\u2019re talking about what it is now. But you know, I would keep in mind that the functionality of the product that we\u2019re making is absolutely incredible, the power of it. And I haven\u2019t even seen this, but generally, there\u2019s cost breakdowns that come out around our products that are much different than the reality. I\u2019ve never seen one that is anywhere close to being accurate. And so if that\u2019s the basis for your comment, I\u2019d really dig on the data if I were you.", "quarter": 2}}