{"id": 18856, "annotations": [{"id": 18959, "completed_by": 2, "result": [{"type": "labels", "value": {"end": 9, "text": "Operator", "start": 0, "labels": ["OPERATOR"]}, "origin": "manual", "to_name": "text", "from_name": "label-intro"}, {"type": "labels", "value": {"end": 52, "text": ": From RBC Capital Markets, Amit Daryanani.", "start": 10, "labels": ["INTRO"]}, "origin": "manual", "to_name": "text", "from_name": "label-intro"}, {"type": "labels", "value": {"end": 67, "text": "Amit Daryanani", "start": 52, "labels": ["ANALYST"]}, "origin": "manual", "to_name": "text", "from_name": "label-intro"}, {"type": "labels", "value": {"end": 486, "text": ": Thanks a lot. Two questions from me as well. I guess first one, just touching on the gross margin dynamics, if I look at the guidance for June on a year-over-year basis, I think sales are up double digit but gross margins are still flat at the high end, maybe down 20 basis points at the midpoint. Can you just talk about what's driving the lack of leverage on a gross margin basis on a year-over-year basis for June?", "start": 68, "labels": ["QUESTION"]}, "origin": "manual", "to_name": "text", "from_name": "label-intro"}, {"type": "labels", "value": {"end": 499, "text": "Luca Maestri", "start": 486, "labels": ["REPRESENTATIVE"]}, "origin": "manual", "to_name": "text", "from_name": "label-intro"}, {"type": "labels", "value": {"end": 948, "text": ": Yeah, Amit, it's Luca. We tend to look at our gross margin dynamics on a sequential basis, and essentially we're guiding to about flat on a sequential basis. On a year-over-year basis, it's less relevant for our business. But in general, I would say that this year we are seeing a more difficult cost environment, particularly we're still dealing with about 70 basis points of impact from the memory pricing environment that we're working through.", "start": 500, "labels": ["ANSWER"]}, "origin": "manual", "to_name": "text", "from_name": "label-intro"}, {"type": "labels", "value": {"end": 963, "text": "Amit Daryanani", "start": 948, "labels": ["ANALYST"]}, "origin": "manual", "to_name": "text", "from_name": "label-intro"}, {"type": "labels", "value": {"end": 1315, "text": ": Got it. And if I could just follow up. Tim, you've been fairly vocal I think talking about the need for better privacy protection and well-crafted regulation over time. Could you just maybe help us understand, how does Apple protect consumer data? And how does this ongoing debate around data protection translate into a positive for Apple over time?", "start": 964, "labels": ["QUESTION"]}, "origin": "manual", "to_name": "text", "from_name": "label-intro"}, {"type": "labels", "value": {"end": 1335, "text": "Timothy Donald Cook", "start": 1315, "labels": ["REPRESENTATIVE"]}, "origin": "manual", "to_name": "text", "from_name": "label-intro"}, {"type": "labels", "value": {"end": 2140, "text": ": We protect it by encrypting it, and we keep the bulk of information or a significant amount of information on the device so that the user is in control of it. We also collect much less overall than others do. Because if you look at our model, if we can convince you to buy an iPhone or an iPad, we'll make a little bit of money. You're not our product. And so that's how we look at that. In terms of benefit, we don't really view it like that. We view that privacy is a fundamental human right and that it's an extremely complex situation if you're a user to understand a lot of the user agreements and so forth. And we've always viewed that part of our role was to sort of make things as simple as possible for the user and provide them a level of privacy and security. And so that's how we look at it.", "start": 1336, "labels": ["ANSWER"]}, "origin": "manual", "to_name": "text", "from_name": "label-intro"}, {"type": "labels", "value": {"end": 2153, "text": "Nancy Paxton", "start": 2140, "labels": ["REPRESENTATIVE"]}, "origin": "manual", "to_name": "text", "from_name": "label-intro"}, {"type": "labels", "value": {"end": 2212, "text": ": Thank you, Amit. Could we have the next question, please?", "start": 2154, "labels": ["ANSWER"]}, "origin": "manual", "to_name": "text", "from_name": "label-intro"}], "was_cancelled": false, "ground_truth": true, "created_at": "2022-02-04T10:25:35.347730Z", "updated_at": "2022-02-04T10:25:35.347736Z", "lead_time": null, "prediction": {}, "result_count": 0, "task": 18856, "parent_prediction": null, "parent_annotation": null}], "data": {"year": 2018, "company": "AAPL", "my_text": "\nOperator: From RBC Capital Markets, Amit Daryanani.\nAmit Daryanani: Thanks a lot. Two questions from me as well. I guess first one, just touching on the gross margin dynamics, if I look at the guidance for June on a year-over-year basis, I think sales are up double digit but gross margins are still flat at the high end, maybe down 20 basis points at the midpoint. Can you just talk about what's driving the lack of leverage on a gross margin basis on a year-over-year basis for June?\nLuca Maestri: Yeah, Amit, it's Luca. We tend to look at our gross margin dynamics on a sequential basis, and essentially we're guiding to about flat on a sequential basis. On a year-over-year basis, it's less relevant for our business. But in general, I would say that this year we are seeing a more difficult cost environment, particularly we're still dealing with about 70 basis points of impact from the memory pricing environment that we're working through.\nAmit Daryanani: Got it. And if I could just follow up. Tim, you've been fairly vocal I think talking about the need for better privacy protection and well-crafted regulation over time. Could you just maybe help us understand, how does Apple protect consumer data? And how does this ongoing debate around data protection translate into a positive for Apple over time?\nTimothy Donald Cook: We protect it by encrypting it, and we keep the bulk of information or a significant amount of information on the device so that the user is in control of it. We also collect much less overall than others do. Because if you look at our model, if we can convince you to buy an iPhone or an iPad, we'll make a little bit of money. You're not our product. And so that's how we look at that. In terms of benefit, we don't really view it like that. We view that privacy is a fundamental human right and that it's an extremely complex situation if you're a user to understand a lot of the user agreements and so forth. And we've always viewed that part of our role was to sort of make things as simple as possible for the user and provide them a level of privacy and security. And so that's how we look at it.\nNancy Paxton: Thank you, Amit. Could we have the next question, please?", "quarter": 2}}