{"id": 18829, "annotations": [{"id": 18932, "completed_by": 2, "result": [{"type": "labels", "value": {"end": 9, "text": "Operator", "start": 0, "labels": ["OPERATOR"]}, "origin": "manual", "to_name": "text", "from_name": "label-intro"}, {"type": "labels", "value": {"end": 35, "text": ": Jim Suva with Citigroup.", "start": 10, "labels": ["INTRO"]}, "origin": "manual", "to_name": "text", "from_name": "label-intro"}, {"type": "labels", "value": {"end": 44, "text": "Jim Suva", "start": 35, "labels": ["ANALYST"]}, "origin": "manual", "to_name": "text", "from_name": "label-intro"}, {"type": "labels", "value": {"end": 719, "text": ": Thank you very much and congratulations on returning to growth consistently. That's great. I believe, Tim, in your prepared comments you mentioned India was growing double digit, which is great. But I believe if you look at geographic information, India is really underpenetrated from an Apple reception perceptive, but yet they have LTE, you have the iPhone SE, a lower priced iPhone. Do you think that say this next 12 \u2013 18 months is going be a turning point, or is it more you need to work with the government to have Apple-owned stores or production there? Or what's it really going to take to get India going along because we think it's just truly a great opportunity?", "start": 45, "labels": ["QUESTION"]}, "origin": "manual", "to_name": "text", "from_name": "label-intro"}, {"type": "labels", "value": {"end": 739, "text": "Timothy Donald Cook", "start": 719, "labels": ["REPRESENTATIVE"]}, "origin": "manual", "to_name": "text", "from_name": "label-intro"}, {"type": "labels", "value": {"end": 1660, "text": ": We think it's a great opportunity too, and so we're bringing all the things that we brought to bear in other markets that we've eventually done well in, and that's from channel to stores to our ecosystem and so forth. Phil [Schiller] was just over there opening a developer center last quarter, and so there are a ton of things going on there. And we agree that we are underpenetrated there. Our growth rates are good, really good by most people's expectations, maybe not mine as much. And so we're putting a lot of energy in, just like we have in other geos that eventually wound up producing more and more. So I'm very excited about it. The 4G network investment really began rolling in in a significant way toward the last quarter of last year, as you know. But they are moving fast. They're moving at a speed that I have not seen in any other country in the world once they were started, and it is truly impressive.", "start": 740, "labels": ["ANSWER"]}, "origin": "manual", "to_name": "text", "from_name": "label-intro"}, {"type": "labels", "value": {"end": 1669, "text": "Jim Suva", "start": 1660, "labels": ["ANALYST"]}, "origin": "manual", "to_name": "text", "from_name": "label-intro"}, {"type": "labels", "value": {"end": 1736, "text": ": Great, thanks so much for the detail. That's greatly appreciated.", "start": 1670, "labels": ["QUESTION"]}, "origin": "manual", "to_name": "text", "from_name": "label-intro"}, {"type": "labels", "value": {"end": 1756, "text": "Timothy Donald Cook", "start": 1736, "labels": ["REPRESENTATIVE"]}, "origin": "manual", "to_name": "text", "from_name": "label-intro"}, {"type": "labels", "value": {"end": 1762, "text": ": Yes.", "start": 1757, "labels": ["ANSWER"]}, "origin": "manual", "to_name": "text", "from_name": "label-intro"}, {"type": "labels", "value": {"end": 1775, "text": "Nancy Paxton", "start": 1762, "labels": ["REPRESENTATIVE"]}, "origin": "manual", "to_name": "text", "from_name": "label-intro"}, {"type": "labels", "value": {"end": 2392, "text": ": Thank you, Jim. A replay of today's call will be available for two weeks as a podcast on the iTunes Store, as a webcast on apple.com/investor, and via telephone, and the numbers for the telephone replay are 888-203-1112 or 719-457-0820. Please enter confirmation code 3540172. And these replays will be available by approximately 5:00 PM Pacific Time today. Members of the press with additional questions can contact Kristin Huguet at 408-974-2414. And financial analysts can contact Joan Hoover or me with additional questions. Joan is at 408-974-4570, and I am at 408-974-5420. And thank you again for joining us.", "start": 1776, "labels": ["ANSWER"]}, "origin": "manual", "to_name": "text", "from_name": "label-intro"}], "was_cancelled": false, "ground_truth": true, "created_at": "2022-02-04T10:25:35.345096Z", "updated_at": "2022-02-04T10:25:35.345101Z", "lead_time": null, "prediction": {}, "result_count": 0, "task": 18829, "parent_prediction": null, "parent_annotation": null}], "data": {"year": 2017, "company": "AAPL", "my_text": "\nOperator: Jim Suva with Citigroup.\nJim Suva: Thank you very much and congratulations on returning to growth consistently. That's great. I believe, Tim, in your prepared comments you mentioned India was growing double digit, which is great. But I believe if you look at geographic information, India is really underpenetrated from an Apple reception perceptive, but yet they have LTE, you have the iPhone SE, a lower priced iPhone. Do you think that say this next 12 \u2013 18 months is going be a turning point, or is it more you need to work with the government to have Apple-owned stores or production there? Or what's it really going to take to get India going along because we think it's just truly a great opportunity?\nTimothy Donald Cook: We think it's a great opportunity too, and so we're bringing all the things that we brought to bear in other markets that we've eventually done well in, and that's from channel to stores to our ecosystem and so forth. Phil [Schiller] was just over there opening a developer center last quarter, and so there are a ton of things going on there. And we agree that we are underpenetrated there. Our growth rates are good, really good by most people's expectations, maybe not mine as much. And so we're putting a lot of energy in, just like we have in other geos that eventually wound up producing more and more. So I'm very excited about it. The 4G network investment really began rolling in in a significant way toward the last quarter of last year, as you know. But they are moving fast. They're moving at a speed that I have not seen in any other country in the world once they were started, and it is truly impressive.\nJim Suva: Great, thanks so much for the detail. That's greatly appreciated.\nTimothy Donald Cook: Yes.\nNancy Paxton: Thank you, Jim. A replay of today's call will be available for two weeks as a podcast on the iTunes Store, as a webcast on apple.com/investor, and via telephone, and the numbers for the telephone replay are 888-203-1112 or 719-457-0820. Please enter confirmation code 3540172. And these replays will be available by approximately 5:00 PM Pacific Time today. Members of the press with additional questions can contact Kristin Huguet at 408-974-2414. And financial analysts can contact Joan Hoover or me with additional questions. Joan is at 408-974-4570, and I am at 408-974-5420. And thank you again for joining us.", "quarter": 2}}