{"id": 18835, "annotations": [{"id": 18938, "completed_by": 2, "result": [{"type": "labels", "value": {"end": 9, "text": "Operator", "start": 0, "labels": ["OPERATOR"]}, "origin": "manual", "to_name": "text", "from_name": "label-intro"}, {"type": "labels", "value": {"end": 57, "text": ": That comes from Mike Olson with Piper Jaffray.", "start": 10, "labels": ["INTRO"]}, "origin": "manual", "to_name": "text", "from_name": "label-intro"}, {"type": "labels", "value": {"end": 74, "text": "Michael J. Olson", "start": 57, "labels": ["ANALYST"]}, "origin": "manual", "to_name": "text", "from_name": "label-intro"}, {"type": "labels", "value": {"end": 600, "text": ": Good afternoon. I just have one question for Tim. This may be a hard question to answer in a condensed way, but how would you describe what you expect the most near-term applications will be for developers to target using ARKit? Will it be consumer iPhone and iPad applications, enterprise applications, or I guess some combination of the two? And basically, how does this come to market in the most significant way in the next few quarters as Apple becomes the largest global platform for AR as you've talked about? Thanks.", "start": 75, "labels": ["QUESTION"]}, "origin": "manual", "to_name": "text", "from_name": "label-intro"}, {"type": "labels", "value": {"end": 620, "text": "Timothy Donald Cook", "start": 600, "labels": ["REPRESENTATIVE"]}, "origin": "manual", "to_name": "text", "from_name": "label-intro"}, {"type": "labels", "value": {"end": 1586, "text": ": Mike, that is a great question. And I could not be more excited about AR and what we're seeing with ARKit in the early going. And to answer your question about what category it starts in, just take a look at what's already on the web in terms of what people are doing and it is all over the place. From entertainment to gaming, I've seen what I would call more small business solutions. I've seen consumer solutions. I've seen enterprise solutions. I think AR is big and profound and this is one of those huge things that we'll look back at and marvel on the start of it. So I think that customers are going to see it in a variety of ways. Enterprise takes a little longer sometimes to get going. But I can already tell you there's lots of excitement in there. And I think we'll start to see some applications there as well. And it feels great to get this thing going at a level that can get all of the developers behind it, so I couldn't be more excited about it.", "start": 621, "labels": ["ANSWER"]}, "origin": "manual", "to_name": "text", "from_name": "label-intro"}, {"type": "labels", "value": {"end": 1603, "text": "Michael J. Olson", "start": 1586, "labels": ["ANALYST"]}, "origin": "manual", "to_name": "text", "from_name": "label-intro"}, {"type": "labels", "value": {"end": 1615, "text": ": Thank you.", "start": 1604, "labels": ["QUESTION"]}, "origin": "manual", "to_name": "text", "from_name": "label-intro"}, {"type": "labels", "value": {"end": 1628, "text": "Nancy Paxton", "start": 1615, "labels": ["REPRESENTATIVE"]}, "origin": "manual", "to_name": "text", "from_name": "label-intro"}, {"type": "labels", "value": {"end": 1684, "text": ": Thanks, Mike. Could we have the next question, please?", "start": 1629, "labels": ["ANSWER"]}, "origin": "manual", "to_name": "text", "from_name": "label-intro"}], "was_cancelled": false, "ground_truth": true, "created_at": "2022-02-04T10:25:35.345622Z", "updated_at": "2022-02-04T10:25:35.345628Z", "lead_time": null, "prediction": {}, "result_count": 0, "task": 18835, "parent_prediction": null, "parent_annotation": null}], "data": {"year": 2017, "company": "AAPL", "my_text": "\nOperator: That comes from Mike Olson with Piper Jaffray.\nMichael J. Olson: Good afternoon. I just have one question for Tim. This may be a hard question to answer in a condensed way, but how would you describe what you expect the most near-term applications will be for developers to target using ARKit? Will it be consumer iPhone and iPad applications, enterprise applications, or I guess some combination of the two? And basically, how does this come to market in the most significant way in the next few quarters as Apple becomes the largest global platform for AR as you've talked about? Thanks.\nTimothy Donald Cook: Mike, that is a great question. And I could not be more excited about AR and what we're seeing with ARKit in the early going. And to answer your question about what category it starts in, just take a look at what's already on the web in terms of what people are doing and it is all over the place. From entertainment to gaming, I've seen what I would call more small business solutions. I've seen consumer solutions. I've seen enterprise solutions. I think AR is big and profound and this is one of those huge things that we'll look back at and marvel on the start of it. So I think that customers are going to see it in a variety of ways. Enterprise takes a little longer sometimes to get going. But I can already tell you there's lots of excitement in there. And I think we'll start to see some applications there as well. And it feels great to get this thing going at a level that can get all of the developers behind it, so I couldn't be more excited about it.\nMichael J. Olson: Thank you.\nNancy Paxton: Thanks, Mike. Could we have the next question, please?", "quarter": 3}}