{"id": 18892, "annotations": [{"id": 18995, "completed_by": 2, "result": [{"type": "labels", "value": {"end": 9, "text": "Operator", "start": 0, "labels": ["OPERATOR"]}, "origin": "manual", "to_name": "text", "from_name": "label-intro"}, {"type": "labels", "value": {"end": 57, "text": ": That will come from Evercore\u2019s Amit Daryanani.", "start": 10, "labels": ["INTRO"]}, "origin": "manual", "to_name": "text", "from_name": "label-intro"}, {"type": "labels", "value": {"end": 72, "text": "Amit Daryanani", "start": 57, "labels": ["ANALYST"]}, "origin": "manual", "to_name": "text", "from_name": "label-intro"}, {"type": "labels", "value": {"end": 620, "text": ": Yes. Thanks a lot guys. I guess two questions from me as well. First one, Tim, if you think about the Services business, less than $2 billion away from the targets you had laid out a few years back. But I am wondering if you think about the growth rates you've had in the business over the last several years, the high-teens average, I think, how much of that do you think was driven by the installed base growing versus incremental monetization of the installed base. And do you see that ratio essentially flipping or changing as you go forward?", "start": 73, "labels": ["QUESTION"]}, "origin": "manual", "to_name": "text", "from_name": "label-intro"}, {"type": "labels", "value": {"end": 629, "text": "Tim Cook", "start": 620, "labels": ["REPRESENTATIVE"]}, "origin": "manual", "to_name": "text", "from_name": "label-intro"}, {"type": "labels", "value": {"end": 1721, "text": ": I think, we have opportunities, Amit, in both the growth of the installed base as Luca mentioned in his comments, we continue to grow across every category, hit new highs in the last quarter and we hit new highs in all of our top 20 markets.And so the installed base is clearly a piece of it getting the trade-in program going, and the secondary market moving has been helpful in that as well. And, of course, ultimately the thing that builds the installed base is to make customers happy, and that's our -- always our top objective is to have satisfied customers.The other thing that is obviously happening is in many areas, the ARPU is increasing. And so, as there is more offers out there, I mean the one that is today getting the attention is on the streaming side.But if you look at the number of services that have been added over the years, it's significant and people love them. And so it's really both of those. And obviously in - finally in getting more people that are enjoying things for free to - let to pay for some of the premium services. So it's sort of all three of those.", "start": 630, "labels": ["ANSWER"]}, "origin": "manual", "to_name": "text", "from_name": "label-intro"}, {"type": "labels", "value": {"end": 1736, "text": "Amit Daryanani", "start": 1721, "labels": ["ANALYST"]}, "origin": "manual", "to_name": "text", "from_name": "label-intro"}, {"type": "labels", "value": {"end": 2163, "text": ": Got it. And if I was just kind of go back to the variables discussion, especially as I think about Apple Watch and AirPods, is there a central way to think about what's the attach rate today to iOS devices for Apple Watch and AirPod update.I just want to understand if I think about 900 million plus iPhone installed base, what kind of penetration do you have at Wearables and how long could this one maybe as you go forward?", "start": 1737, "labels": ["QUESTION"]}, "origin": "manual", "to_name": "text", "from_name": "label-intro"}, {"type": "labels", "value": {"end": 2172, "text": "Tim Cook", "start": 2163, "labels": ["REPRESENTATIVE"]}, "origin": "manual", "to_name": "text", "from_name": "label-intro"}, {"type": "labels", "value": {"end": 2878, "text": ": We\u2019re not releasing the precise numbers of our Wearables, but it is a really nice try and get me to say that. The -- what we're seeing in terms of new adds on the Watch, I think Luca may have mentioned this in his comments is about three-quarters of the Apple Watch buyers are new to Apple Watch.And so we are still insignificantly in the build mode there, and so don't think of the penetration as anywhere near sort of a mature penetration. We got lot left there, and the AirPods just keep hitting new highs.And I anticipate that will carry over to this quarter too and we are really proud to add another product out there for people wanting noise-cancelling with the AirPod Pro beginning to sell today.", "start": 2173, "labels": ["ANSWER"]}, "origin": "manual", "to_name": "text", "from_name": "label-intro"}, {"type": "labels", "value": {"end": 2891, "text": "Nancy Paxton", "start": 2878, "labels": ["REPRESENTATIVE"]}, "origin": "manual", "to_name": "text", "from_name": "label-intro"}, {"type": "labels", "value": {"end": 2949, "text": ": Thank you, Amit. Could we have the next question please?", "start": 2892, "labels": ["ANSWER"]}, "origin": "manual", "to_name": "text", "from_name": "label-intro"}], "was_cancelled": false, "ground_truth": true, "created_at": "2022-02-04T10:25:35.351201Z", "updated_at": "2022-02-04T10:25:35.351205Z", "lead_time": null, "prediction": {}, "result_count": 0, "task": 18892, "parent_prediction": null, "parent_annotation": null}], "data": {"year": 2019, "company": "AAPL", "my_text": "\nOperator: That will come from Evercore\u2019s Amit Daryanani.\nAmit Daryanani: Yes. Thanks a lot guys. I guess two questions from me as well. First one, Tim, if you think about the Services business, less than $2 billion away from the targets you had laid out a few years back. But I am wondering if you think about the growth rates you've had in the business over the last several years, the high-teens average, I think, how much of that do you think was driven by the installed base growing versus incremental monetization of the installed base. And do you see that ratio essentially flipping or changing as you go forward?\nTim Cook: I think, we have opportunities, Amit, in both the growth of the installed base as Luca mentioned in his comments, we continue to grow across every category, hit new highs in the last quarter and we hit new highs in all of our top 20 markets.And so the installed base is clearly a piece of it getting the trade-in program going, and the secondary market moving has been helpful in that as well. And, of course, ultimately the thing that builds the installed base is to make customers happy, and that's our -- always our top objective is to have satisfied customers.The other thing that is obviously happening is in many areas, the ARPU is increasing. And so, as there is more offers out there, I mean the one that is today getting the attention is on the streaming side.But if you look at the number of services that have been added over the years, it's significant and people love them. And so it's really both of those. And obviously in - finally in getting more people that are enjoying things for free to - let to pay for some of the premium services. So it's sort of all three of those.\nAmit Daryanani: Got it. And if I was just kind of go back to the variables discussion, especially as I think about Apple Watch and AirPods, is there a central way to think about what's the attach rate today to iOS devices for Apple Watch and AirPod update.I just want to understand if I think about 900 million plus iPhone installed base, what kind of penetration do you have at Wearables and how long could this one maybe as you go forward?\nTim Cook: We\u2019re not releasing the precise numbers of our Wearables, but it is a really nice try and get me to say that. The -- what we're seeing in terms of new adds on the Watch, I think Luca may have mentioned this in his comments is about three-quarters of the Apple Watch buyers are new to Apple Watch.And so we are still insignificantly in the build mode there, and so don't think of the penetration as anywhere near sort of a mature penetration. We got lot left there, and the AirPods just keep hitting new highs.And I anticipate that will carry over to this quarter too and we are really proud to add another product out there for people wanting noise-cancelling with the AirPod Pro beginning to sell today.\nNancy Paxton: Thank you, Amit. Could we have the next question please?", "quarter": 4}}