{"id": 17570, "annotations": [{"id": 17673, "completed_by": 2, "result": [{"type": "labels", "value": {"end": 9, "text": "Operator", "start": 0, "labels": ["OPERATOR"]}, "origin": "manual", "to_name": "text", "from_name": "label-intro"}, {"type": "labels", "value": {"end": 57, "text": ": We'll go to Shannon Cross with Cross Research.", "start": 10, "labels": ["INTRO"]}, "origin": "manual", "to_name": "text", "from_name": "label-intro"}, {"type": "labels", "value": {"end": 71, "text": "Shannon Cross", "start": 57, "labels": ["ANALYST"]}, "origin": "manual", "to_name": "text", "from_name": "label-intro"}, {"type": "labels", "value": {"end": 654, "text": ": Thank you very much. Tim, I wanted to go back to your commentary on the enterprise business, $25 billion I think you said, it was up 40% year-over-year. I know you have a relatively small sales force internally and obviously you utilizing the joint ventures, but as you noted you see that's an important driver of growth. So, how do you attack that market going forward? Will there be changes? Is there something that you need to shift or focus product in a little bit of different directions to make sure you can adequately attack it. Just in general how you're thinking about it?", "start": 72, "labels": ["QUESTION"]}, "origin": "manual", "to_name": "text", "from_name": "label-intro"}, {"type": "labels", "value": {"end": 663, "text": "Tim Cook", "start": 654, "labels": ["REPRESENTATIVE"]}, "origin": "manual", "to_name": "text", "from_name": "label-intro"}, {"type": "labels", "value": {"end": 1643, "text": ": From a product point of view, we'd actually been continuing to change and improve IOS for some time. With every release they are more enterprise features and so, I would describe it as sort of continuation of that cadence perhaps with little more intensity. From a go to market point of view, we will be working with or are working with IBM. With Cisco. We're already working with 75 mobility partners that are principally in the U.S. but that's expanding quickly to international as well. And so, many of these companies have -- in some cases very large sales forces, in many cases the reasonable seize sales force. And in addition to a direct sales force there is a huge worldwide indirect channel that many customers buy from and count on buying some services from. And so I do not envision Apple's having a large enterprise sales force will certainly make \u2013 we continue adding some people more on the engineering side, but I don't envision having a large direct sales force.", "start": 664, "labels": ["ANSWER"]}, "origin": "manual", "to_name": "text", "from_name": "label-intro"}, {"type": "labels", "value": {"end": 1657, "text": "Shannon Cross", "start": 1643, "labels": ["ANALYST"]}, "origin": "manual", "to_name": "text", "from_name": "label-intro"}, {"type": "labels", "value": {"end": 2026, "text": ": Okay, great. Thank you. And can you give us some more color on China, 120% year-over-year growth in iPhones, but can you talk in general about what you're seeing in the marketplace and perhaps where you think you in terms of penetration from a smartphone standpoint especially with a China Mobile which has a substantial opportunity to grow given the LTE penetration?", "start": 1658, "labels": ["QUESTION"]}, "origin": "manual", "to_name": "text", "from_name": "label-intro"}, {"type": "labels", "value": {"end": 2035, "text": "Tim Cook", "start": 2026, "labels": ["REPRESENTATIVE"]}, "origin": "manual", "to_name": "text", "from_name": "label-intro"}, {"type": "labels", "value": {"end": 4193, "text": ": Yes. If you look at China, we grew from an iPhone point of view, Greater China, we grew 87% the market grew for. If you take iPhone out of the market number, the certain market x iPhone actually contracted slightly. And so, we've been able to grow without the market growing. iPhone 6 was the number one selling smartphone in Mainland, China last quarter and iPhone 6 Plus was number three. And so, we did fairly well. The sort of the economic question which I know there's a bit lot of attention on, frankly, if I were to shut off my web and shut off the TV and just look how many customers are coming in our stores regardless to whether they're buying, how many people are coming online, and in addition looking at our sales trend, I wouldn't know if there was any economic issue at all in China. And so I don't know how unusual we are with that. I think that there's a misunderstanding probably particularly in the Western world about China's economy, which contributes to the confusion. That said, I don't think it\u2019s growing as fast as it was, but I also don't think that Apple's results are largely dependent on minor changes than growth. I think it\u2019s much more of contributing \u2013 I think other things contribute to that much more. That does say, you'll never had problem there, because the economy, I'm not saying, I'm dumb enough to think that. But I just think that the area that it's currently operating within, it's hard to tell the difference of the consumer level for us. I mean, you really can't tell the difference, if you look at sort of our daily and weekly numbers. So, we're very bullish on it, and I would point out that we're investing in China not for next or the quarter after, or the quarter after, we're investing for the decades ahead and as we look at it our own views is that China will be Apple's top market in the world. And that's not just for sales, that's also developer community is growing faster than any other country in the world. And so, the ecosystem there is very, very strong. I was very impressed with the number the developers I met last week and of course, the customers in stores are enthusiastically contagious.", "start": 2036, "labels": ["ANSWER"]}, "origin": "manual", "to_name": "text", "from_name": "label-intro"}, {"type": "labels", "value": {"end": 4206, "text": "Nancy Paxton", "start": 4193, "labels": ["ANALYST"]}, "origin": "manual", "to_name": "text", "from_name": "label-intro"}, {"type": "labels", "value": {"end": 4262, "text": ": Thank you, Shannon. Can we have next question, please?", "start": 4207, "labels": ["QUESTION"]}, "origin": "manual", "to_name": "text", "from_name": "label-intro"}], "was_cancelled": false, "ground_truth": true, "created_at": "2022-02-04T10:03:51.624584Z", "updated_at": "2022-02-04T10:03:51.624589Z", "lead_time": null, "prediction": {}, "result_count": 0, "task": 17570, "parent_prediction": null, "parent_annotation": null}], "data": {"year": 2015, "company": "AAPL", "my_text": "\nOperator: We'll go to Shannon Cross with Cross Research.\nShannon Cross: Thank you very much. Tim, I wanted to go back to your commentary on the enterprise business, $25 billion I think you said, it was up 40% year-over-year. I know you have a relatively small sales force internally and obviously you utilizing the joint ventures, but as you noted you see that's an important driver of growth. So, how do you attack that market going forward? Will there be changes? Is there something that you need to shift or focus product in a little bit of different directions to make sure you can adequately attack it. Just in general how you're thinking about it?\nTim Cook: From a product point of view, we'd actually been continuing to change and improve IOS for some time. With every release they are more enterprise features and so, I would describe it as sort of continuation of that cadence perhaps with little more intensity. From a go to market point of view, we will be working with or are working with IBM. With Cisco. We're already working with 75 mobility partners that are principally in the U.S. but that's expanding quickly to international as well. And so, many of these companies have -- in some cases very large sales forces, in many cases the reasonable seize sales force. And in addition to a direct sales force there is a huge worldwide indirect channel that many customers buy from and count on buying some services from. And so I do not envision Apple's having a large enterprise sales force will certainly make \u2013 we continue adding some people more on the engineering side, but I don't envision having a large direct sales force.\nShannon Cross: Okay, great. Thank you. And can you give us some more color on China, 120% year-over-year growth in iPhones, but can you talk in general about what you're seeing in the marketplace and perhaps where you think you in terms of penetration from a smartphone standpoint especially with a China Mobile which has a substantial opportunity to grow given the LTE penetration?\nTim Cook: Yes. If you look at China, we grew from an iPhone point of view, Greater China, we grew 87% the market grew for. If you take iPhone out of the market number, the certain market x iPhone actually contracted slightly. And so, we've been able to grow without the market growing. iPhone 6 was the number one selling smartphone in Mainland, China last quarter and iPhone 6 Plus was number three. And so, we did fairly well. The sort of the economic question which I know there's a bit lot of attention on, frankly, if I were to shut off my web and shut off the TV and just look how many customers are coming in our stores regardless to whether they're buying, how many people are coming online, and in addition looking at our sales trend, I wouldn't know if there was any economic issue at all in China. And so I don't know how unusual we are with that. I think that there's a misunderstanding probably particularly in the Western world about China's economy, which contributes to the confusion. That said, I don't think it\u2019s growing as fast as it was, but I also don't think that Apple's results are largely dependent on minor changes than growth. I think it\u2019s much more of contributing \u2013 I think other things contribute to that much more. That does say, you'll never had problem there, because the economy, I'm not saying, I'm dumb enough to think that. But I just think that the area that it's currently operating within, it's hard to tell the difference of the consumer level for us. I mean, you really can't tell the difference, if you look at sort of our daily and weekly numbers. So, we're very bullish on it, and I would point out that we're investing in China not for next or the quarter after, or the quarter after, we're investing for the decades ahead and as we look at it our own views is that China will be Apple's top market in the world. And that's not just for sales, that's also developer community is growing faster than any other country in the world. And so, the ecosystem there is very, very strong. I was very impressed with the number the developers I met last week and of course, the customers in stores are enthusiastically contagious.\nNancy Paxton: Thank you, Shannon. Can we have next question, please?", "quarter": 4}}