{"id": 17563, "annotations": [{"id": 17666, "completed_by": 2, "result": [{"type": "labels", "value": {"end": 9, "text": "Operator", "start": 0, "labels": ["OPERATOR"]}, "origin": "manual", "to_name": "text", "from_name": "label-intro"}, {"type": "labels", "value": {"end": 58, "text": ": From Bernstein we'll hear from Toni Sacconaghi.", "start": 10, "labels": ["INTRO"]}, "origin": "manual", "to_name": "text", "from_name": "label-intro"}, {"type": "labels", "value": {"end": 80, "text": "Antonio M. Sacconaghi", "start": 58, "labels": ["ANALYST"]}, "origin": "manual", "to_name": "text", "from_name": "label-intro"}, {"type": "labels", "value": {"end": 783, "text": ": Yes, thank you. Luca, I think in your prepared remarks you talked a little bit about your market share of iPad in the US above $200 being 78%. And I'm wondering if you think about the iPhone and your market share in the premium category, how do you think about it? So I've seen market data that says 60% market share for phones above $300 or you have actually 90% market share for phones above $600. And I'm wondering if, Tim or Luca, you could maybe talk about how you think about your market share, where you play given that your ASP is comfortably above $600? What do you think your market share is above $500 or $600 in smartphones? And how do we think about that, that market share going forward?", "start": 81, "labels": ["QUESTION"]}, "origin": "manual", "to_name": "text", "from_name": "label-intro"}, {"type": "labels", "value": {"end": 799, "text": "Timothy D. Cook", "start": 783, "labels": ["REPRESENTATIVE"]}, "origin": "manual", "to_name": "text", "from_name": "label-intro"}, {"type": "labels", "value": {"end": 1693, "text": ": Toni, it's Tim. We look at it a bit differently than you do. We look at it as our job is to grow our products regardless of the price, which means that we need to convince in some cases people to move from one price band to the other. And that we think if we do a great job with the product that people will be willing to spend more because they get so much more out of it. And I think you can look at the results on the iPhone and see that in action. I mean, we grew 87% in China. We grew 90%-plus in India. Emerging markets are growing 65%. These numbers are unbelievable and they're done in an environment where it's not the best of conditions. So that's how we look at. We don't do the MBA analysis of there's only X people buying in a price band and therefore we can only get X minus Y percent. That's not the way we've ever looked at it. If we did, we wouldn't be shipping any products.", "start": 800, "labels": ["ANSWER"]}, "origin": "manual", "to_name": "text", "from_name": "label-intro"}, {"type": "labels", "value": {"end": 1715, "text": "Antonio M. Sacconaghi", "start": 1693, "labels": ["ANALYST"]}, "origin": "manual", "to_name": "text", "from_name": "label-intro"}, {"type": "labels", "value": {"end": 2258, "text": ": Tim, I'm asking in part because you talked about the highest ever Android switcher. So I'm wondering if indeed your goal of expanding the category is happening or whether you are taking share and how do you measure the relative contribution of each of those in your success. So is the strength and the dramatically above market growth because you're taking share in that high-end category and how far along are you there? Or can you point to proof points that you've actually expanded the size of the market for products of your price point?", "start": 1716, "labels": ["QUESTION"]}, "origin": "manual", "to_name": "text", "from_name": "label-intro"}, {"type": "labels", "value": {"end": 2274, "text": "Timothy D. Cook", "start": 2258, "labels": ["REPRESENTATIVE"]}, "origin": "manual", "to_name": "text", "from_name": "label-intro"}, {"type": "labels", "value": {"end": 2606, "text": ": Oh, I think there's no doubt if you look at it we are expanding the market size in those areas. It's also true that there's some people that are switching from comparable price points to the iPhone, and that's great too. But I think the answer is that both of those things are happening and it's key that we do both, not just one.", "start": 2275, "labels": ["ANSWER"]}, "origin": "manual", "to_name": "text", "from_name": "label-intro"}, {"type": "labels", "value": {"end": 2628, "text": "Antonio M. Sacconaghi", "start": 2606, "labels": ["ANALYST"]}, "origin": "manual", "to_name": "text", "from_name": "label-intro"}, {"type": "labels", "value": {"end": 3281, "text": ": Okay. And then if I could just ask you to comment on how you think about replacement cycles with the current iPhone 6 cycle. So when you look at replacement cycles over the last three quarters, are they similar to what you saw one and two years ago when you think about replacement? And one of the things that also sort of struck me was I think you cited market research having repurchase intention of 86% versus your competitors at 50%. Quite frankly, the 86% sounds low to me. Is that actually consistent with what you see in the marketplace, about 86% of iPhone buyers ultimately buy another iPhone? So perhaps we can think about replacement cycle.", "start": 2629, "labels": ["QUESTION"]}, "origin": "manual", "to_name": "text", "from_name": "label-intro"}, {"type": "labels", "value": {"end": 3297, "text": "Timothy D. Cook", "start": 3281, "labels": ["REPRESENTATIVE"]}, "origin": "manual", "to_name": "text", "from_name": "label-intro"}, {"type": "labels", "value": {"end": 3303, "text": ": Yes.", "start": 3298, "labels": ["ANSWER"]}, "origin": "manual", "to_name": "text", "from_name": "label-intro"}, {"type": "labels", "value": {"end": 3325, "text": "Antonio M. Sacconaghi", "start": 3303, "labels": ["ANALYST"]}, "origin": "manual", "to_name": "text", "from_name": "label-intro"}, {"type": "labels", "value": {"end": 3408, "text": ": And how that's changed and the percentage number and how that jives with reality?", "start": 3326, "labels": ["QUESTION"]}, "origin": "manual", "to_name": "text", "from_name": "label-intro"}, {"type": "labels", "value": {"end": 3424, "text": "Timothy D. Cook", "start": 3408, "labels": ["REPRESENTATIVE"]}, "origin": "manual", "to_name": "text", "from_name": "label-intro"}, {"type": "labels", "value": {"end": 4129, "text": ": The 86% also seems low to me but I was quoting a third-party source and not our own data. Our own data would look better than that. But the numbers are only comparable if I quote the third-party source for both and so that's what I'm doing. On the upgrade cycle and what we're seeing, it's not remarkably different. However, there's a number of plans that people began signing up for in the last year that could change it. These are upgrade any time kind of plans. They may be one year leases that could actually help the upgrade rate. And I think it'll be interesting to see how that plays out over the next horizon. But generally speaking, I see positive vectors there, not negative, in the aggregate.", "start": 3425, "labels": ["ANSWER"]}, "origin": "manual", "to_name": "text", "from_name": "label-intro"}, {"type": "labels", "value": {"end": 4142, "text": "Nancy Paxton", "start": 4129, "labels": ["ANALYST"]}, "origin": "manual", "to_name": "text", "from_name": "label-intro"}, {"type": "labels", "value": {"end": 4199, "text": ": Thank you, Toni. Can we have the next question, please?", "start": 4143, "labels": ["QUESTION"]}, "origin": "manual", "to_name": "text", "from_name": "label-intro"}], "was_cancelled": false, "ground_truth": true, "created_at": "2022-02-04T10:03:51.623897Z", "updated_at": "2022-02-04T10:03:51.623902Z", "lead_time": null, "prediction": {}, "result_count": 0, "task": 17563, "parent_prediction": null, "parent_annotation": null}], "data": {"year": 2015, "company": "AAPL", "my_text": "\nOperator: From Bernstein we'll hear from Toni Sacconaghi.\nAntonio M. Sacconaghi: Yes, thank you. Luca, I think in your prepared remarks you talked a little bit about your market share of iPad in the US above $200 being 78%. And I'm wondering if you think about the iPhone and your market share in the premium category, how do you think about it? So I've seen market data that says 60% market share for phones above $300 or you have actually 90% market share for phones above $600. And I'm wondering if, Tim or Luca, you could maybe talk about how you think about your market share, where you play given that your ASP is comfortably above $600? What do you think your market share is above $500 or $600 in smartphones? And how do we think about that, that market share going forward?\nTimothy D. Cook: Toni, it's Tim. We look at it a bit differently than you do. We look at it as our job is to grow our products regardless of the price, which means that we need to convince in some cases people to move from one price band to the other. And that we think if we do a great job with the product that people will be willing to spend more because they get so much more out of it. And I think you can look at the results on the iPhone and see that in action. I mean, we grew 87% in China. We grew 90%-plus in India. Emerging markets are growing 65%. These numbers are unbelievable and they're done in an environment where it's not the best of conditions. So that's how we look at. We don't do the MBA analysis of there's only X people buying in a price band and therefore we can only get X minus Y percent. That's not the way we've ever looked at it. If we did, we wouldn't be shipping any products.\nAntonio M. Sacconaghi: Tim, I'm asking in part because you talked about the highest ever Android switcher. So I'm wondering if indeed your goal of expanding the category is happening or whether you are taking share and how do you measure the relative contribution of each of those in your success. So is the strength and the dramatically above market growth because you're taking share in that high-end category and how far along are you there? Or can you point to proof points that you've actually expanded the size of the market for products of your price point?\nTimothy D. Cook: Oh, I think there's no doubt if you look at it we are expanding the market size in those areas. It's also true that there's some people that are switching from comparable price points to the iPhone, and that's great too. But I think the answer is that both of those things are happening and it's key that we do both, not just one.\nAntonio M. Sacconaghi: Okay. And then if I could just ask you to comment on how you think about replacement cycles with the current iPhone 6 cycle. So when you look at replacement cycles over the last three quarters, are they similar to what you saw one and two years ago when you think about replacement? And one of the things that also sort of struck me was I think you cited market research having repurchase intention of 86% versus your competitors at 50%. Quite frankly, the 86% sounds low to me. Is that actually consistent with what you see in the marketplace, about 86% of iPhone buyers ultimately buy another iPhone? So perhaps we can think about replacement cycle.\nTimothy D. Cook: Yes.\nAntonio M. Sacconaghi: And how that's changed and the percentage number and how that jives with reality?\nTimothy D. Cook: The 86% also seems low to me but I was quoting a third-party source and not our own data. Our own data would look better than that. But the numbers are only comparable if I quote the third-party source for both and so that's what I'm doing. On the upgrade cycle and what we're seeing, it's not remarkably different. However, there's a number of plans that people began signing up for in the last year that could change it. These are upgrade any time kind of plans. They may be one year leases that could actually help the upgrade rate. And I think it'll be interesting to see how that plays out over the next horizon. But generally speaking, I see positive vectors there, not negative, in the aggregate.\nNancy Paxton: Thank you, Toni. Can we have the next question, please?", "quarter": 3}}