{"id": 17549, "annotations": [{"id": 17652, "completed_by": 2, "result": [{"id": "cSWli27Fy0", "type": "labels", "value": {"end": 9, "text": "Operator", "start": 0, "labels": ["OPERATOR"]}, "origin": "manual", "to_name": "text", "from_name": "label-intro"}, {"id": "txIJwV3uIT", "type": "labels", "value": {"end": 55, "text": " We'll go to Gene Munster with Piper Jaffray.", "start": 10, "labels": ["INTRO"]}, "origin": "manual", "to_name": "text", "from_name": "label-intro"}, {"id": "_SUJvmNyR2", "type": "labels", "value": {"end": 68, "text": "Gene Munster", "start": 55, "labels": ["ANALYST"]}, "origin": "manual", "to_name": "text", "from_name": "label-intro"}, {"id": "RIRVPnY8mq", "type": "labels", "value": {"end": 516, "text": " A couple of questions for Tim. First, any updates on Apple TV or your broader biz in the living room? And second a high level question about Apple Pay and some of the successes at point-of-sales. Can you talk a little bit about if in app is important or how important that is? And potentially how the product could evolve over time? Could you see this becoming more consumer to consumer or more just kind of a broader payment platform? Thank you.", "start": 69, "labels": ["QUESTION"]}, "origin": "manual", "to_name": "text", "from_name": "label-intro"}, {"id": "tgwNoxBhCn", "type": "labels", "value": {"end": 525, "text": "Tim Cook", "start": 516, "labels": ["REPRESENTATIVE"]}, "origin": "manual", "to_name": "text", "from_name": "label-intro"}, {"id": "ndQBV0Tb5B", "type": "labels", "value": {"end": 2271, "text": " Gene, on Apple TV, we had a solid quarter with existing product. We\u2019ve sold 25 million Apple TVs now which at the sake of repeating myself, it\u2019s something that we continue to look at and work on and find a way that we can make even greater contribution than what we\u2019re doing. On Apple Pay, both the contactless payment and the in app are both important. I think they are both huge opportunities. I think they\u2019ll play out differently in different geographic regions as to which one is larger than the other and well likely -- the mix of those things will change over time as more and more commerce flows across apps and so forth. In terms of how it evolves, I think we're in the first inning on it. I'm not -- we haven\u2019t even completed the first inning yet. There's tons of things on our roadmap of adding functionality to it. We\u2019re obviously -- we're just in the U.S. right now and so there's tons of countries to go to and there is not a day that goes by that I don\u2019t get notes from many businesses outside U.S. running Apple Pay and banks and merchants. And of course we still have a lot of merchants left in the U.S. But I have to tell you that given that we\u2019ve launched in October, I'm actually unbelievably shocked, positively shocked at how many merchants were able to implement Apple Pay in the heart of their holiday season, because generally most people sort of lock down and don\u2019t do very much. But we were able to get this in a lot of different merchants and I give them a lot of credit for that. But I think we\u2019re just on the front end. And I think that this is the year of Apple Pay. And some of the things you mentioned and others are all things that we\u2019re looking at and in many cases working on in terms of where it can take us.", "start": 526, "labels": ["ANSWER"]}, "origin": "manual", "to_name": "text", "from_name": "label-intro"}, {"id": "nWcq177vwJ", "type": "labels", "value": {"end": 2284, "text": "Nancy Paxton", "start": 2271, "labels": ["ANALYST"]}, "origin": "manual", "to_name": "text", "from_name": "label-intro"}, {"id": "JwMiegxU6e", "type": "labels", "value": {"end": 2342, "text": " Thank you, Gene. Could we have the next question please?", "start": 2285, "labels": ["QUESTION"]}, "origin": "manual", "to_name": "text", "from_name": "label-intro"}], "was_cancelled": false, "ground_truth": true, "created_at": "2022-02-04T10:03:51.622573Z", "updated_at": "2022-04-05T00:16:25.754314Z", "lead_time": 7270.946, "prediction": {}, "result_count": 0, "task": 17549, "parent_prediction": null, "parent_annotation": null}], "data": {"year": 2015, "company": "AAPL", "my_text": "\nOperator: We'll go to Gene Munster with Piper Jaffray.\nGene Munster: A couple of questions for Tim. First, any updates on Apple TV or your broader biz in the living room? And second a high level question about Apple Pay and some of the successes at point-of-sales. Can you talk a little bit about if in app is important or how important that is? And potentially how the product could evolve over time? Could you see this becoming more consumer to consumer or more just kind of a broader payment platform? Thank you.\nTim Cook: Gene, on Apple TV, we had a solid quarter with existing product. We\u2019ve sold 25 million Apple TVs now which at the sake of repeating myself, it\u2019s something that we continue to look at and work on and find a way that we can make even greater contribution than what we\u2019re doing. On Apple Pay, both the contactless payment and the in app are both important. I think they are both huge opportunities. I think they\u2019ll play out differently in different geographic regions as to which one is larger than the other and well likely -- the mix of those things will change over time as more and more commerce flows across apps and so forth. In terms of how it evolves, I think we're in the first inning on it. I'm not -- we haven\u2019t even completed the first inning yet. There's tons of things on our roadmap of adding functionality to it. We\u2019re obviously -- we're just in the U.S. right now and so there's tons of countries to go to and there is not a day that goes by that I don\u2019t get notes from many businesses outside U.S. running Apple Pay and banks and merchants. And of course we still have a lot of merchants left in the U.S. But I have to tell you that given that we\u2019ve launched in October, I'm actually unbelievably shocked, positively shocked at how many merchants were able to implement Apple Pay in the heart of their holiday season, because generally most people sort of lock down and don\u2019t do very much. But we were able to get this in a lot of different merchants and I give them a lot of credit for that. But I think we\u2019re just on the front end. And I think that this is the year of Apple Pay. And some of the things you mentioned and others are all things that we\u2019re looking at and in many cases working on in terms of where it can take us.\nNancy Paxton: Thank you, Gene. Could we have the next question please?", "quarter": 1}}