{"id": 17582, "annotations": [{"id": 17685, "completed_by": 2, "result": [{"type": "labels", "value": {"end": 9, "text": "Operator", "start": 0, "labels": ["OPERATOR"]}, "origin": "manual", "to_name": "text", "from_name": "label-intro"}, {"type": "labels", "value": {"end": 63, "text": ": We'll hear from Kulbinder Garcha with Credit Suisse.", "start": 10, "labels": ["INTRO"]}, "origin": "manual", "to_name": "text", "from_name": "label-intro"}, {"type": "labels", "value": {"end": 80, "text": "Kulbinder Garcha", "start": 63, "labels": ["ANALYST"]}, "origin": "manual", "to_name": "text", "from_name": "label-intro"}, {"type": "labels", "value": {"end": 765, "text": ": Thank you. My question's for Tim on the iPhone business. You talk a lot about the macroeconomic weakness weighing on units, but is some of the issue just that last year replacement got accelerated and this year it's kind of normalizing, and that's kind of a one-time headwind in terms of the unit growth that you see in that business. Is any of that going on, or is that not material, in your view? And the other follow-up I had was that you've mentioned in recent calls, helpfully, the percent of the base, prior to when the 6 came out, that were now on the larger screen phones. Can you give us an update on what that number is? I think the last time it was in the low 30s. Thanks.", "start": 81, "labels": ["QUESTION"]}, "origin": "manual", "to_name": "text", "from_name": "label-intro"}, {"type": "labels", "value": {"end": 774, "text": "Tim Cook", "start": 765, "labels": ["REPRESENTATIVE"]}, "origin": "manual", "to_name": "text", "from_name": "label-intro"}, {"type": "labels", "value": {"end": 1708, "text": ": Yeah. So, last question first. The number of people who had an iPhone prior to the iPhone 6 and 6 Plus announcements -- and so this was in September of 2014 that have not yet upgraded to a 6, 6 Plus or 6s or 6s Plus is now 60%. So, another way to think about that is 40% have, 60% have not. In terms of your initial question about is there some of the compare issue that are people that ran out quickly to buy a 6 and 6 Plus and sort of accelerated? There is no doubt that we had a unbelievable year last year and the Q2 was particularly really, really strong because of the pent-up demand that left from Q1 in addition to Q2. And so there's no doubt about that. However, I think you can tell from the numbers that Luca is talking about just on the currency side and that's before thinking through the affect that price increases can sometimes have on the business over a period of time, it's clear that the economic piece is large.", "start": 775, "labels": ["ANSWER"]}, "origin": "manual", "to_name": "text", "from_name": "label-intro"}, {"type": "labels", "value": {"end": 1725, "text": "Kulbinder Garcha", "start": 1708, "labels": ["ANALYST"]}, "origin": "manual", "to_name": "text", "from_name": "label-intro"}, {"type": "labels", "value": {"end": 1737, "text": ": Thank you.", "start": 1726, "labels": ["QUESTION"]}, "origin": "manual", "to_name": "text", "from_name": "label-intro"}, {"type": "labels", "value": {"end": 1750, "text": "Nancy Paxton", "start": 1737, "labels": ["ANALYST"]}, "origin": "manual", "to_name": "text", "from_name": "label-intro"}, {"type": "labels", "value": {"end": 1813, "text": ": Thank you, Kulbinder. Could we have the next question please?", "start": 1751, "labels": ["QUESTION"]}, "origin": "manual", "to_name": "text", "from_name": "label-intro"}], "was_cancelled": false, "ground_truth": true, "created_at": "2022-02-04T10:03:51.625695Z", "updated_at": "2022-02-04T10:03:51.625700Z", "lead_time": null, "prediction": {}, "result_count": 0, "task": 17582, "parent_prediction": null, "parent_annotation": null}], "data": {"year": 2016, "company": "AAPL", "my_text": "\nOperator: We'll hear from Kulbinder Garcha with Credit Suisse.\nKulbinder Garcha: Thank you. My question's for Tim on the iPhone business. You talk a lot about the macroeconomic weakness weighing on units, but is some of the issue just that last year replacement got accelerated and this year it's kind of normalizing, and that's kind of a one-time headwind in terms of the unit growth that you see in that business. Is any of that going on, or is that not material, in your view? And the other follow-up I had was that you've mentioned in recent calls, helpfully, the percent of the base, prior to when the 6 came out, that were now on the larger screen phones. Can you give us an update on what that number is? I think the last time it was in the low 30s. Thanks.\nTim Cook: Yeah. So, last question first. The number of people who had an iPhone prior to the iPhone 6 and 6 Plus announcements -- and so this was in September of 2014 that have not yet upgraded to a 6, 6 Plus or 6s or 6s Plus is now 60%. So, another way to think about that is 40% have, 60% have not. In terms of your initial question about is there some of the compare issue that are people that ran out quickly to buy a 6 and 6 Plus and sort of accelerated? There is no doubt that we had a unbelievable year last year and the Q2 was particularly really, really strong because of the pent-up demand that left from Q1 in addition to Q2. And so there's no doubt about that. However, I think you can tell from the numbers that Luca is talking about just on the currency side and that's before thinking through the affect that price increases can sometimes have on the business over a period of time, it's clear that the economic piece is large.\nKulbinder Garcha: Thank you.\nNancy Paxton: Thank you, Kulbinder. Could we have the next question please?", "quarter": 1}}