{"id": 18838, "annotations": [{"id": 18941, "completed_by": 2, "result": [{"type": "labels", "value": {"end": 9, "text": "Operator", "start": 0, "labels": ["OPERATOR"]}, "origin": "manual", "to_name": "text", "from_name": "label-intro"}, {"type": "labels", "value": {"end": 66, "text": ": First we'll hear from Katy Huberty with Morgan Stanley.", "start": 10, "labels": ["INTRO"]}, "origin": "manual", "to_name": "text", "from_name": "label-intro"}, {"type": "labels", "value": {"end": 87, "text": "Kathryn Lynn Huberty", "start": 66, "labels": ["ANALYST"]}, "origin": "manual", "to_name": "text", "from_name": "label-intro"}, {"type": "labels", "value": {"end": 370, "text": ": Thank you. Congrats on the quarter. Luca, when do you expect to catch up with iPhone X demand? And given it's likely to be not in the December quarter, should we think about March as a better than seasonal revenue quarter because of that iPhone X ramp? And then I have a follow-up.", "start": 88, "labels": ["QUESTION"]}, "origin": "manual", "to_name": "text", "from_name": "label-intro"}, {"type": "labels", "value": {"end": 386, "text": "Timothy D. Cook", "start": 370, "labels": ["REPRESENTATIVE"]}, "origin": "manual", "to_name": "text", "from_name": "label-intro"}, {"type": "labels", "value": {"end": 910, "text": ": I'll take that, Katy. It's Tim. The ramp for iPhone X is going well, especially considering that iPhone X is the most advanced iPhone we've ever created and it has lots of new technologies in it. And so we're really happy that we were able to increase week by week what we're outputting and we're going to get as many of them as possible to the customers as soon as possible. I can't predict, at this point, when that balance will happen. And in terms of March, we obviously don't give guidance beyond the current quarter.", "start": 387, "labels": ["ANSWER"]}, "origin": "manual", "to_name": "text", "from_name": "label-intro"}, {"type": "labels", "value": {"end": 931, "text": "Kathryn Lynn Huberty", "start": 910, "labels": ["ANALYST"]}, "origin": "manual", "to_name": "text", "from_name": "label-intro"}, {"type": "labels", "value": {"end": 1295, "text": ": Okay. And then China growth returned to strong double digits, 12% up. You've talked historically about that region being more sensitive than others to form factor changes and the new iPhone X form factor was not available in September. And so should we assume that growth in that region only accelerates from here as that new product gets pushed into the market.", "start": 932, "labels": ["QUESTION"]}, "origin": "manual", "to_name": "text", "from_name": "label-intro"}, {"type": "labels", "value": {"end": 1311, "text": "Timothy D. Cook", "start": 1295, "labels": ["REPRESENTATIVE"]}, "origin": "manual", "to_name": "text", "from_name": "label-intro"}, {"type": "labels", "value": {"end": 2472, "text": ": Let me talk a little bit about Q4 in China to give you a little bit of color on the results. We increased market share for iPhone, Mac and iPad during the quarter. We hit all-time revenue records for Services and for Mac for the PRC during the quarter. We've had very strong iPad revenue growth. We had double digit unit growth in iPhone and both the upgraders and Android switchers were both up on a year over year basis during the quarter, and so the results were broad based. They were pretty much across the board, as I indicated. The other thing that's happened is that the decline that we've been experiencing in Hong Kong moderated. And so it's still down year over year but less so than it was and part of that is the compare is an easier compare. And then finally, in terms of another headwind that is a little less than it was, currency has been affecting us more significantly. Last quarter in China, it affected us 1 percentage point. And so the sum of all that, I feel great about the results. We don't obviously provide geographic-specific guidance but you can see from our overall guidance, we think we're going to have a really strong quarter.", "start": 1312, "labels": ["ANSWER"]}, "origin": "manual", "to_name": "text", "from_name": "label-intro"}, {"type": "labels", "value": {"end": 2485, "text": "Nancy Paxton", "start": 2472, "labels": ["REPRESENTATIVE"]}, "origin": "manual", "to_name": "text", "from_name": "label-intro"}, {"type": "labels", "value": {"end": 2544, "text": ": Thank you, Katy. Could we have the next question, please?", "start": 2486, "labels": ["ANSWER"]}, "origin": "manual", "to_name": "text", "from_name": "label-intro"}], "was_cancelled": false, "ground_truth": true, "created_at": "2022-02-04T10:25:35.345929Z", "updated_at": "2022-02-04T10:25:35.345935Z", "lead_time": null, "prediction": {}, "result_count": 0, "task": 18838, "parent_prediction": null, "parent_annotation": null}], "data": {"year": 2017, "company": "AAPL", "my_text": "\nOperator: First we'll hear from Katy Huberty with Morgan Stanley.\nKathryn Lynn Huberty: Thank you. Congrats on the quarter. Luca, when do you expect to catch up with iPhone X demand? And given it's likely to be not in the December quarter, should we think about March as a better than seasonal revenue quarter because of that iPhone X ramp? And then I have a follow-up.\nTimothy D. Cook: I'll take that, Katy. It's Tim. The ramp for iPhone X is going well, especially considering that iPhone X is the most advanced iPhone we've ever created and it has lots of new technologies in it. And so we're really happy that we were able to increase week by week what we're outputting and we're going to get as many of them as possible to the customers as soon as possible. I can't predict, at this point, when that balance will happen. And in terms of March, we obviously don't give guidance beyond the current quarter.\nKathryn Lynn Huberty: Okay. And then China growth returned to strong double digits, 12% up. You've talked historically about that region being more sensitive than others to form factor changes and the new iPhone X form factor was not available in September. And so should we assume that growth in that region only accelerates from here as that new product gets pushed into the market.\nTimothy D. Cook: Let me talk a little bit about Q4 in China to give you a little bit of color on the results. We increased market share for iPhone, Mac and iPad during the quarter. We hit all-time revenue records for Services and for Mac for the PRC during the quarter. We've had very strong iPad revenue growth. We had double digit unit growth in iPhone and both the upgraders and Android switchers were both up on a year over year basis during the quarter, and so the results were broad based. They were pretty much across the board, as I indicated. The other thing that's happened is that the decline that we've been experiencing in Hong Kong moderated. And so it's still down year over year but less so than it was and part of that is the compare is an easier compare. And then finally, in terms of another headwind that is a little less than it was, currency has been affecting us more significantly. Last quarter in China, it affected us 1 percentage point. And so the sum of all that, I feel great about the results. We don't obviously provide geographic-specific guidance but you can see from our overall guidance, we think we're going to have a really strong quarter.\nNancy Paxton: Thank you, Katy. Could we have the next question, please?", "quarter": 4}}