{"id": 17572, "annotations": [{"id": 17675, "completed_by": 2, "result": [{"type": "labels", "value": {"end": 9, "text": "Operator", "start": 0, "labels": ["OPERATOR"]}, "origin": "manual", "to_name": "text", "from_name": "label-intro"}, {"type": "labels", "value": {"end": 60, "text": ": From Goldman Sachs, we'll go to Simona Jankowski.", "start": 10, "labels": ["INTRO"]}, "origin": "manual", "to_name": "text", "from_name": "label-intro"}, {"type": "labels", "value": {"end": 77, "text": "Simona Jankowski", "start": 60, "labels": ["ANALYST"]}, "origin": "manual", "to_name": "text", "from_name": "label-intro"}, {"type": "labels", "value": {"end": 294, "text": ": Hi. Thank you very much. Just is a follow-up to that last question and to put that in context, roughly what percent of the iPhone shipments come from shipments for the installed based versus from your user shipment?", "start": 78, "labels": ["QUESTION"]}, "origin": "manual", "to_name": "text", "from_name": "label-intro"}, {"type": "labels", "value": {"end": 303, "text": "Tim Cook", "start": 294, "labels": ["REPRESENTATIVE"]}, "origin": "manual", "to_name": "text", "from_name": "label-intro"}, {"type": "labels", "value": {"end": 346, "text": ": I don't know the answer of your question.", "start": 304, "labels": ["ANSWER"]}, "origin": "manual", "to_name": "text", "from_name": "label-intro"}, {"type": "labels", "value": {"end": 363, "text": "Simona Jankowski", "start": 346, "labels": ["ANALYST"]}, "origin": "manual", "to_name": "text", "from_name": "label-intro"}, {"type": "labels", "value": {"end": 708, "text": ": Okay. And then just a follow-up, as Luca mentioned, you had to make some adjustments to the pricing in various regions given the currency move we've had. What had been the response in terms of demand, I guess both in terms of units and revenues in some of these regions like Japan or India, parts of Europe where the local prices has to go up?", "start": 364, "labels": ["QUESTION"]}, "origin": "manual", "to_name": "text", "from_name": "label-intro"}, {"type": "labels", "value": {"end": 721, "text": "Luca Maestri", "start": 708, "labels": ["REPRESENTATIVE"]}, "origin": "manual", "to_name": "text", "from_name": "label-intro"}, {"type": "labels", "value": {"end": 1358, "text": ": Simona, we've made a number of price changes during the course of fiscal 2015. What we've seen in a normal of these markets, we've seen that iPhone sales have been very resilient and that shown in our growth rates. Most recently we've adjusted some prices around the world for the launch of iPhone 6s and 6s Plus. We are very positive about the safest trends around the world. It\u2019s a bit early to tell, because the phones have out there just for four weeks, so its bit early to tell there. Obviously when we increase prices around the world, it's normal to see some impact on sales rates, but so far we were encouraged by the response.", "start": 722, "labels": ["ANSWER"]}, "origin": "manual", "to_name": "text", "from_name": "label-intro"}, {"type": "labels", "value": {"end": 1367, "text": "Tim Cook", "start": 1358, "labels": ["REPRESENTATIVE"]}, "origin": "manual", "to_name": "text", "from_name": "label-intro"}, {"type": "labels", "value": {"end": 2089, "text": ": Let me go back to your question. And this is an exactly what you're asking that what your view, I think some color is. The reason I can't answer this is, we don't look at any aggregate, we actually look at the detailed because it's much more important for to us to look at, buy iPhone model by country, what percentage going to our first iPhone buyers. Somebody that's never owned an iPhone before. And so if you look at China as an example, it's over 50% of people that bought 6 and 6 Plus were buying their first iPhone. As you move down the line, that numbers goes up. And so a 5s generally speaking is higher in most countries. And so, that gives a feel for very important market and we cannot where the numbers are.", "start": 1368, "labels": ["ANSWER"]}, "origin": "manual", "to_name": "text", "from_name": "label-intro"}, {"type": "labels", "value": {"end": 2106, "text": "Simona Jankowski", "start": 2089, "labels": ["ANALYST"]}, "origin": "manual", "to_name": "text", "from_name": "label-intro"}, {"type": "labels", "value": {"end": 2135, "text": ": Great. Thank you very much.", "start": 2107, "labels": ["QUESTION"]}, "origin": "manual", "to_name": "text", "from_name": "label-intro"}, {"type": "labels", "value": {"end": 2148, "text": "Nancy Paxton", "start": 2135, "labels": ["ANALYST"]}, "origin": "manual", "to_name": "text", "from_name": "label-intro"}, {"type": "labels", "value": {"end": 2207, "text": ": Thank you, Simona. Can we have the next question, please?", "start": 2149, "labels": ["QUESTION"]}, "origin": "manual", "to_name": "text", "from_name": "label-intro"}], "was_cancelled": false, "ground_truth": true, "created_at": "2022-02-04T10:03:51.624768Z", "updated_at": "2022-02-04T10:03:51.624773Z", "lead_time": null, "prediction": {}, "result_count": 0, "task": 17572, "parent_prediction": null, "parent_annotation": null}], "data": {"year": 2015, "company": "AAPL", "my_text": "\nOperator: From Goldman Sachs, we'll go to Simona Jankowski.\nSimona Jankowski: Hi. Thank you very much. Just is a follow-up to that last question and to put that in context, roughly what percent of the iPhone shipments come from shipments for the installed based versus from your user shipment?\nTim Cook: I don't know the answer of your question.\nSimona Jankowski: Okay. And then just a follow-up, as Luca mentioned, you had to make some adjustments to the pricing in various regions given the currency move we've had. What had been the response in terms of demand, I guess both in terms of units and revenues in some of these regions like Japan or India, parts of Europe where the local prices has to go up?\nLuca Maestri: Simona, we've made a number of price changes during the course of fiscal 2015. What we've seen in a normal of these markets, we've seen that iPhone sales have been very resilient and that shown in our growth rates. Most recently we've adjusted some prices around the world for the launch of iPhone 6s and 6s Plus. We are very positive about the safest trends around the world. It\u2019s a bit early to tell, because the phones have out there just for four weeks, so its bit early to tell there. Obviously when we increase prices around the world, it's normal to see some impact on sales rates, but so far we were encouraged by the response.\nTim Cook: Let me go back to your question. And this is an exactly what you're asking that what your view, I think some color is. The reason I can't answer this is, we don't look at any aggregate, we actually look at the detailed because it's much more important for to us to look at, buy iPhone model by country, what percentage going to our first iPhone buyers. Somebody that's never owned an iPhone before. And so if you look at China as an example, it's over 50% of people that bought 6 and 6 Plus were buying their first iPhone. As you move down the line, that numbers goes up. And so a 5s generally speaking is higher in most countries. And so, that gives a feel for very important market and we cannot where the numbers are.\nSimona Jankowski: Great. Thank you very much.\nNancy Paxton: Thank you, Simona. Can we have the next question, please?", "quarter": 4}}