{"id": 18881, "annotations": [{"id": 18984, "completed_by": 2, "result": [{"id": "GDy8GjalcA", "type": "labels", "value": {"end": 9, "text": "Operator", "start": 0, "labels": ["OPERATOR"]}, "origin": "manual", "to_name": "text", "from_name": "label-intro"}, {"id": "8rSp2eWl3C", "type": "labels", "value": {"end": 63, "text": " Mike Olson from Piper Jaffray has our next question.", "start": 10, "labels": ["INTRO"]}, "origin": "manual", "to_name": "text", "from_name": "label-intro"}, {"id": "dLhLUq4BVj", "type": "labels", "value": {"end": 74, "text": "Mike Olson", "start": 63, "labels": ["ANALYST"]}, "origin": "manual", "to_name": "text", "from_name": "label-intro"}, {"id": "W82UC0LLBQ", "type": "labels", "value": {"end": 727, "text": " Thanks for taking my question. So, you have more than 1.4 billion active devices and at your event you announced services that leverage that installed base. And you have obviously a remarkable position with kind of this Trojan horse of devices out in so many households. So, I guess, the question is and I know some of these services aren't even live yet but should we expect a continuation of the building out of new services categories like what we saw at the March event? Is there a pipeline of new services in the works? Or have we kind of seen what we're likely to see on that front for the near to intermediate term? And then I have a follow-up.", "start": 75, "labels": ["QUESTION"]}, "origin": "manual", "to_name": "text", "from_name": "label-intro"}, {"id": "Apd5bGE2LK", "type": "labels", "value": {"end": 736, "text": "Tim Cook", "start": 727, "labels": ["REPRESENTATIVE"]}, "origin": "manual", "to_name": "text", "from_name": "label-intro"}, {"id": "nTa-3OQZY6", "type": "labels", "value": {"end": 1196, "text": " Yes, I wouldn't want to get into announcing things on the call, but obviously, we're always working on new things. And -- but we're right now we're really focused on getting these four out there. We have the News+ in the market today. We'll have the Apple Arcade and the Apple TV+ products in the market in the fall and Apple Card will go out in the summer timeframe. And so we've got lots in front of us and we're very excited about getting these out there.", "start": 737, "labels": ["ANSWER"]}, "origin": "manual", "to_name": "text", "from_name": "label-intro"}, {"id": "5kegU2lBM6", "type": "labels", "value": {"end": 1207, "text": "Mike Olson", "start": 1196, "labels": ["ANALYST"]}, "origin": "manual", "to_name": "text", "from_name": "label-intro"}, {"id": "yheOoBw3mw", "type": "labels", "value": {"end": 1653, "text": " Right. And then you mentioned the App Store search ad business a couple of times in the prepared remarks. Is that reaching a point where it's become material and maybe moving the needle for overall services revenue? Or is there anything you can quantify related to that? I also imagine that this is a high-margin business at least maybe higher than the overall Services margin but wondering if you can confirm if that's the case or not. Thanks.", "start": 1208, "labels": ["QUESTION"]}, "origin": "manual", "to_name": "text", "from_name": "label-intro"}, {"id": "FfPoaJ0OuP", "type": "labels", "value": {"end": 1662, "text": "Tim Cook", "start": 1653, "labels": ["REPRESENTATIVE"]}, "origin": "manual", "to_name": "text", "from_name": "label-intro"}, {"id": "nVjwBbGTDz", "type": "labels", "value": {"end": 1956, "text": " It's growing very, very fast Mike. I think it was up around 70% over the previous year. We're expanding into new geographies as well and we still have more geographies out there that we think can move the dial further. So, it is a -- it's definitely a business that is big and getting bigger.", "start": 1663, "labels": ["ANSWER"]}, "origin": "manual", "to_name": "text", "from_name": "label-intro"}, {"id": "Ciyp9iA3ST", "type": "labels", "value": {"end": 1969, "text": "Nancy Paxton", "start": 1956, "labels": ["REPRESENTATIVE"]}, "origin": "manual", "to_name": "text", "from_name": "label-intro"}, {"id": "-T6RugqIA5", "type": "labels", "value": {"end": 2026, "text": " Thank you, Mike. Can we have the next question, please?", "start": 1970, "labels": ["ANSWER"]}, "origin": "manual", "to_name": "text", "from_name": "label-intro"}], "was_cancelled": false, "ground_truth": true, "created_at": "2022-02-04T10:25:35.350200Z", "updated_at": "2022-05-04T12:17:04.447939Z", "lead_time": 313.965, "prediction": {}, "result_count": 0, "task": 18881, "parent_prediction": null, "parent_annotation": null}], "data": {"year": 2019, "company": "AAPL", "my_text": "\nOperator: Mike Olson from Piper Jaffray has our next question.\nMike Olson: Thanks for taking my question. So, you have more than 1.4 billion active devices and at your event you announced services that leverage that installed base. And you have obviously a remarkable position with kind of this Trojan horse of devices out in so many households. So, I guess, the question is and I know some of these services aren't even live yet but should we expect a continuation of the building out of new services categories like what we saw at the March event? Is there a pipeline of new services in the works? Or have we kind of seen what we're likely to see on that front for the near to intermediate term? And then I have a follow-up.\nTim Cook: Yes, I wouldn't want to get into announcing things on the call, but obviously, we're always working on new things. And -- but we're right now we're really focused on getting these four out there. We have the News+ in the market today. We'll have the Apple Arcade and the Apple TV+ products in the market in the fall and Apple Card will go out in the summer timeframe. And so we've got lots in front of us and we're very excited about getting these out there.\nMike Olson: Right. And then you mentioned the App Store search ad business a couple of times in the prepared remarks. Is that reaching a point where it's become material and maybe moving the needle for overall services revenue? Or is there anything you can quantify related to that? I also imagine that this is a high-margin business at least maybe higher than the overall Services margin but wondering if you can confirm if that's the case or not. Thanks.\nTim Cook: It's growing very, very fast Mike. I think it was up around 70% over the previous year. We're expanding into new geographies as well and we still have more geographies out there that we think can move the dial further. So, it is a -- it's definitely a business that is big and getting bigger.\nNancy Paxton: Thank you, Mike. Can we have the next question, please?", "quarter": 2}}