{"id": 18845, "annotations": [{"id": 18948, "completed_by": 2, "result": [{"type": "labels", "value": {"end": 9, "text": "Operator", "start": 0, "labels": ["OPERATOR"]}, "origin": "manual", "to_name": "text", "from_name": "label-intro"}, {"type": "labels", "value": {"end": 45, "text": ": From Drexel Hamilton, Brian White.", "start": 10, "labels": ["INTRO"]}, "origin": "manual", "to_name": "text", "from_name": "label-intro"}, {"type": "labels", "value": {"end": 60, "text": "Brian J. White", "start": 45, "labels": ["ANALYST"]}, "origin": "manual", "to_name": "text", "from_name": "label-intro"}, {"type": "labels", "value": {"end": 330, "text": ": Yeah, Tim, I'm wondering if we take a look at mainland China and we think about iPhone 8 and iPhone 8 Plus, they've been on sale for a while now. What has been the just general response to those two new iPhones and also preorders around the iPhone X in mainland China?", "start": 61, "labels": ["QUESTION"]}, "origin": "manual", "to_name": "text", "from_name": "label-intro"}, {"type": "labels", "value": {"end": 346, "text": "Timothy D. Cook", "start": 330, "labels": ["REPRESENTATIVE"]}, "origin": "manual", "to_name": "text", "from_name": "label-intro"}, {"type": "labels", "value": {"end": 983, "text": ": Brian, I hate to repeat this, but we don't really disclose mix. We view it as competitive information that we want to hold tightly ourselves. In terms of the way the preorder process works in China in the channel, so not in our direct channel, but in the broader carrier channel and channel, they generally take indications of interest versus something that I would label a preorder. And so I would hesitate to even quote a number for fear it could be misconstrued. And we'll find out what the demand and where the supply and demand meet sometime in the future. I don't know when yet, but we're really excited to get going to find out.", "start": 347, "labels": ["ANSWER"]}, "origin": "manual", "to_name": "text", "from_name": "label-intro"}, {"type": "labels", "value": {"end": 998, "text": "Brian J. White", "start": 983, "labels": ["ANALYST"]}, "origin": "manual", "to_name": "text", "from_name": "label-intro"}, {"type": "labels", "value": {"end": 1324, "text": ": And, Tim, it's interesting that sales grew 16% sequentially. If you look at the past five years, sales were up 7% in the September quarter, so that's an average. Yet you didn't have all your iPhones in the market. So if you had to, what would you attribute that to? It's a pretty big disconnect, 16% versus an average of 7%.", "start": 999, "labels": ["QUESTION"]}, "origin": "manual", "to_name": "text", "from_name": "label-intro"}, {"type": "labels", "value": {"end": 1340, "text": "Timothy D. Cook", "start": 1324, "labels": ["REPRESENTATIVE"]}, "origin": "manual", "to_name": "text", "from_name": "label-intro"}, {"type": "labels", "value": {"end": 1891, "text": ": Our emerging market performance during the quarter was very strong. And if you take China out, it's even stronger. But you can see that China rebounded. And as I'd indicated before, the China rebound was broad based across the products. And so we just had a phenomenal quarter on iPad, on the Mac, on Services, on Apple Watch, on iPhone. I mean we're literally, we're firing on all cylinders. And so that's what, that and our new products give us great confidence headed into this holiday season that this is going to be the best holiday season yet.", "start": 1341, "labels": ["ANSWER"]}, "origin": "manual", "to_name": "text", "from_name": "label-intro"}, {"type": "labels", "value": {"end": 1904, "text": "Nancy Paxton", "start": 1891, "labels": ["REPRESENTATIVE"]}, "origin": "manual", "to_name": "text", "from_name": "label-intro"}, {"type": "labels", "value": {"end": 1923, "text": ": Thank you, Brian.", "start": 1905, "labels": ["ANSWER"]}, "origin": "manual", "to_name": "text", "from_name": "label-intro"}, {"type": "labels", "value": {"end": 1938, "text": "Brian J. White", "start": 1923, "labels": ["ANALYST"]}, "origin": "manual", "to_name": "text", "from_name": "label-intro"}, {"type": "labels", "value": {"end": 1950, "text": ": And, Tim -", "start": 1939, "labels": ["QUESTION"]}, "origin": "manual", "to_name": "text", "from_name": "label-intro"}, {"type": "labels", "value": {"end": 1963, "text": "Nancy Paxton", "start": 1950, "labels": ["REPRESENTATIVE"]}, "origin": "manual", "to_name": "text", "from_name": "label-intro"}, {"type": "labels", "value": {"end": 2543, "text": ": A replay of today's call will be available for two weeks on Apple Podcasts, as a webcast on apple.com/investor and via telephone. And the numbers for the telephone replay are 888-203-1112 or 719-457-0820, and please enter confirmation code 2484260. These replays will be available by approximate 5:00 p.m. Pacific Time today. Members of the press with additional questions can contact Kristin Huguet at 408-974-2414, and financial analysts can contact Joan Hoover or me with additional questions. Joan is at 408-974-4570, and I'm at 408-974-5420. Thank you again for joining us.", "start": 1964, "labels": ["ANSWER"]}, "origin": "manual", "to_name": "text", "from_name": "label-intro"}], "was_cancelled": false, "ground_truth": true, "created_at": "2022-02-04T10:25:35.346580Z", "updated_at": "2022-02-04T10:25:35.346586Z", "lead_time": null, "prediction": {}, "result_count": 0, "task": 18845, "parent_prediction": null, "parent_annotation": null}], "data": {"year": 2017, "company": "AAPL", "my_text": "\nOperator: From Drexel Hamilton, Brian White.\nBrian J. White: Yeah, Tim, I'm wondering if we take a look at mainland China and we think about iPhone 8 and iPhone 8 Plus, they've been on sale for a while now. What has been the just general response to those two new iPhones and also preorders around the iPhone X in mainland China?\nTimothy D. Cook: Brian, I hate to repeat this, but we don't really disclose mix. We view it as competitive information that we want to hold tightly ourselves. In terms of the way the preorder process works in China in the channel, so not in our direct channel, but in the broader carrier channel and channel, they generally take indications of interest versus something that I would label a preorder. And so I would hesitate to even quote a number for fear it could be misconstrued. And we'll find out what the demand and where the supply and demand meet sometime in the future. I don't know when yet, but we're really excited to get going to find out.\nBrian J. White: And, Tim, it's interesting that sales grew 16% sequentially. If you look at the past five years, sales were up 7% in the September quarter, so that's an average. Yet you didn't have all your iPhones in the market. So if you had to, what would you attribute that to? It's a pretty big disconnect, 16% versus an average of 7%.\nTimothy D. Cook: Our emerging market performance during the quarter was very strong. And if you take China out, it's even stronger. But you can see that China rebounded. And as I'd indicated before, the China rebound was broad based across the products. And so we just had a phenomenal quarter on iPad, on the Mac, on Services, on Apple Watch, on iPhone. I mean we're literally, we're firing on all cylinders. And so that's what, that and our new products give us great confidence headed into this holiday season that this is going to be the best holiday season yet.\nNancy Paxton: Thank you, Brian.\nBrian J. White: And, Tim -\nNancy Paxton: A replay of today's call will be available for two weeks on Apple Podcasts, as a webcast on apple.com/investor and via telephone. And the numbers for the telephone replay are 888-203-1112 or 719-457-0820, and please enter confirmation code 2484260. These replays will be available by approximate 5:00 p.m. Pacific Time today. Members of the press with additional questions can contact Kristin Huguet at 408-974-2414, and financial analysts can contact Joan Hoover or me with additional questions. Joan is at 408-974-4570, and I'm at 408-974-5420. Thank you again for joining us.", "quarter": 4}}