{"id": 17576, "annotations": [{"id": 17679, "completed_by": 2, "result": [{"type": "labels", "value": {"end": 9, "text": "Operator", "start": 0, "labels": ["OPERATOR"]}, "origin": "manual", "to_name": "text", "from_name": "label-intro"}, {"type": "labels", "value": {"end": 69, "text": ": And next from Piper Jaffray, we'll hear from Gene Munster.", "start": 10, "labels": ["INTRO"]}, "origin": "manual", "to_name": "text", "from_name": "label-intro"}, {"type": "labels", "value": {"end": 82, "text": "Gene Munster", "start": 69, "labels": ["ANALYST"]}, "origin": "manual", "to_name": "text", "from_name": "label-intro"}, {"type": "labels", "value": {"end": 628, "text": ": Good afternoon. Tim, could you talk a little bit about the iPhone upgrade program and the theme of iPhone as a subscription? In particular, do you believe that this could have a measurable impact on the December quarter once we anniversary this? And then any thoughts on rolled outside the U.S. when that program would. And I guess my follow-up question would be I know you can't talk about new products, but any high level thoughts on the virtual reality theme. Do you think this is more of a geeky niche or something that could go mainstream?", "start": 83, "labels": ["QUESTION"]}, "origin": "manual", "to_name": "text", "from_name": "label-intro"}, {"type": "labels", "value": {"end": 637, "text": "Tim Cook", "start": 628, "labels": ["REPRESENTATIVE"]}, "origin": "manual", "to_name": "text", "from_name": "label-intro"}, {"type": "labels", "value": {"end": 1522, "text": ": On your first question about iPhone, I think the most important thing, Gene, as you know for us, will always be the product and the experience. And so that's first and foremost. Secondly, I would say we were blown away by the level of Android switchers that we had last quarter. It was the highest ever by far. And so we see that as a huge opportunity. Thirdly, the markets, sort of the emerging markets broader than BRIC, but including all of emerging, when I look at our share in these markets and the LTE penetration, I see huge opportunities. In terms of the upgrade program itself, I think over time, it will be meaningful as customers get into a different pattern. How much of that plays out in the Q1 of 2017 range is difficult to say. My own sense would be that the other items I've mentioned are probably more important but I am optimistic about the upgrade program as well.", "start": 638, "labels": ["ANSWER"]}, "origin": "manual", "to_name": "text", "from_name": "label-intro"}, {"type": "labels", "value": {"end": 1535, "text": "Gene Munster", "start": 1522, "labels": ["ANALYST"]}, "origin": "manual", "to_name": "text", "from_name": "label-intro"}, {"type": "labels", "value": {"end": 1562, "text": ": And then virtual reality?", "start": 1536, "labels": ["QUESTION"]}, "origin": "manual", "to_name": "text", "from_name": "label-intro"}, {"type": "labels", "value": {"end": 1571, "text": "Tim Cook", "start": 1562, "labels": ["REPRESENTATIVE"]}, "origin": "manual", "to_name": "text", "from_name": "label-intro"}, {"type": "labels", "value": {"end": 1716, "text": ": Yeah. In terms of virtual reality, no, I don't think it's a niche. I think it can be -- it's really cool and has some interesting applications.", "start": 1572, "labels": ["ANSWER"]}, "origin": "manual", "to_name": "text", "from_name": "label-intro"}, {"type": "labels", "value": {"end": 1729, "text": "Nancy Paxton", "start": 1716, "labels": ["ANALYST"]}, "origin": "manual", "to_name": "text", "from_name": "label-intro"}, {"type": "labels", "value": {"end": 1747, "text": ": Thank you, Gene.", "start": 1730, "labels": ["QUESTION"]}, "origin": "manual", "to_name": "text", "from_name": "label-intro"}, {"type": "labels", "value": {"end": 1760, "text": "Gene Munster", "start": 1747, "labels": ["ANALYST"]}, "origin": "manual", "to_name": "text", "from_name": "label-intro"}, {"type": "labels", "value": {"end": 1772, "text": ": Thank you.", "start": 1761, "labels": ["QUESTION"]}, "origin": "manual", "to_name": "text", "from_name": "label-intro"}, {"type": "labels", "value": {"end": 1785, "text": "Nancy Paxton", "start": 1772, "labels": ["ANALYST"]}, "origin": "manual", "to_name": "text", "from_name": "label-intro"}, {"type": "labels", "value": {"end": 1826, "text": ": Could we have the next question please?", "start": 1786, "labels": ["QUESTION"]}, "origin": "manual", "to_name": "text", "from_name": "label-intro"}], "was_cancelled": false, "ground_truth": true, "created_at": "2022-02-04T10:03:51.625153Z", "updated_at": "2022-02-04T10:03:51.625158Z", "lead_time": null, "prediction": {}, "result_count": 0, "task": 17576, "parent_prediction": null, "parent_annotation": null}], "data": {"year": 2016, "company": "AAPL", "my_text": "\nOperator: And next from Piper Jaffray, we'll hear from Gene Munster.\nGene Munster: Good afternoon. Tim, could you talk a little bit about the iPhone upgrade program and the theme of iPhone as a subscription? In particular, do you believe that this could have a measurable impact on the December quarter once we anniversary this? And then any thoughts on rolled outside the U.S. when that program would. And I guess my follow-up question would be I know you can't talk about new products, but any high level thoughts on the virtual reality theme. Do you think this is more of a geeky niche or something that could go mainstream?\nTim Cook: On your first question about iPhone, I think the most important thing, Gene, as you know for us, will always be the product and the experience. And so that's first and foremost. Secondly, I would say we were blown away by the level of Android switchers that we had last quarter. It was the highest ever by far. And so we see that as a huge opportunity. Thirdly, the markets, sort of the emerging markets broader than BRIC, but including all of emerging, when I look at our share in these markets and the LTE penetration, I see huge opportunities. In terms of the upgrade program itself, I think over time, it will be meaningful as customers get into a different pattern. How much of that plays out in the Q1 of 2017 range is difficult to say. My own sense would be that the other items I've mentioned are probably more important but I am optimistic about the upgrade program as well.\nGene Munster: And then virtual reality?\nTim Cook: Yeah. In terms of virtual reality, no, I don't think it's a niche. I think it can be -- it's really cool and has some interesting applications.\nNancy Paxton: Thank you, Gene.\nGene Munster: Thank you.\nNancy Paxton: Could we have the next question please?", "quarter": 1}}