{"id": 18848, "annotations": [{"id": 21346, "completed_by": 2, "result": [{"id": "meuxFeItMA", "type": "labels", "value": {"end": 63, "text": "Mike Olson from Piper Jaffray has our next question.", "start": 11, "labels": ["INTRO"]}, "origin": "manual", "to_name": "text", "from_name": "label-intro"}, {"id": "fV4PxnozCY", "type": "labels", "value": {"end": 9, "text": "Operator", "start": 1, "labels": ["OPERATOR"]}, "origin": "manual", "to_name": "text", "from_name": "label-intro"}, {"id": "KyhWrTTCH8", "type": "labels", "value": {"end": 63, "text": "Mike Olson from Piper Jaffray has our next question.", "start": 11, "labels": ["INTRO"]}, "origin": "manual", "to_name": "text", "from_name": "label-intro"}, {"id": "w8y-rlSSJS", "type": "labels", "value": {"end": 74, "text": "Mike Olson", "start": 64, "labels": ["ANALYST"]}, "origin": "manual", "to_name": "text", "from_name": "label-intro"}, {"id": "z50h2fU5pr", "type": "labels", "value": {"end": 643, "text": "I know you don't talk about future products, which is often presses to questions about future products and I'll give it a shot. When you think conceptually about the path for iPhone X Style devices going forward. Is there any reason the roadmap wouldn\u2019t consists of multiple devices as we\u2019ve seen with past iPhone upgrades? In other words, the 10 was unique amongst recent iPhone launches, because it's a singular device, potentially limiting the shots on go for upgrades given limited options. How do you think about that, going forward? And then I have a follow up.", "start": 76, "labels": ["QUESTION"]}, "origin": "manual", "to_name": "text", "from_name": "label-intro"}, {"id": "hvuVLj6mEx", "type": "labels", "value": {"end": 651, "text": "TimCook", "start": 644, "labels": ["REPRESENTATIVE"]}, "origin": "manual", "to_name": "text", "from_name": "label-intro"}, {"id": "qLR9nVtVPc", "type": "labels", "value": {"end": 1068, "text": "Mike, you did a good job of answering your question. I think at the beginning, we don\u2019t really comment on future products. But I would tell you that we\u2019re thrilled with the reception of iPhone X. And as we said when we launched it, we were setting up the next decade. And that is how we look at it. And so that's the reason it's chockfull of incredible innovation. And so you can bet that we're pulling that string.", "start": 653, "labels": ["ANSWER"]}, "origin": "manual", "to_name": "text", "from_name": "label-intro"}, {"id": "y5ScPUtRNZ", "type": "labels", "value": {"end": 1079, "text": "Mike Olson", "start": 1069, "labels": ["ANALYST"]}, "origin": "manual", "to_name": "text", "from_name": "label-intro"}, {"id": "tTNmvydrF0", "type": "labels", "value": {"end": 1519, "text": "And then how you're think about AR beyond iPhone? You've created the world's largest AR platform. You've got developers generating a wide variety of apps. I realized it's still early days. But do you see Apple as a provider of a larger ecosystem of AR-enabled device beyond iPhone and iPad in the coming years? Or should investors focus on the opportunity within your existing device portfolio for at least the foreseeable future? Thanks.", "start": 1081, "labels": ["QUESTION"]}, "origin": "manual", "to_name": "text", "from_name": "label-intro"}, {"id": "-Wx6wfyAAq", "type": "labels", "value": {"end": 1527, "text": "TimCook", "start": 1520, "labels": ["REPRESENTATIVE"]}, "origin": "manual", "to_name": "text", "from_name": "label-intro"}, {"id": "aV-8DLngyp", "type": "labels", "value": {"end": 2006, "text": "I see AR as being profound. I think, AR has the ability to amplify human performance instead of isolating humans. And so I am a huge, huge believer in AR. We put a lot of energy on AR removing very fast. We've gone from ARkit 1.0 to 1.5 in just a matter of months. I couldn't be happier with the rate and face of the developer community, how faster developing these things. And I don\u2019t want to say what we may do. But I could not be happier with how things are going right now.", "start": 1529, "labels": ["ANSWER"]}, "origin": "manual", "to_name": "text", "from_name": "label-intro"}], "was_cancelled": false, "ground_truth": false, "created_at": "2022-04-29T10:29:09.577669Z", "updated_at": "2022-04-29T10:29:09.577684Z", "lead_time": 13.582, "prediction": {}, "result_count": 0, "task": 18848, "parent_prediction": null, "parent_annotation": null}], "data": {"year": 2018, "company": "AAPL", "my_text": "\nOperator: Mike Olson from Piper Jaffray has our next question.\nMike Olson: I know you don't talk about future products, which is often presses to questions about future products and I'll give it a shot. When you think conceptually about the path for iPhone X Style devices going forward. Is there any reason the roadmap wouldn\u2019t consists of multiple devices as we\u2019ve seen with past iPhone upgrades? In other words, the 10 was unique amongst recent iPhone launches, because it's a singular device, potentially limiting the shots on go for upgrades given limited options. How do you think about that, going forward? And then I have a follow up.\nTimCook: Mike, you did a good job of answering your question. I think at the beginning, we don\u2019t really comment on future products. But I would tell you that we\u2019re thrilled with the reception of iPhone X. And as we said when we launched it, we were setting up the next decade. And that is how we look at it. And so that's the reason it's chockfull of incredible innovation. And so you can bet that we're pulling that string.\nMike Olson: And then how you're think about AR beyond iPhone? You've created the world's largest AR platform. You've got developers generating a wide variety of apps. I realized it's still early days. But do you see Apple as a provider of a larger ecosystem of AR-enabled device beyond iPhone and iPad in the coming years? Or should investors focus on the opportunity within your existing device portfolio for at least the foreseeable future? Thanks.\nTimCook: I see AR as being profound. I think, AR has the ability to amplify human performance instead of isolating humans. And so I am a huge, huge believer in AR. We put a lot of energy on AR removing very fast. We've gone from ARkit 1.0 to 1.5 in just a matter of months. I couldn't be happier with the rate and face of the developer community, how faster developing these things. And I don\u2019t want to say what we may do. But I could not be happier with how things are going right now.", "quarter": 1}}