{"id": 17594, "annotations": [{"id": 17697, "completed_by": 2, "result": [{"type": "labels", "value": {"end": 9, "text": "Operator", "start": 0, "labels": ["OPERATOR"]}, "origin": "manual", "to_name": "text", "from_name": "label-intro"}, {"type": "labels", "value": {"end": 56, "text": ": We'll go to Katy Huberty with Morgan Stanley.", "start": 10, "labels": ["INTRO"]}, "origin": "manual", "to_name": "text", "from_name": "label-intro"}, {"type": "labels", "value": {"end": 77, "text": "Kathryn Lynn Huberty", "start": 56, "labels": ["ANALYST"]}, "origin": "manual", "to_name": "text", "from_name": "label-intro"}, {"type": "labels", "value": {"end": 797, "text": ": Thank you. Luca, as it relates to gross margin, the guidance today is very similar to what you've provided over the last five years in terms of gross margin guidance in September versus June. And the variances that you walked through in response to Shannon's questions are very similar to the dynamics that you see in any September quarter. But there's an added factor this time around, which is you don't have the 4 million units of high-ASP, high-margin inventory drain in September like you did in the June quarter. So I guess I'd just push back and ask why gross margin guidance wouldn't be even better? Is it the more balanced NAND environment that Tim spoke to, or is there something else impacting the guidance?", "start": 78, "labels": ["QUESTION"]}, "origin": "manual", "to_name": "text", "from_name": "label-intro"}, {"type": "labels", "value": {"end": 810, "text": "Luca Maestri", "start": 797, "labels": ["REPRESENTATIVE"]}, "origin": "manual", "to_name": "text", "from_name": "label-intro"}, {"type": "labels", "value": {"end": 2133, "text": ": Katy, I've talked about these elements at a broad level. Of course, there are degrees of positive impact. We for example on the mix front, every cycle is slightly different on our product mix, and so that clearly has an impact on gross margins. And the other thing that we need to keep in mind as we step back for a second and now we've gone through a couple of cycles where the U.S. dollar has strengthened. And as you know, we work with our hedging program where we get protection from FX fluctuations in the short term. When these hedges roll off over time, we end up replacing them with new hedging contracts at spot rates. And so versus September of 2014, for example, the U.S. dollar has now strengthened on average against international currencies by about 15%. And I think we need to accept that now we're living in this stronger U.S. dollar environment. We've taken a lot of actions on the cost side, on the pricing side, and obviously with hedges. But we need to deal with this situation, and that's where we are right now. We feel that 37.5% to 38% given the new FX environment I think says a lot about all the work that we've done on the cost side to get there. Just to give you a sense, on a year-over-year basis, when I look at foreign exchange, that has an impact of almost 300 basis points on our margins.", "start": 811, "labels": ["ANSWER"]}, "origin": "manual", "to_name": "text", "from_name": "label-intro"}, {"type": "labels", "value": {"end": 2154, "text": "Kathryn Lynn Huberty", "start": 2133, "labels": ["ANALYST"]}, "origin": "manual", "to_name": "text", "from_name": "label-intro"}, {"type": "labels", "value": {"end": 2682, "text": ": Okay, thank you. And, Tim, can you speak to how you envision the upgrade rate of the iPhone installed base to play out over the next quarter or the next year? Somebody mentioned that U.S. carriers have reported really weak upgrade rates, not necessarily for iPhone, but across their installed base. The press is discussing only modest technology upgrades in your next iPhone cycle. And so those data points would lead investors to believe that the upgrade rate will be low, but curious if you have a different view. Thank you.", "start": 2155, "labels": ["QUESTION"]}, "origin": "manual", "to_name": "text", "from_name": "label-intro"}, {"type": "labels", "value": {"end": 2702, "text": "Timothy Donald Cook", "start": 2682, "labels": ["REPRESENTATIVE"]}, "origin": "manual", "to_name": "text", "from_name": "label-intro"}, {"type": "labels", "value": {"end": 4412, "text": ": I don't want to talk about phones that aren't announced. And so that aside, what we have seen in the past tense or current tense on the upgrade rate is that the iPhone upgrade rate for the iPhone 6S is very similar to the iPhone 5S. And I guess in retrospect, maybe that was a predictable thing, although we didn't predict it in the beginning. It took us a little time to realize that. The iPhone 6 was significantly higher than that, and so it likely accelerated upgrades that would have been in the current year ahead of those. And so what the future holds, we'll see. But I'm very optimistic about the future because I see so many signs that are positive. I see an installed base that has gotten incredibly large. I see a switcher rate that is the highest ever. I see the smartphone itself, led by iPhone, becoming even more instrumental and important to people's lives. It's becoming essential. And all of the things that are coming both in the fall, the things that we've announced that you can see with iOS 10, hopefully you're running by now with the beta, those and other things make it even more instrumental. And AI even makes it even more and more. As the phone becomes more and more your assistant, it's one of those that you're not going to leave without it. And so I see all of those things as vectors that are incredibly positive. I also really like what I've seen with the iPhone SE and the fact that it's opening the door to customers that we weren't reaching before and likely convincing some people to upgrade that wanted a smaller form factor but wanted to stay with iPhone, and so they were waiting for the iPhone SE. And so I see lots of positive things, and so that's how I look at it.", "start": 2703, "labels": ["ANSWER"]}, "origin": "manual", "to_name": "text", "from_name": "label-intro"}, {"type": "labels", "value": {"end": 4425, "text": "Nancy Paxton", "start": 4412, "labels": ["ANALYST"]}, "origin": "manual", "to_name": "text", "from_name": "label-intro"}, {"type": "labels", "value": {"end": 4483, "text": ": Thank you, Katy. Could we have the next question please?", "start": 4426, "labels": ["QUESTION"]}, "origin": "manual", "to_name": "text", "from_name": "label-intro"}], "was_cancelled": false, "ground_truth": true, "created_at": "2022-02-04T10:03:51.626818Z", "updated_at": "2022-02-04T10:03:51.626823Z", "lead_time": null, "prediction": {}, "result_count": 0, "task": 17594, "parent_prediction": null, "parent_annotation": null}], "data": {"year": 2016, "company": "AAPL", "my_text": "\nOperator: We'll go to Katy Huberty with Morgan Stanley.\nKathryn Lynn Huberty: Thank you. Luca, as it relates to gross margin, the guidance today is very similar to what you've provided over the last five years in terms of gross margin guidance in September versus June. And the variances that you walked through in response to Shannon's questions are very similar to the dynamics that you see in any September quarter. But there's an added factor this time around, which is you don't have the 4 million units of high-ASP, high-margin inventory drain in September like you did in the June quarter. So I guess I'd just push back and ask why gross margin guidance wouldn't be even better? Is it the more balanced NAND environment that Tim spoke to, or is there something else impacting the guidance?\nLuca Maestri: Katy, I've talked about these elements at a broad level. Of course, there are degrees of positive impact. We for example on the mix front, every cycle is slightly different on our product mix, and so that clearly has an impact on gross margins. And the other thing that we need to keep in mind as we step back for a second and now we've gone through a couple of cycles where the U.S. dollar has strengthened. And as you know, we work with our hedging program where we get protection from FX fluctuations in the short term. When these hedges roll off over time, we end up replacing them with new hedging contracts at spot rates. And so versus September of 2014, for example, the U.S. dollar has now strengthened on average against international currencies by about 15%. And I think we need to accept that now we're living in this stronger U.S. dollar environment. We've taken a lot of actions on the cost side, on the pricing side, and obviously with hedges. But we need to deal with this situation, and that's where we are right now. We feel that 37.5% to 38% given the new FX environment I think says a lot about all the work that we've done on the cost side to get there. Just to give you a sense, on a year-over-year basis, when I look at foreign exchange, that has an impact of almost 300 basis points on our margins.\nKathryn Lynn Huberty: Okay, thank you. And, Tim, can you speak to how you envision the upgrade rate of the iPhone installed base to play out over the next quarter or the next year? Somebody mentioned that U.S. carriers have reported really weak upgrade rates, not necessarily for iPhone, but across their installed base. The press is discussing only modest technology upgrades in your next iPhone cycle. And so those data points would lead investors to believe that the upgrade rate will be low, but curious if you have a different view. Thank you.\nTimothy Donald Cook: I don't want to talk about phones that aren't announced. And so that aside, what we have seen in the past tense or current tense on the upgrade rate is that the iPhone upgrade rate for the iPhone 6S is very similar to the iPhone 5S. And I guess in retrospect, maybe that was a predictable thing, although we didn't predict it in the beginning. It took us a little time to realize that. The iPhone 6 was significantly higher than that, and so it likely accelerated upgrades that would have been in the current year ahead of those. And so what the future holds, we'll see. But I'm very optimistic about the future because I see so many signs that are positive. I see an installed base that has gotten incredibly large. I see a switcher rate that is the highest ever. I see the smartphone itself, led by iPhone, becoming even more instrumental and important to people's lives. It's becoming essential. And all of the things that are coming both in the fall, the things that we've announced that you can see with iOS 10, hopefully you're running by now with the beta, those and other things make it even more instrumental. And AI even makes it even more and more. As the phone becomes more and more your assistant, it's one of those that you're not going to leave without it. And so I see all of those things as vectors that are incredibly positive. I also really like what I've seen with the iPhone SE and the fact that it's opening the door to customers that we weren't reaching before and likely convincing some people to upgrade that wanted a smaller form factor but wanted to stay with iPhone, and so they were waiting for the iPhone SE. And so I see lots of positive things, and so that's how I look at it.\nNancy Paxton: Thank you, Katy. Could we have the next question please?", "quarter": 3}}