{"id": 17593, "annotations": [{"id": 17696, "completed_by": 2, "result": [{"type": "labels", "value": {"end": 9, "text": "Operator", "start": 0, "labels": ["OPERATOR"]}, "origin": "manual", "to_name": "text", "from_name": "label-intro"}, {"type": "labels", "value": {"end": 54, "text": ": From UBS, we'll hear from Steve Milunovich.", "start": 10, "labels": ["INTRO"]}, "origin": "manual", "to_name": "text", "from_name": "label-intro"}, {"type": "labels", "value": {"end": 75, "text": "Steven M. Milunovich", "start": 54, "labels": ["ANALYST"]}, "origin": "manual", "to_name": "text", "from_name": "label-intro"}, {"type": "labels", "value": {"end": 709, "text": ": Great, thank you very much. Regarding your revenue guidance for September, it's up about 10% sequentially, which is clearly at the high end historically. So what can you tell us about the timing of the new iPhone model? Is that affecting this? You mentioned that 451 Research is finding business interest in phones, but their survey on consumers actually finds the lowest level of expectation for purchases in the next three months since 2008. You've seen the upgrade numbers from the carriers are quite low. So it seems like it's still a very tough demand environment. So where is the strength coming from in the September quarter?", "start": 76, "labels": ["QUESTION"]}, "origin": "manual", "to_name": "text", "from_name": "label-intro"}, {"type": "labels", "value": {"end": 729, "text": "Timothy Donald Cook", "start": 709, "labels": ["REPRESENTATIVE"]}, "origin": "manual", "to_name": "text", "from_name": "label-intro"}, {"type": "labels", "value": {"end": 1621, "text": ": Steve, we're not going to get into products or product transition. However, we've taken what we've learned from last quarter, and we did see a number of encouraging signs. Luca talked about the number of countries that we saw double-digit growth in during the quarter, from Japan to Brazil to India, some even stronger numbers than that in Russia. So there's a number of countries that we saw strong signals from that perspective. We also are very happy with the switcher rate that we saw, our highest ever recorded. And the number of switchers through the nine months are the highest absolute numbers that we've ever had. And so when we look at that and then we look at the things going on, on our other products and services, and we think Services will continue to grow very briskly. We've made our best estimate of where we think we'll come in, and that's $45.5 billion to $47.5 billion.", "start": 730, "labels": ["ANSWER"]}, "origin": "manual", "to_name": "text", "from_name": "label-intro"}, {"type": "labels", "value": {"end": 1642, "text": "Steven M. Milunovich", "start": 1621, "labels": ["ANALYST"]}, "origin": "manual", "to_name": "text", "from_name": "label-intro"}, {"type": "labels", "value": {"end": 2526, "text": ": Okay, fair enough. And as a follow-up, I wanted to ask you about your platform strategy. You talk about the four operating systems essentially as platforms, which I agree with. And it's just interesting to me because Apple has such a control over the vertical integration of your products, and yet you've somehow been able to grasp the openness that's required for platforms. And I think that's reflected in WWDC, as you pointed out, opening up APIs and so forth on messaging. And you made the case there for apps versus messaging and the anti-bot argument. I'm just curious. Is that the way \u2013 am I characterizing this roughly correctly in terms about how you think about the business? And how are you managing that internally in terms of having this vertically integrated somewhat closed view of the hardware and yet this pretty open platform where the value is created externally?", "start": 1643, "labels": ["QUESTION"]}, "origin": "manual", "to_name": "text", "from_name": "label-intro"}, {"type": "labels", "value": {"end": 2546, "text": "Timothy Donald Cook", "start": 2526, "labels": ["REPRESENTATIVE"]}, "origin": "manual", "to_name": "text", "from_name": "label-intro"}, {"type": "labels", "value": {"end": 3692, "text": ": We think to have a great platform you have to have a really healthy ecosystem. And so we're really proud of the developer community and the fact that developers are earning a lot more money in writing for iOS than other apps. We think that the best experience for users include apps, and so we want to do everything that we can do to continue building that. We now have over 2 million apps in the App Store and are more focused these days on discovery and other things to bring more great apps to the service because there are so many out there. And so that's what we're doing. The TV, and you didn't mention CarPlay, but these are trying to provide our users a seamless experience across all the different things that they do in their lives. And so that's the rationale for CarPlay. It's the rationale for why we're putting a huge investment in the home, making \u2013 really bringing home automation to life for people in a very simple and elegant way. It's the reason for Apple TV and what we're doing in the living room. And so all these things, all these things together are all about the user experience and making people's daily lives better.", "start": 2547, "labels": ["ANSWER"]}, "origin": "manual", "to_name": "text", "from_name": "label-intro"}, {"type": "labels", "value": {"end": 3713, "text": "Steven M. Milunovich", "start": 3692, "labels": ["ANALYST"]}, "origin": "manual", "to_name": "text", "from_name": "label-intro"}, {"type": "labels", "value": {"end": 3725, "text": ": Thank you.", "start": 3714, "labels": ["QUESTION"]}, "origin": "manual", "to_name": "text", "from_name": "label-intro"}, {"type": "labels", "value": {"end": 3738, "text": "Nancy Paxton", "start": 3725, "labels": ["ANALYST"]}, "origin": "manual", "to_name": "text", "from_name": "label-intro"}, {"type": "labels", "value": {"end": 3797, "text": ": Thank you, Steve. Could we have the next question please?", "start": 3739, "labels": ["QUESTION"]}, "origin": "manual", "to_name": "text", "from_name": "label-intro"}], "was_cancelled": false, "ground_truth": true, "created_at": "2022-02-04T10:03:51.626724Z", "updated_at": "2022-02-04T10:03:51.626729Z", "lead_time": null, "prediction": {}, "result_count": 0, "task": 17593, "parent_prediction": null, "parent_annotation": null}], "data": {"year": 2016, "company": "AAPL", "my_text": "\nOperator: From UBS, we'll hear from Steve Milunovich.\nSteven M. Milunovich: Great, thank you very much. Regarding your revenue guidance for September, it's up about 10% sequentially, which is clearly at the high end historically. So what can you tell us about the timing of the new iPhone model? Is that affecting this? You mentioned that 451 Research is finding business interest in phones, but their survey on consumers actually finds the lowest level of expectation for purchases in the next three months since 2008. You've seen the upgrade numbers from the carriers are quite low. So it seems like it's still a very tough demand environment. So where is the strength coming from in the September quarter?\nTimothy Donald Cook: Steve, we're not going to get into products or product transition. However, we've taken what we've learned from last quarter, and we did see a number of encouraging signs. Luca talked about the number of countries that we saw double-digit growth in during the quarter, from Japan to Brazil to India, some even stronger numbers than that in Russia. So there's a number of countries that we saw strong signals from that perspective. We also are very happy with the switcher rate that we saw, our highest ever recorded. And the number of switchers through the nine months are the highest absolute numbers that we've ever had. And so when we look at that and then we look at the things going on, on our other products and services, and we think Services will continue to grow very briskly. We've made our best estimate of where we think we'll come in, and that's $45.5 billion to $47.5 billion.\nSteven M. Milunovich: Okay, fair enough. And as a follow-up, I wanted to ask you about your platform strategy. You talk about the four operating systems essentially as platforms, which I agree with. And it's just interesting to me because Apple has such a control over the vertical integration of your products, and yet you've somehow been able to grasp the openness that's required for platforms. And I think that's reflected in WWDC, as you pointed out, opening up APIs and so forth on messaging. And you made the case there for apps versus messaging and the anti-bot argument. I'm just curious. Is that the way \u2013 am I characterizing this roughly correctly in terms about how you think about the business? And how are you managing that internally in terms of having this vertically integrated somewhat closed view of the hardware and yet this pretty open platform where the value is created externally?\nTimothy Donald Cook: We think to have a great platform you have to have a really healthy ecosystem. And so we're really proud of the developer community and the fact that developers are earning a lot more money in writing for iOS than other apps. We think that the best experience for users include apps, and so we want to do everything that we can do to continue building that. We now have over 2 million apps in the App Store and are more focused these days on discovery and other things to bring more great apps to the service because there are so many out there. And so that's what we're doing. The TV, and you didn't mention CarPlay, but these are trying to provide our users a seamless experience across all the different things that they do in their lives. And so that's the rationale for CarPlay. It's the rationale for why we're putting a huge investment in the home, making \u2013 really bringing home automation to life for people in a very simple and elegant way. It's the reason for Apple TV and what we're doing in the living room. And so all these things, all these things together are all about the user experience and making people's daily lives better.\nSteven M. Milunovich: Thank you.\nNancy Paxton: Thank you, Steve. Could we have the next question please?", "quarter": 3}}