{"id": 18882, "annotations": [{"id": 18985, "completed_by": 2, "result": [{"type": "labels", "value": {"end": 9, "text": "Operator", "start": 0, "labels": ["OPERATOR"]}, "origin": "manual", "to_name": "text", "from_name": "label-intro"}, {"type": "labels", "value": {"end": 84, "text": ": Our next question comes from Louis Miscioscia with Daiwa Capital Markets.", "start": 10, "labels": ["INTRO"]}, "origin": "manual", "to_name": "text", "from_name": "label-intro"}, {"type": "labels", "value": {"end": 101, "text": "Louis Miscioscia", "start": 84, "labels": ["ANALYST"]}, "origin": "manual", "to_name": "text", "from_name": "label-intro"}, {"type": "labels", "value": {"end": 473, "text": ": Okay and thank you for taking my question. Tim, when you look at the four things that you have announced. And I realize they have different dates when they're coming out but, which ones would you say over the next 12 months has the most potential to help your Services line? And then maybe, which one has the best long-term potential? And then, I have a quick follow-up.", "start": 102, "labels": ["QUESTION"]}, "origin": "manual", "to_name": "text", "from_name": "label-intro"}, {"type": "labels", "value": {"end": 482, "text": "Tim Cook", "start": 473, "labels": ["REPRESENTATIVE"]}, "origin": "manual", "to_name": "text", "from_name": "label-intro"}, {"type": "labels", "value": {"end": 1545, "text": ": We're going to wait until we get these things out. And what I can tell you right now is that the -- we're taking sort of consumer interest on the Apple Card and there's been a significant level of interest on that and we're excited. As you know the -- gaming is the top category on the App Store. And so the Apple Arcade will serve some of that market. And it serves it with a different kind of game, which we think will be great for developers and great for users. The TV+ product plays in a market where it's -- there's a huge move from the cable bundle to over the top. We think that most users are going to get multiple over-the-top products. And we're going to do our best to convince them that the Apple TV+ product should be one of them. And then, we're working very hard to get everyone to give Apple News+ a look. Because we think it's a very unique product. And I love magazines. And we have really wanted to support the publishers. And so, we're working very hard to -- at the -- but at the very beginning of the ramp there. We wouldn't do a service\u2026", "start": 483, "labels": ["ANSWER"]}, "origin": "manual", "to_name": "text", "from_name": "label-intro"}, {"type": "labels", "value": {"end": 1562, "text": "Louis Miscioscia", "start": 1545, "labels": ["ANALYST"]}, "origin": "manual", "to_name": "text", "from_name": "label-intro"}, {"type": "labels", "value": {"end": 1576, "text": ": Okay, great.", "start": 1563, "labels": ["QUESTION"]}, "origin": "manual", "to_name": "text", "from_name": "label-intro"}, {"type": "labels", "value": {"end": 1585, "text": "Tim Cook", "start": 1576, "labels": ["REPRESENTATIVE"]}, "origin": "manual", "to_name": "text", "from_name": "label-intro"}, {"type": "labels", "value": {"end": 1669, "text": ": \u2026that we didn't think could be meaningful. So that's sort of the way I look at it.", "start": 1586, "labels": ["ANSWER"]}, "origin": "manual", "to_name": "text", "from_name": "label-intro"}, {"type": "labels", "value": {"end": 1686, "text": "Louis Miscioscia", "start": 1669, "labels": ["ANALYST"]}, "origin": "manual", "to_name": "text", "from_name": "label-intro"}, {"type": "labels", "value": {"end": 1694, "text": ": Great.", "start": 1687, "labels": ["QUESTION"]}, "origin": "manual", "to_name": "text", "from_name": "label-intro"}, {"type": "labels", "value": {"end": 1703, "text": "Tim Cook", "start": 1694, "labels": ["REPRESENTATIVE"]}, "origin": "manual", "to_name": "text", "from_name": "label-intro"}, {"type": "labels", "value": {"end": 1732, "text": ": Yeah, these aren't hobbies.", "start": 1704, "labels": ["ANSWER"]}, "origin": "manual", "to_name": "text", "from_name": "label-intro"}, {"type": "labels", "value": {"end": 1749, "text": "Louis Miscioscia", "start": 1732, "labels": ["ANALYST"]}, "origin": "manual", "to_name": "text", "from_name": "label-intro"}, {"type": "labels", "value": {"end": 2118, "text": ": Okay. A quick follow-up on India, obviously market share there is well below China. I believe you're looking to start manufacturing there. But what's the -- obviously the potential could be huge but the market already seems to be pretty dominated on the Android side, so maybe if you could just talk about trying to really aggressively ramp up share there. Thank you.", "start": 1750, "labels": ["QUESTION"]}, "origin": "manual", "to_name": "text", "from_name": "label-intro"}, {"type": "labels", "value": {"end": 2127, "text": "Tim Cook", "start": 2118, "labels": ["REPRESENTATIVE"]}, "origin": "manual", "to_name": "text", "from_name": "label-intro"}, {"type": "labels", "value": {"end": 2973, "text": ": I think India is a very important market in the long-term. It's a challenging market in the short-term. But we're learning a lot. We have started manufacturing there which is very important to be able to serve the market in a reasonable way. And we're growing that capability there. And we would like to place retail stores there. And we're working with the government to seek approval to do that. And so, we plan on going in there with sort of all of our might. We've opened a developer, accelerator there, which we're very happy with some of the things coming out of there. It's a long-term play. It's not something that's going to be on overnight huge business. But I think the growth potential is phenomenal. It doesn't bother me that it's primarily Android business at the moment because that just means there's a lot of opportunity there.", "start": 2128, "labels": ["ANSWER"]}, "origin": "manual", "to_name": "text", "from_name": "label-intro"}, {"type": "labels", "value": {"end": 2986, "text": "Nancy Paxton", "start": 2973, "labels": ["REPRESENTATIVE"]}, "origin": "manual", "to_name": "text", "from_name": "label-intro"}, {"type": "labels", "value": {"end": 3580, "text": ": Thank you, Lou. A replay of today's call will be available for two weeks on Apple Podcasts as a webcast on Apple.com/investor and via telephone. And the numbers to the telephone replay are 888-203-1112 or 719-457-0820. Please enter confirmation code 7060604. And these replays will be available by approximately 5:00 PM Pacific Time today. Members of the press with additional questions can contact Kristin Huguet at 408-974-2414. And financial analysts can contact Matt Blake or me with additional questions. Matt is at 408-974-7406, and I'm at 408-974-5420. And thanks again for joining us.", "start": 2987, "labels": ["ANSWER"]}, "origin": "manual", "to_name": "text", "from_name": "label-intro"}], "was_cancelled": false, "ground_truth": true, "created_at": "2022-02-04T10:25:35.350311Z", "updated_at": "2022-02-04T10:25:35.350316Z", "lead_time": null, "prediction": {}, "result_count": 0, "task": 18882, "parent_prediction": null, "parent_annotation": null}], "data": {"year": 2019, "company": "AAPL", "my_text": "\nOperator: Our next question comes from Louis Miscioscia with Daiwa Capital Markets.\nLouis Miscioscia: Okay and thank you for taking my question. Tim, when you look at the four things that you have announced. And I realize they have different dates when they're coming out but, which ones would you say over the next 12 months has the most potential to help your Services line? And then maybe, which one has the best long-term potential? And then, I have a quick follow-up.\nTim Cook: We're going to wait until we get these things out. And what I can tell you right now is that the -- we're taking sort of consumer interest on the Apple Card and there's been a significant level of interest on that and we're excited. As you know the -- gaming is the top category on the App Store. And so the Apple Arcade will serve some of that market. And it serves it with a different kind of game, which we think will be great for developers and great for users. The TV+ product plays in a market where it's -- there's a huge move from the cable bundle to over the top. We think that most users are going to get multiple over-the-top products. And we're going to do our best to convince them that the Apple TV+ product should be one of them. And then, we're working very hard to get everyone to give Apple News+ a look. Because we think it's a very unique product. And I love magazines. And we have really wanted to support the publishers. And so, we're working very hard to -- at the -- but at the very beginning of the ramp there. We wouldn't do a service\u2026\nLouis Miscioscia: Okay, great.\nTim Cook: \u2026that we didn't think could be meaningful. So that's sort of the way I look at it.\nLouis Miscioscia: Great.\nTim Cook: Yeah, these aren't hobbies.\nLouis Miscioscia: Okay. A quick follow-up on India, obviously market share there is well below China. I believe you're looking to start manufacturing there. But what's the -- obviously the potential could be huge but the market already seems to be pretty dominated on the Android side, so maybe if you could just talk about trying to really aggressively ramp up share there. Thank you.\nTim Cook: I think India is a very important market in the long-term. It's a challenging market in the short-term. But we're learning a lot. We have started manufacturing there which is very important to be able to serve the market in a reasonable way. And we're growing that capability there. And we would like to place retail stores there. And we're working with the government to seek approval to do that. And so, we plan on going in there with sort of all of our might. We've opened a developer, accelerator there, which we're very happy with some of the things coming out of there. It's a long-term play. It's not something that's going to be on overnight huge business. But I think the growth potential is phenomenal. It doesn't bother me that it's primarily Android business at the moment because that just means there's a lot of opportunity there.\nNancy Paxton: Thank you, Lou. A replay of today's call will be available for two weeks on Apple Podcasts as a webcast on Apple.com/investor and via telephone. And the numbers to the telephone replay are 888-203-1112 or 719-457-0820. Please enter confirmation code 7060604. And these replays will be available by approximately 5:00 PM Pacific Time today. Members of the press with additional questions can contact Kristin Huguet at 408-974-2414. And financial analysts can contact Matt Blake or me with additional questions. Matt is at 408-974-7406, and I'm at 408-974-5420. And thanks again for joining us.", "quarter": 2}}