{"id": 18839, "annotations": [{"id": 18942, "completed_by": 2, "result": [{"type": "labels", "value": {"end": 9, "text": "Operator", "start": 0, "labels": ["OPERATOR"]}, "origin": "manual", "to_name": "text", "from_name": "label-intro"}, {"type": "labels", "value": {"end": 42, "text": ": From Piper Jaffray, Mike Olson.", "start": 10, "labels": ["INTRO"]}, "origin": "manual", "to_name": "text", "from_name": "label-intro"}, {"type": "labels", "value": {"end": 59, "text": "Michael J. Olson", "start": 42, "labels": ["ANALYST"]}, "origin": "manual", "to_name": "text", "from_name": "label-intro"}, {"type": "labels", "value": {"end": 265, "text": ": Good afternoon and congrats on a strong quarter. Is there any information you can provide on how iPhone X pre-orders compared to what you saw with iPhone 8 pre-orders? And then I have a follow-up as well.", "start": 60, "labels": ["QUESTION"]}, "origin": "manual", "to_name": "text", "from_name": "label-intro"}, {"type": "labels", "value": {"end": 281, "text": "Timothy D. Cook", "start": 265, "labels": ["REPRESENTATIVE"]}, "origin": "manual", "to_name": "text", "from_name": "label-intro"}, {"type": "labels", "value": {"end": 757, "text": ": Michael, we never go through mix, but I would share with you that the iPhone X orders are very strong for both direct customers and for our channel partners, which as you know, are lots of carriers throughout the world. And we couldn't be more excited to get underway. And I think as of a few minutes ago, the first sales started in Australia. And I'm told we had several hundred people waiting at the store in Sydney and I'm getting similar reports from across that region.", "start": 282, "labels": ["ANSWER"]}, "origin": "manual", "to_name": "text", "from_name": "label-intro"}, {"type": "labels", "value": {"end": 774, "text": "Michael J. Olson", "start": 757, "labels": ["ANALYST"]}, "origin": "manual", "to_name": "text", "from_name": "label-intro"}, {"type": "labels", "value": {"end": 1057, "text": ": All right. Thanks. And we're excited about augmented reality and from your perspective, and maybe from our perspective on the outside looking in, how do we gauge the success of AR and what are some of the applications of the technology that you're most excited about today? Thanks.", "start": 775, "labels": ["QUESTION"]}, "origin": "manual", "to_name": "text", "from_name": "label-intro"}, {"type": "labels", "value": {"end": 1073, "text": "Timothy D. Cook", "start": 1057, "labels": ["REPRESENTATIVE"]}, "origin": "manual", "to_name": "text", "from_name": "label-intro"}, {"type": "labels", "value": {"end": 2673, "text": ": Yes, it's a great question. The reason I'm so excited about AR is I view that it amplifies human performance instead of isolates humans. And so as you know, it's the mix of the virtual and the physical world and so it should be a help for humanity, not an isolation kind of thing for humanity. As I go through different countries as I've been traveling lately, and looking at some things in the market, other things that are coming, the very cool thing is they're all over the place. I see things that the consumer's going to love because it's going to change shopping. I see things that consumers will love on the gaming side and the entertainment side. I see business-related AR apps as well. They're going to be great for productivity and between small and large business. And I see apps that makes me want to go back to K-12 again and repeat my schooling because I think it changes the game in the classroom a lot. And so the real beauty here is that it's mainstream. And of course, Apple is the only company that could have brought this because it requires both hardware and software integration, and it requires sort of making a lot of \u2013 or giving the operating system update to many people at once. And the software team worked really hard to make that go back several versions of iPhone so that we sort of have hundreds of millions of enabled devices overnight. And so there's 1,000-plus in the App Store right now. I think this is very much like in 2008, when we fired the gun in the overall App Store. And so that's what it feels like to me, and I think it will just get bigger from here.", "start": 1074, "labels": ["ANSWER"]}, "origin": "manual", "to_name": "text", "from_name": "label-intro"}, {"type": "labels", "value": {"end": 2686, "text": "Nancy Paxton", "start": 2673, "labels": ["REPRESENTATIVE"]}, "origin": "manual", "to_name": "text", "from_name": "label-intro"}, {"type": "labels", "value": {"end": 2740, "text": ": Thanks, Mike. Can we have the next question, please?", "start": 2687, "labels": ["ANSWER"]}, "origin": "manual", "to_name": "text", "from_name": "label-intro"}], "was_cancelled": false, "ground_truth": true, "created_at": "2022-02-04T10:25:35.346019Z", "updated_at": "2022-02-04T10:25:35.346024Z", "lead_time": null, "prediction": {}, "result_count": 0, "task": 18839, "parent_prediction": null, "parent_annotation": null}], "data": {"year": 2017, "company": "AAPL", "my_text": "\nOperator: From Piper Jaffray, Mike Olson.\nMichael J. Olson: Good afternoon and congrats on a strong quarter. Is there any information you can provide on how iPhone X pre-orders compared to what you saw with iPhone 8 pre-orders? And then I have a follow-up as well.\nTimothy D. Cook: Michael, we never go through mix, but I would share with you that the iPhone X orders are very strong for both direct customers and for our channel partners, which as you know, are lots of carriers throughout the world. And we couldn't be more excited to get underway. And I think as of a few minutes ago, the first sales started in Australia. And I'm told we had several hundred people waiting at the store in Sydney and I'm getting similar reports from across that region.\nMichael J. Olson: All right. Thanks. And we're excited about augmented reality and from your perspective, and maybe from our perspective on the outside looking in, how do we gauge the success of AR and what are some of the applications of the technology that you're most excited about today? Thanks.\nTimothy D. Cook: Yes, it's a great question. The reason I'm so excited about AR is I view that it amplifies human performance instead of isolates humans. And so as you know, it's the mix of the virtual and the physical world and so it should be a help for humanity, not an isolation kind of thing for humanity. As I go through different countries as I've been traveling lately, and looking at some things in the market, other things that are coming, the very cool thing is they're all over the place. I see things that the consumer's going to love because it's going to change shopping. I see things that consumers will love on the gaming side and the entertainment side. I see business-related AR apps as well. They're going to be great for productivity and between small and large business. And I see apps that makes me want to go back to K-12 again and repeat my schooling because I think it changes the game in the classroom a lot. And so the real beauty here is that it's mainstream. And of course, Apple is the only company that could have brought this because it requires both hardware and software integration, and it requires sort of making a lot of \u2013 or giving the operating system update to many people at once. And the software team worked really hard to make that go back several versions of iPhone so that we sort of have hundreds of millions of enabled devices overnight. And so there's 1,000-plus in the App Store right now. I think this is very much like in 2008, when we fired the gun in the overall App Store. And so that's what it feels like to me, and I think it will just get bigger from here.\nNancy Paxton: Thanks, Mike. Can we have the next question, please?", "quarter": 4}}