{"id": 18854, "annotations": [{"id": 18957, "completed_by": 2, "result": [{"type": "labels", "value": {"end": 9, "text": "Operator", "start": 0, "labels": ["OPERATOR"]}, "origin": "manual", "to_name": "text", "from_name": "label-intro"}, {"type": "labels", "value": {"end": 45, "text": ": From Morgan Stanley, Katy Huberty.", "start": 10, "labels": ["INTRO"]}, "origin": "manual", "to_name": "text", "from_name": "label-intro"}, {"type": "labels", "value": {"end": 66, "text": "Kathryn Lynn Huberty", "start": 45, "labels": ["ANALYST"]}, "origin": "manual", "to_name": "text", "from_name": "label-intro"}, {"type": "labels", "value": {"end": 378, "text": ": Thank you. Good afternoon. The services growth acceleration is really the highlight this quarter in my mind. Can you talk about what the biggest drivers, whether it be products or regions that drove the acceleration and do you think that we can continue to see growth north of 30%? And then I have a follow-up.", "start": 67, "labels": ["QUESTION"]}, "origin": "manual", "to_name": "text", "from_name": "label-intro"}, {"type": "labels", "value": {"end": 398, "text": "Timothy Donald Cook", "start": 378, "labels": ["REPRESENTATIVE"]}, "origin": "manual", "to_name": "text", "from_name": "label-intro"}, {"type": "labels", "value": {"end": 1409, "text": ": Hi, Katy. It's Tim. The services grew 31%. We hit an all-time record at $9.2 billion, first time we cleared $9 billion. The great news about it is, it's not a single geo or a single service. If you look at it, each of the geos, the minimum was at 25%. So each of the geos did extremely well and we set records from the App Store to the Apple Music to iCloud to Apple Pay and more. And underneath that, if you look at the subscriptions, the number of subscriptions, I think I mentioned this in my comments, paid subscriptions had moved up over 100 million on a year-over-year basis to over 270 million by the end of the quarter. And so it's very broad-based in terms of type of service and geographic region. It's sort of exactly what we would like to see. In terms of forecasting moving forward, we've obviously made assumption for our guidance that Luca provided earlier and in terms of longer term, we're on target to our 2020 goal of doubling the services revenue of 2016 as we had talked about previously.", "start": 399, "labels": ["ANSWER"]}, "origin": "manual", "to_name": "text", "from_name": "label-intro"}, {"type": "labels", "value": {"end": 1430, "text": "Kathryn Lynn Huberty", "start": 1409, "labels": ["ANALYST"]}, "origin": "manual", "to_name": "text", "from_name": "label-intro"}, {"type": "labels", "value": {"end": 1774, "text": ": And it doesn't look like the threat of a trade war with China slowed down that business. In fact, growth accelerated. But anything anecdotally that you see in the business in recent weeks that would suggest that that is having an impact on demand and any actions that Apple is taking as a company to preempt any risk of tariffs going forward?", "start": 1431, "labels": ["QUESTION"]}, "origin": "manual", "to_name": "text", "from_name": "label-intro"}, {"type": "labels", "value": {"end": 1794, "text": "Timothy Donald Cook", "start": 1774, "labels": ["REPRESENTATIVE"]}, "origin": "manual", "to_name": "text", "from_name": "label-intro"}, {"type": "labels", "value": {"end": 2511, "text": ": Yeah, I think my own view is that China and the U.S. have this unavoidable mutuality where China only wins if the U.S. wins and the U.S. only wins if China wins and the world only wins if China and the U.S. win. And so I think there's lots of things that bind the countries together and I'm actually very optimistic. I think history shows us that countries that embrace openness and diversity do much, much better than the ones that are closed. And so I'm a big believer that the two countries together can both win and grow the pie, not just allocate it differently. And so that's our focus, and I'm optimistic that \u2013 I don't know every play by play that will happen, but over time, I think that view will prevail.", "start": 1795, "labels": ["ANSWER"]}, "origin": "manual", "to_name": "text", "from_name": "label-intro"}, {"type": "labels", "value": {"end": 2524, "text": "Nancy Paxton", "start": 2511, "labels": ["REPRESENTATIVE"]}, "origin": "manual", "to_name": "text", "from_name": "label-intro"}, {"type": "labels", "value": {"end": 2583, "text": ": Thank you, Katy. Could we have the next question, please?", "start": 2525, "labels": ["ANSWER"]}, "origin": "manual", "to_name": "text", "from_name": "label-intro"}], "was_cancelled": false, "ground_truth": true, "created_at": "2022-02-04T10:25:35.347554Z", "updated_at": "2022-02-04T10:25:35.347559Z", "lead_time": null, "prediction": {}, "result_count": 0, "task": 18854, "parent_prediction": null, "parent_annotation": null}], "data": {"year": 2018, "company": "AAPL", "my_text": "\nOperator: From Morgan Stanley, Katy Huberty.\nKathryn Lynn Huberty: Thank you. Good afternoon. The services growth acceleration is really the highlight this quarter in my mind. Can you talk about what the biggest drivers, whether it be products or regions that drove the acceleration and do you think that we can continue to see growth north of 30%? And then I have a follow-up.\nTimothy Donald Cook: Hi, Katy. It's Tim. The services grew 31%. We hit an all-time record at $9.2 billion, first time we cleared $9 billion. The great news about it is, it's not a single geo or a single service. If you look at it, each of the geos, the minimum was at 25%. So each of the geos did extremely well and we set records from the App Store to the Apple Music to iCloud to Apple Pay and more. And underneath that, if you look at the subscriptions, the number of subscriptions, I think I mentioned this in my comments, paid subscriptions had moved up over 100 million on a year-over-year basis to over 270 million by the end of the quarter. And so it's very broad-based in terms of type of service and geographic region. It's sort of exactly what we would like to see. In terms of forecasting moving forward, we've obviously made assumption for our guidance that Luca provided earlier and in terms of longer term, we're on target to our 2020 goal of doubling the services revenue of 2016 as we had talked about previously.\nKathryn Lynn Huberty: And it doesn't look like the threat of a trade war with China slowed down that business. In fact, growth accelerated. But anything anecdotally that you see in the business in recent weeks that would suggest that that is having an impact on demand and any actions that Apple is taking as a company to preempt any risk of tariffs going forward?\nTimothy Donald Cook: Yeah, I think my own view is that China and the U.S. have this unavoidable mutuality where China only wins if the U.S. wins and the U.S. only wins if China wins and the world only wins if China and the U.S. win. And so I think there's lots of things that bind the countries together and I'm actually very optimistic. I think history shows us that countries that embrace openness and diversity do much, much better than the ones that are closed. And so I'm a big believer that the two countries together can both win and grow the pie, not just allocate it differently. And so that's our focus, and I'm optimistic that \u2013 I don't know every play by play that will happen, but over time, I think that view will prevail.\nNancy Paxton: Thank you, Katy. Could we have the next question, please?", "quarter": 2}}