{"id": 17545, "annotations": [{"id": 17648, "completed_by": 2, "result": [{"type": "labels", "value": {"end": 9, "text": "Operator", "start": 0, "labels": ["OPERATOR"]}, "origin": "manual", "to_name": "text", "from_name": "label-intro"}, {"type": "labels", "value": {"end": 53, "text": ": From UBS we\u2019ll hear from Steve Milunovich.", "start": 10, "labels": ["INTRO"]}, "origin": "manual", "to_name": "text", "from_name": "label-intro"}, {"type": "labels", "value": {"end": 70, "text": "Steve Milunovich", "start": 53, "labels": ["ANALYST"]}, "origin": "manual", "to_name": "text", "from_name": "label-intro"}, {"type": "labels", "value": {"end": 313, "text": ": I wonder if you could address the mix of the iPhone 6 line. Specifically, how did the 6 Plus do? I don\u2019t know if you can give us a sense relative to total units, maybe geographic view, and also availability? Are you calling up on the 6 Plus?", "start": 71, "labels": ["QUESTION"]}, "origin": "manual", "to_name": "text", "from_name": "label-intro"}, {"type": "labels", "value": {"end": 322, "text": "Tim Cook", "start": 313, "labels": ["REPRESENTATIVE"]}, "origin": "manual", "to_name": "text", "from_name": "label-intro"}, {"type": "labels", "value": {"end": 881, "text": ": Steve, its Tim. We don\u2019t report out the precise mix. But what I can tell you is that iPhone 6 was the most popular iPhone last quarter, but I just believe to sell 74.5 million they were really all popular. And all did well. There is clearly a geographic difference where some geos would skew much higher on their preference to iPhone 6 Plus than other geos. And so it\u2019s something that is not consistent around the world. But both did incredibly well, and we\u2019re really proud of them, along with the iPhone 5S and 5C as well, which continues to in the lineup.", "start": 323, "labels": ["ANSWER"]}, "origin": "manual", "to_name": "text", "from_name": "label-intro"}, {"type": "labels", "value": {"end": 898, "text": "Steve Milunovich", "start": 881, "labels": ["ANALYST"]}, "origin": "manual", "to_name": "text", "from_name": "label-intro"}, {"type": "labels", "value": {"end": 1094, "text": ": Okay. And then could you update us in terms of the sell through relative to the reported numbers for the Phone, the Pad and your biggest plans to increase by roughly a week of channel inventory?", "start": 899, "labels": ["QUESTION"]}, "origin": "manual", "to_name": "text", "from_name": "label-intro"}, {"type": "labels", "value": {"end": 1103, "text": "Tim Cook", "start": 1094, "labels": ["REPRESENTATIVE"]}, "origin": "manual", "to_name": "text", "from_name": "label-intro"}, {"type": "labels", "value": {"end": 2262, "text": ": From an iPhone point of view, as I think Luca covered, our channel inventory decreased from the beginning of the quarter by 200,000 units, and that left us outside of our target range on the low -- outside the low end of the range to be specific. Just recently we became in supply demand balance on the 6 and 6 Plus in January. We were not able to reach a balanced state during our fiscal Q1. On iPad, we increased channel inventory by 1.1 million units from beginning of the quarter to end of the quarter. That compares to the previous year where we're increased to 2.1 million. Obviously, that inventory was required because of all the new products that we announced on iPad with the iPad Air 2 and the iPad Mini 3 in the October timeframe during the quarter. At the end of the quarter, we were within the target range of channel inventory on iPad. In terms of growing channel inventory, in particular on iPhone where we\u2019re outside of it, we wouldn\u2019t expect to see a large step function increase. We would expect it to occur more gradually over time than sort of all at once type of thing. But we don\u2019t guide to channel inventory specifically as you know.", "start": 1104, "labels": ["ANSWER"]}, "origin": "manual", "to_name": "text", "from_name": "label-intro"}, {"type": "labels", "value": {"end": 2275, "text": "Nancy Paxton", "start": 2262, "labels": ["ANALYST"]}, "origin": "manual", "to_name": "text", "from_name": "label-intro"}, {"type": "labels", "value": {"end": 2332, "text": ": Thank you, Steve. Can we have the next question please?", "start": 2276, "labels": ["QUESTION"]}, "origin": "manual", "to_name": "text", "from_name": "label-intro"}], "was_cancelled": false, "ground_truth": true, "created_at": "2022-02-04T10:03:51.622200Z", "updated_at": "2022-02-04T10:03:51.622205Z", "lead_time": null, "prediction": {}, "result_count": 0, "task": 17545, "parent_prediction": null, "parent_annotation": null}], "data": {"year": 2015, "company": "AAPL", "my_text": "\nOperator: From UBS we\u2019ll hear from Steve Milunovich.\nSteve Milunovich: I wonder if you could address the mix of the iPhone 6 line. Specifically, how did the 6 Plus do? I don\u2019t know if you can give us a sense relative to total units, maybe geographic view, and also availability? Are you calling up on the 6 Plus?\nTim Cook: Steve, its Tim. We don\u2019t report out the precise mix. But what I can tell you is that iPhone 6 was the most popular iPhone last quarter, but I just believe to sell 74.5 million they were really all popular. And all did well. There is clearly a geographic difference where some geos would skew much higher on their preference to iPhone 6 Plus than other geos. And so it\u2019s something that is not consistent around the world. But both did incredibly well, and we\u2019re really proud of them, along with the iPhone 5S and 5C as well, which continues to in the lineup.\nSteve Milunovich: Okay. And then could you update us in terms of the sell through relative to the reported numbers for the Phone, the Pad and your biggest plans to increase by roughly a week of channel inventory?\nTim Cook: From an iPhone point of view, as I think Luca covered, our channel inventory decreased from the beginning of the quarter by 200,000 units, and that left us outside of our target range on the low -- outside the low end of the range to be specific. Just recently we became in supply demand balance on the 6 and 6 Plus in January. We were not able to reach a balanced state during our fiscal Q1. On iPad, we increased channel inventory by 1.1 million units from beginning of the quarter to end of the quarter. That compares to the previous year where we're increased to 2.1 million. Obviously, that inventory was required because of all the new products that we announced on iPad with the iPad Air 2 and the iPad Mini 3 in the October timeframe during the quarter. At the end of the quarter, we were within the target range of channel inventory on iPad. In terms of growing channel inventory, in particular on iPhone where we\u2019re outside of it, we wouldn\u2019t expect to see a large step function increase. We would expect it to occur more gradually over time than sort of all at once type of thing. But we don\u2019t guide to channel inventory specifically as you know.\nNancy Paxton: Thank you, Steve. Can we have the next question please?", "quarter": 1}}