{"id": 17571, "annotations": [{"id": 17674, "completed_by": 2, "result": [{"type": "labels", "value": {"end": 9, "text": "Operator", "start": 0, "labels": ["OPERATOR"]}, "origin": "manual", "to_name": "text", "from_name": "label-intro"}, {"type": "labels", "value": {"end": 48, "text": ": We'll go to Steve Milunovich with UBS", "start": 10, "labels": ["INTRO"]}, "origin": "manual", "to_name": "text", "from_name": "label-intro"}, {"type": "labels", "value": {"end": 65, "text": "Steve Milunovich", "start": 48, "labels": ["ANALYST"]}, "origin": "manual", "to_name": "text", "from_name": "label-intro"}, {"type": "labels", "value": {"end": 904, "text": ": Thank you. Tim, I wanted to talk about the two sources of your iPhone demand selling to current customers and selling to new customers. In terms of selling to current customers you indicated about a third of the base is moved to the sixth line. As much as people talk about that been a huge upgrade cycle and what is the six has have incrementally, 33% not that a bigger number, I would have thought it would be bigger than that. Does this suggest that there is maybe more of a consistency to upgrading than the street perceives. And then on the other side in terms of new customers, just wanted clarity on the switcher number, are you saying that 30% of iPhone shipments in the quarter went to android switchers to IOS. And do you believe that you could actually have more new customers to Apple in fiscal 2016 than you had fiscal 2015.", "start": 66, "labels": ["QUESTION"]}, "origin": "manual", "to_name": "text", "from_name": "label-intro"}, {"type": "labels", "value": {"end": 913, "text": "Tim Cook", "start": 904, "labels": ["REPRESENTATIVE"]}, "origin": "manual", "to_name": "text", "from_name": "label-intro"}, {"type": "labels", "value": {"end": 3640, "text": ": There's a lot there. Let me start with the Android Switcher. What this means is that for customers to purchase an iPhone last quarter and replace the smartphone that 30% of those switched from an android device. And so there would have been some switchers on top of that from other operating systems, but obviously android is the largest one by far. And so that's what that means, and that number is the largest that we've ever recorded since we began measuring it three or so years ago. And so, it\u2019s a huge number, we're very, very proud of that number. In terms of 2016 versus 2015 new customers, it's hard to predict. I'm very happy with how we're doing. We're doing better than we've ever been doing. People -- I know there's a fixation on the upgrade rate. When I look at the upgrade rate, Steve, what I see is I feel good that it\u2019s a low number because that's low number means that there is 69% of the people that are out there prior to the iPhone 6 and 6 plus that haven't bother to upgrade this year. That's a large number. And so, I'd see that is opportunity. Do I think it has anything, does to length to consistency? I think part of it is and I believe that the iPhone upgrade plans that are out there as I've mentioned before it seems to me on the future. We'll tell it\u2019s true or not, but it seems to me it\u2019s going to act as a catalyst to accelerate some of this upgrades. And I think that's not something that we're going to see this quarter or next quarter, but it seems like it\u2019s going to happen beginning a year for now or so. It have begins to be \u2013 you've seen the plan. They look more and active like a subscription than they do like a purchase. And that's great for the customer because many of them want to upgrade on a frequent basis and they can do this very, very simply. In terms of new, I don't know, whether we'll more new or not. I can tell you that that's always our objective. We want to add a lot more people to the ecosystem and certainly if you look in the emerging markets, even like, nobody is asking about iPad on the call. But if you look at iPad as just an example, in China, 68% of the people that purchased an iPad it was the first tablet they've owned and 40% of those have never owned any Apple product. Just to go through one product with one set of number. I don't want to get through a bunch of numbers because it does contain the data than I don't want to share. But these are things that we're very focused on. And the first time buyer number is surprisingly strong. And keep in mind that we have a good history of bunch of people buy one Apple product, they have a great experience. They begin to look at other Apple products. And of course we makes they all work well together.", "start": 914, "labels": ["ANSWER"]}, "origin": "manual", "to_name": "text", "from_name": "label-intro"}, {"type": "labels", "value": {"end": 3657, "text": "Steve Milunovich", "start": 3640, "labels": ["ANALYST"]}, "origin": "manual", "to_name": "text", "from_name": "label-intro"}, {"type": "labels", "value": {"end": 3669, "text": ": Thank you.", "start": 3658, "labels": ["QUESTION"]}, "origin": "manual", "to_name": "text", "from_name": "label-intro"}, {"type": "labels", "value": {"end": 3682, "text": "Nancy Paxton", "start": 3669, "labels": ["ANALYST"]}, "origin": "manual", "to_name": "text", "from_name": "label-intro"}, {"type": "labels", "value": {"end": 3738, "text": ": Thank you, Steve. Could we have next question, please?", "start": 3683, "labels": ["QUESTION"]}, "origin": "manual", "to_name": "text", "from_name": "label-intro"}], "was_cancelled": false, "ground_truth": true, "created_at": "2022-02-04T10:03:51.624670Z", "updated_at": "2022-02-04T10:03:51.624675Z", "lead_time": null, "prediction": {}, "result_count": 0, "task": 17571, "parent_prediction": null, "parent_annotation": null}], "data": {"year": 2015, "company": "AAPL", "my_text": "\nOperator: We'll go to Steve Milunovich with UBS\nSteve Milunovich: Thank you. Tim, I wanted to talk about the two sources of your iPhone demand selling to current customers and selling to new customers. In terms of selling to current customers you indicated about a third of the base is moved to the sixth line. As much as people talk about that been a huge upgrade cycle and what is the six has have incrementally, 33% not that a bigger number, I would have thought it would be bigger than that. Does this suggest that there is maybe more of a consistency to upgrading than the street perceives. And then on the other side in terms of new customers, just wanted clarity on the switcher number, are you saying that 30% of iPhone shipments in the quarter went to android switchers to IOS. And do you believe that you could actually have more new customers to Apple in fiscal 2016 than you had fiscal 2015.\nTim Cook: There's a lot there. Let me start with the Android Switcher. What this means is that for customers to purchase an iPhone last quarter and replace the smartphone that 30% of those switched from an android device. And so there would have been some switchers on top of that from other operating systems, but obviously android is the largest one by far. And so that's what that means, and that number is the largest that we've ever recorded since we began measuring it three or so years ago. And so, it\u2019s a huge number, we're very, very proud of that number. In terms of 2016 versus 2015 new customers, it's hard to predict. I'm very happy with how we're doing. We're doing better than we've ever been doing. People -- I know there's a fixation on the upgrade rate. When I look at the upgrade rate, Steve, what I see is I feel good that it\u2019s a low number because that's low number means that there is 69% of the people that are out there prior to the iPhone 6 and 6 plus that haven't bother to upgrade this year. That's a large number. And so, I'd see that is opportunity. Do I think it has anything, does to length to consistency? I think part of it is and I believe that the iPhone upgrade plans that are out there as I've mentioned before it seems to me on the future. We'll tell it\u2019s true or not, but it seems to me it\u2019s going to act as a catalyst to accelerate some of this upgrades. And I think that's not something that we're going to see this quarter or next quarter, but it seems like it\u2019s going to happen beginning a year for now or so. It have begins to be \u2013 you've seen the plan. They look more and active like a subscription than they do like a purchase. And that's great for the customer because many of them want to upgrade on a frequent basis and they can do this very, very simply. In terms of new, I don't know, whether we'll more new or not. I can tell you that that's always our objective. We want to add a lot more people to the ecosystem and certainly if you look in the emerging markets, even like, nobody is asking about iPad on the call. But if you look at iPad as just an example, in China, 68% of the people that purchased an iPad it was the first tablet they've owned and 40% of those have never owned any Apple product. Just to go through one product with one set of number. I don't want to get through a bunch of numbers because it does contain the data than I don't want to share. But these are things that we're very focused on. And the first time buyer number is surprisingly strong. And keep in mind that we have a good history of bunch of people buy one Apple product, they have a great experience. They begin to look at other Apple products. And of course we makes they all work well together.\nSteve Milunovich: Thank you.\nNancy Paxton: Thank you, Steve. Could we have next question, please?", "quarter": 4}}