{"id": 18834, "annotations": [{"id": 18937, "completed_by": 2, "result": [{"type": "labels", "value": {"end": 9, "text": "Operator", "start": 0, "labels": ["OPERATOR"]}, "origin": "manual", "to_name": "text", "from_name": "label-intro"}, {"type": "labels", "value": {"end": 42, "text": ": Toni Sacconaghi with Bernstein.", "start": 10, "labels": ["INTRO"]}, "origin": "manual", "to_name": "text", "from_name": "label-intro"}, {"type": "labels", "value": {"end": 64, "text": "Antonio M. Sacconaghi", "start": 42, "labels": ["ANALYST"]}, "origin": "manual", "to_name": "text", "from_name": "label-intro"}, {"type": "labels", "value": {"end": 584, "text": ": Yes, thank you. I have one for Luca and one for Tim, please. Luca, typically in the fiscal Q4, Apple builds considerable iPhone channel inventory, like 2 million or 3 million units. You're starting from a very low point at the end of fiscal Q3, as you mentioned on the call, with the drawdown. As we think about what's embedded in your guidance for fiscal Q4 for channel inventory for iPhone, should we be expecting a normal seasonal build, or is it likely to be significantly higher given the very low starting point?", "start": 65, "labels": ["QUESTION"]}, "origin": "manual", "to_name": "text", "from_name": "label-intro"}, {"type": "labels", "value": {"end": 597, "text": "Luca Maestri", "start": 584, "labels": ["REPRESENTATIVE"]}, "origin": "manual", "to_name": "text", "from_name": "label-intro"}, {"type": "labels", "value": {"end": 1378, "text": ": As you know, Toni, we do not guide on channel inventory. We've never done that. We are providing a fairly wide range from a revenue standpoint, so obviously that also has an impact on potential channel inventory levels. One thing that I would tell you is that we feel very good about the performance of the business right now. We think that our Services business will continue to grow well. We've got a lot of momentum on iPad and Mac because we refreshed the lineups of those products. Watch and AirPods are doing incredibly well. We're getting a lot of positive customer feedback. And I think in general, even the performance in China, Tim has mentioned it. We think that the performance will continue to improve. So those are the drivers of our guidance range for the quarter.", "start": 598, "labels": ["ANSWER"]}, "origin": "manual", "to_name": "text", "from_name": "label-intro"}, {"type": "labels", "value": {"end": 1400, "text": "Antonio M. Sacconaghi", "start": 1378, "labels": ["ANALYST"]}, "origin": "manual", "to_name": "text", "from_name": "label-intro"}, {"type": "labels", "value": {"end": 2248, "text": ": Okay, thanks. Tim, I was wondering if you could maybe talk a little bit about two things that you mentioned in public before. One is television, which you have described as an area of intense interest, but I don't even think there was an update on Apple TV on this call. So perhaps you can talk to us about how you're thinking about content. I know you're doing some original content creation, and how that area is evolving in your thinking. And then recently you talked about how Apple is focusing on autonomous systems for automobiles. And there has been press reports that Apple has been testing autonomous vehicles for potentially up to a year. I was wondering if you could talk a little bit more about Apple's interest in autonomous vehicles and whether self-driving is really likely to be Apple's principal focus in the near to medium-term.", "start": 1401, "labels": ["QUESTION"]}, "origin": "manual", "to_name": "text", "from_name": "label-intro"}, {"type": "labels", "value": {"end": 2268, "text": "Timothy Donald Cook", "start": 2248, "labels": ["REPRESENTATIVE"]}, "origin": "manual", "to_name": "text", "from_name": "label-intro"}, {"type": "labels", "value": {"end": 3455, "text": ": On the first part of your question about original content, we have done some original content. It's focused on Apple Music. Currently, we have some more that's launching in a week or so that will be made available on Apple Music. The objective of this is really twofold. One is for our own learning, given that we're new in the video space in terms of creation. And two is to give the Apple Music subscriber some exclusive content and hopefully grow our subscriber base. And we've recently hired two great folks with lots of experience in creating content like Breaking Bad and The Crown and some really top-notch content. And so we'll see how this area goes, but it is still an area of great interest. In terms of autonomous systems, what we've said is that we are very focused on autonomous systems from a core technology point of view. We do have a large project going and are making a big investment in this. From our point of view, autonomy is the mother of all AI projects. And the autonomous systems can be used in a variety of ways and a vehicle is only one. But there are many different areas of it and I don't want to go any further with that. But thank you for the question.", "start": 2269, "labels": ["ANSWER"]}, "origin": "manual", "to_name": "text", "from_name": "label-intro"}, {"type": "labels", "value": {"end": 3468, "text": "Nancy Paxton", "start": 3455, "labels": ["REPRESENTATIVE"]}, "origin": "manual", "to_name": "text", "from_name": "label-intro"}, {"type": "labels", "value": {"end": 3527, "text": ": Thank you, Toni. Could we have the next question, please?", "start": 3469, "labels": ["ANSWER"]}, "origin": "manual", "to_name": "text", "from_name": "label-intro"}], "was_cancelled": false, "ground_truth": true, "created_at": "2022-02-04T10:25:35.345530Z", "updated_at": "2022-02-04T10:25:35.345535Z", "lead_time": null, "prediction": {}, "result_count": 0, "task": 18834, "parent_prediction": null, "parent_annotation": null}], "data": {"year": 2017, "company": "AAPL", "my_text": "\nOperator: Toni Sacconaghi with Bernstein.\nAntonio M. Sacconaghi: Yes, thank you. I have one for Luca and one for Tim, please. Luca, typically in the fiscal Q4, Apple builds considerable iPhone channel inventory, like 2 million or 3 million units. You're starting from a very low point at the end of fiscal Q3, as you mentioned on the call, with the drawdown. As we think about what's embedded in your guidance for fiscal Q4 for channel inventory for iPhone, should we be expecting a normal seasonal build, or is it likely to be significantly higher given the very low starting point?\nLuca Maestri: As you know, Toni, we do not guide on channel inventory. We've never done that. We are providing a fairly wide range from a revenue standpoint, so obviously that also has an impact on potential channel inventory levels. One thing that I would tell you is that we feel very good about the performance of the business right now. We think that our Services business will continue to grow well. We've got a lot of momentum on iPad and Mac because we refreshed the lineups of those products. Watch and AirPods are doing incredibly well. We're getting a lot of positive customer feedback. And I think in general, even the performance in China, Tim has mentioned it. We think that the performance will continue to improve. So those are the drivers of our guidance range for the quarter.\nAntonio M. Sacconaghi: Okay, thanks. Tim, I was wondering if you could maybe talk a little bit about two things that you mentioned in public before. One is television, which you have described as an area of intense interest, but I don't even think there was an update on Apple TV on this call. So perhaps you can talk to us about how you're thinking about content. I know you're doing some original content creation, and how that area is evolving in your thinking. And then recently you talked about how Apple is focusing on autonomous systems for automobiles. And there has been press reports that Apple has been testing autonomous vehicles for potentially up to a year. I was wondering if you could talk a little bit more about Apple's interest in autonomous vehicles and whether self-driving is really likely to be Apple's principal focus in the near to medium-term.\nTimothy Donald Cook: On the first part of your question about original content, we have done some original content. It's focused on Apple Music. Currently, we have some more that's launching in a week or so that will be made available on Apple Music. The objective of this is really twofold. One is for our own learning, given that we're new in the video space in terms of creation. And two is to give the Apple Music subscriber some exclusive content and hopefully grow our subscriber base. And we've recently hired two great folks with lots of experience in creating content like Breaking Bad and The Crown and some really top-notch content. And so we'll see how this area goes, but it is still an area of great interest. In terms of autonomous systems, what we've said is that we are very focused on autonomous systems from a core technology point of view. We do have a large project going and are making a big investment in this. From our point of view, autonomy is the mother of all AI projects. And the autonomous systems can be used in a variety of ways and a vehicle is only one. But there are many different areas of it and I don't want to go any further with that. But thank you for the question.\nNancy Paxton: Thank you, Toni. Could we have the next question, please?", "quarter": 3}}