{"id": 20340, "annotations": [{"id": 20728, "completed_by": 2, "result": [{"type": "labels", "value": {"end": 9, "text": "Operator", "start": 0, "labels": ["OPERATOR"]}, "origin": "manual", "to_name": "text", "from_name": "label-intro"}, {"type": "labels", "value": {"end": 64, "text": ": From Goldman Sachs, we'll hear from Simona Jankowski.", "start": 10, "labels": ["INTRO"]}, "origin": "manual", "to_name": "text", "from_name": "label-intro"}, {"type": "labels", "value": {"end": 84, "text": "Simona K. Jankowski", "start": 64, "labels": ["ANALYST"]}, "origin": "manual", "to_name": "text", "from_name": "label-intro"}, {"type": "labels", "value": {"end": 422, "text": ": Hi, thank you. I wanted to dig in a little bit more into the iPhone upside in the quarter with record revenues in every region except for Greater China. I think you touched on the percent of switchers in China. But can you give a little more color on the split of upgrades and switchers in some of the other regions and overall as well?", "start": 85, "labels": ["QUESTION"]}, "origin": "manual", "to_name": "text", "from_name": "label-intro"}, {"type": "labels", "value": {"end": 442, "text": "Timothy Donald Cook", "start": 422, "labels": ["REPRESENTATIVE"]}, "origin": "manual", "to_name": "text", "from_name": "label-intro"}, {"type": "labels", "value": {"end": 1217, "text": ": Simona, it's Tim. We did have an exceptional quarter with iPhone, and that was with the backdrop of not predicting the demand very well on the iPhone 7 Plus and therefore being in constraint on it through the quarter. If you look at the absolute number of upgraders, it was the highest that we've seen in any quarter. And if you look at the switcher number, it's the highest that we've seen in any quarter. If you look at the upgrade rate, it's similar to last year. However, I think the big asterisk \u2013 I share all this with you for transparency's sake. I would tell you that the way we look at this is in a quarter where you have a supply constraint, it's difficult to draw too many conclusions from it. But I wanted to share that with you anyway so you have the backdrop.", "start": 443, "labels": ["ANSWER"]}, "origin": "manual", "to_name": "text", "from_name": "label-intro"}, {"type": "labels", "value": {"end": 1237, "text": "Simona K. Jankowski", "start": 1217, "labels": ["ANALYST"]}, "origin": "manual", "to_name": "text", "from_name": "label-intro"}, {"type": "labels", "value": {"end": 1735, "text": ": Thank you, and then just one follow-up on China specifically. As your comps get easier this year, I was curious if you think you're going to be returning to growth in that region. And then just to give us the context, I know you talked about the 6% constant currency increase in revenue in Mainland China. But curious if you strip out the double-digit increase in iPad and MacBook and potentially the mix shift to the iPhone 7 Plus, I'm curious what underlying iPhone units did in Mainland China.", "start": 1238, "labels": ["QUESTION"]}, "origin": "manual", "to_name": "text", "from_name": "label-intro"}, {"type": "labels", "value": {"end": 1755, "text": "Timothy Donald Cook", "start": 1735, "labels": ["REPRESENTATIVE"]}, "origin": "manual", "to_name": "text", "from_name": "label-intro"}, {"type": "labels", "value": {"end": 2337, "text": ": That's a big question, and I don't have the answer in front of me. If you look at iPhone 7 Plus, it was the most popular Plus model that we've ever had. It set a unit record, so that I can share. In terms of how are we going to do, we don't provide guidance at the segment level. But sitting here today, for Q2, I wouldn't expect the year-over-year performance to be dramatically different than the year-over-year performance in Q1. The real comp really begins in the following quarter to a more significant degree, and we'll have to see how that plays out as we get closer to it.", "start": 1756, "labels": ["ANSWER"]}, "origin": "manual", "to_name": "text", "from_name": "label-intro"}, {"type": "labels", "value": {"end": 2357, "text": "Simona K. Jankowski", "start": 2337, "labels": ["ANALYST"]}, "origin": "manual", "to_name": "text", "from_name": "label-intro"}, {"type": "labels", "value": {"end": 2369, "text": ": Thank you.", "start": 2358, "labels": ["QUESTION"]}, "origin": "manual", "to_name": "text", "from_name": "label-intro"}, {"type": "labels", "value": {"end": 2389, "text": "Timothy Donald Cook", "start": 2369, "labels": ["REPRESENTATIVE"]}, "origin": "manual", "to_name": "text", "from_name": "label-intro"}, {"type": "labels", "value": {"end": 2395, "text": ": Yes.", "start": 2390, "labels": ["ANSWER"]}, "origin": "manual", "to_name": "text", "from_name": "label-intro"}, {"type": "labels", "value": {"end": 2408, "text": "Nancy Paxton", "start": 2395, "labels": ["REPRESENTATIVE"]}, "origin": "manual", "to_name": "text", "from_name": "label-intro"}, {"type": "labels", "value": {"end": 2469, "text": ": Thank you, Simona. Could we have the next question, please?", "start": 2409, "labels": ["ANSWER"]}, "origin": "manual", "to_name": "text", "from_name": "label-intro"}], "was_cancelled": false, "ground_truth": true, "created_at": "2022-03-20T08:53:40.743892Z", "updated_at": "2022-03-20T08:53:40.743910Z", "lead_time": null, "prediction": {}, "result_count": 0, "task": 20340, "parent_prediction": null, "parent_annotation": null}], "data": {"year": 2017, "company": "AAPL", "my_text": "\nOperator: From Goldman Sachs, we'll hear from Simona Jankowski.\nSimona K. Jankowski: Hi, thank you. I wanted to dig in a little bit more into the iPhone upside in the quarter with record revenues in every region except for Greater China. I think you touched on the percent of switchers in China. But can you give a little more color on the split of upgrades and switchers in some of the other regions and overall as well?\nTimothy Donald Cook: Simona, it's Tim. We did have an exceptional quarter with iPhone, and that was with the backdrop of not predicting the demand very well on the iPhone 7 Plus and therefore being in constraint on it through the quarter. If you look at the absolute number of upgraders, it was the highest that we've seen in any quarter. And if you look at the switcher number, it's the highest that we've seen in any quarter. If you look at the upgrade rate, it's similar to last year. However, I think the big asterisk \u2013 I share all this with you for transparency's sake. I would tell you that the way we look at this is in a quarter where you have a supply constraint, it's difficult to draw too many conclusions from it. But I wanted to share that with you anyway so you have the backdrop.\nSimona K. Jankowski: Thank you, and then just one follow-up on China specifically. As your comps get easier this year, I was curious if you think you're going to be returning to growth in that region. And then just to give us the context, I know you talked about the 6% constant currency increase in revenue in Mainland China. But curious if you strip out the double-digit increase in iPad and MacBook and potentially the mix shift to the iPhone 7 Plus, I'm curious what underlying iPhone units did in Mainland China.\nTimothy Donald Cook: That's a big question, and I don't have the answer in front of me. If you look at iPhone 7 Plus, it was the most popular Plus model that we've ever had. It set a unit record, so that I can share. In terms of how are we going to do, we don't provide guidance at the segment level. But sitting here today, for Q2, I wouldn't expect the year-over-year performance to be dramatically different than the year-over-year performance in Q1. The real comp really begins in the following quarter to a more significant degree, and we'll have to see how that plays out as we get closer to it.\nSimona K. Jankowski: Thank you.\nTimothy Donald Cook: Yes.\nNancy Paxton: Thank you, Simona. Could we have the next question, please?", "quarter": 1}}