{"id": 17573, "annotations": [{"id": 17676, "completed_by": 2, "result": [{"type": "labels", "value": {"end": 9, "text": "Operator", "start": 0, "labels": ["OPERATOR"]}, "origin": "manual", "to_name": "text", "from_name": "label-intro"}, {"type": "labels", "value": {"end": 68, "text": ": Next we'll go to Amit Daryanani with RBC Capital Markets.", "start": 10, "labels": ["INTRO"]}, "origin": "manual", "to_name": "text", "from_name": "label-intro"}, {"type": "labels", "value": {"end": 83, "text": "Amit Daryanani", "start": 68, "labels": ["ANALYST"]}, "origin": "manual", "to_name": "text", "from_name": "label-intro"}, {"type": "labels", "value": {"end": 530, "text": ": Thanks a lot. Good afternoon guys. Two questions from me as well. I guess, first could you talk about the gross margin dynamic as you go from September to December, the midpoint implies on 20 basis points. I think the last five years that's only happen once the gross margin is going down in fiscal Q1. Can you just talk about what the FX dynamic or what area the other headwinds that you think that implies gross margins being done in December?", "start": 84, "labels": ["QUESTION"]}, "origin": "manual", "to_name": "text", "from_name": "label-intro"}, {"type": "labels", "value": {"end": 539, "text": "Tim Cook", "start": 530, "labels": ["REPRESENTATIVE"]}, "origin": "manual", "to_name": "text", "from_name": "label-intro"}, {"type": "labels", "value": {"end": 1806, "text": ": Yes. Let me give you puts and takes for margins for the December quarter. On the positive side, of course as you mentioned that we would have positive leverage from the higher seasonal volumes. Also what we've seen over the last several quarters is a commodity environment that has been quite favorable and we expect it to remain favorable during the December quarter. On the other hand, of course we are launching a lot of new products. We\u2019ve launched some during September. We are launching some now and everything we launch new products, we make them better. We had features and new technology and these products when we launch and tend to have higher cost structures than the products what they replaced. We have a very good track record overtime to reduce those cost structures, but every time we introduce a new product that is a headwind at the beginning of the cycle for gross margin. While it\u2019s different from a year ago very significantly with the foreign exchange impact that we have mentioned before it remains a very significant headwind as I mentioned earlier to Tony I believe we are dealing with that to a combination of hedging, price realignments [ph] cost initiatives, but on a net basis foreign exchange we will clearly by a sequential headwind.", "start": 540, "labels": ["ANSWER"]}, "origin": "manual", "to_name": "text", "from_name": "label-intro"}, {"type": "labels", "value": {"end": 1821, "text": "Amit Daryanani", "start": 1806, "labels": ["ANALYST"]}, "origin": "manual", "to_name": "text", "from_name": "label-intro"}, {"type": "labels", "value": {"end": 2144, "text": ": Got it. And then Tim when you talk about seeing iPhone growth in fiscal Q1, I\u2019m curious is that statement more reflective of iPhone units or iPhone revenues so that the ASPs could hardly get growth even if units are not there. And then would you expect to exit within the 5 to 7 week optimal inventory range in fiscal Q1?", "start": 1822, "labels": ["QUESTION"]}, "origin": "manual", "to_name": "text", "from_name": "label-intro"}, {"type": "labels", "value": {"end": 2153, "text": "Tim Cook", "start": 2144, "labels": ["REPRESENTATIVE"]}, "origin": "manual", "to_name": "text", "from_name": "label-intro"}, {"type": "labels", "value": {"end": 2434, "text": ": I don\u2019t know that we will exit. We make that call late in the quarter as we see what the demand is because we are actually trying to position the inventory for the following quarter instead of the current quarter. And it\u2019s very difficult to predict. What was your other question?", "start": 2154, "labels": ["ANSWER"]}, "origin": "manual", "to_name": "text", "from_name": "label-intro"}, {"type": "labels", "value": {"end": 2449, "text": "Amit Daryanani", "start": 2434, "labels": ["ANALYST"]}, "origin": "manual", "to_name": "text", "from_name": "label-intro"}, {"type": "labels", "value": {"end": 2544, "text": ": I was just curious to your statement on iPhone growth in fiscal Q1, is that a reflection of\u2026.", "start": 2450, "labels": ["QUESTION"]}, "origin": "manual", "to_name": "text", "from_name": "label-intro"}, {"type": "labels", "value": {"end": 2553, "text": "Tim Cook", "start": 2544, "labels": ["REPRESENTATIVE"]}, "origin": "manual", "to_name": "text", "from_name": "label-intro"}, {"type": "labels", "value": {"end": 2660, "text": ": Is it revenue? I was making a revenue statement but units are also, yes we expect units to be up as well.", "start": 2554, "labels": ["ANSWER"]}, "origin": "manual", "to_name": "text", "from_name": "label-intro"}, {"type": "labels", "value": {"end": 2675, "text": "Amit Daryanani", "start": 2660, "labels": ["ANALYST"]}, "origin": "manual", "to_name": "text", "from_name": "label-intro"}, {"type": "labels", "value": {"end": 2687, "text": ": Thank you.", "start": 2676, "labels": ["QUESTION"]}, "origin": "manual", "to_name": "text", "from_name": "label-intro"}, {"type": "labels", "value": {"end": 2696, "text": "Tim Cook", "start": 2687, "labels": ["REPRESENTATIVE"]}, "origin": "manual", "to_name": "text", "from_name": "label-intro"}, {"type": "labels", "value": {"end": 2702, "text": ": Yes.", "start": 2697, "labels": ["ANSWER"]}, "origin": "manual", "to_name": "text", "from_name": "label-intro"}, {"type": "labels", "value": {"end": 2715, "text": "Nancy Paxton", "start": 2702, "labels": ["ANALYST"]}, "origin": "manual", "to_name": "text", "from_name": "label-intro"}, {"type": "labels", "value": {"end": 2771, "text": ": Thank you, Amit. Can we have the next question please?", "start": 2716, "labels": ["QUESTION"]}, "origin": "manual", "to_name": "text", "from_name": "label-intro"}], "was_cancelled": false, "ground_truth": true, "created_at": "2022-02-04T10:03:51.624879Z", "updated_at": "2022-02-04T10:03:51.624884Z", "lead_time": null, "prediction": {}, "result_count": 0, "task": 17573, "parent_prediction": null, "parent_annotation": null}], "data": {"year": 2015, "company": "AAPL", "my_text": "\nOperator: Next we'll go to Amit Daryanani with RBC Capital Markets.\nAmit Daryanani: Thanks a lot. Good afternoon guys. Two questions from me as well. I guess, first could you talk about the gross margin dynamic as you go from September to December, the midpoint implies on 20 basis points. I think the last five years that's only happen once the gross margin is going down in fiscal Q1. Can you just talk about what the FX dynamic or what area the other headwinds that you think that implies gross margins being done in December?\nTim Cook: Yes. Let me give you puts and takes for margins for the December quarter. On the positive side, of course as you mentioned that we would have positive leverage from the higher seasonal volumes. Also what we've seen over the last several quarters is a commodity environment that has been quite favorable and we expect it to remain favorable during the December quarter. On the other hand, of course we are launching a lot of new products. We\u2019ve launched some during September. We are launching some now and everything we launch new products, we make them better. We had features and new technology and these products when we launch and tend to have higher cost structures than the products what they replaced. We have a very good track record overtime to reduce those cost structures, but every time we introduce a new product that is a headwind at the beginning of the cycle for gross margin. While it\u2019s different from a year ago very significantly with the foreign exchange impact that we have mentioned before it remains a very significant headwind as I mentioned earlier to Tony I believe we are dealing with that to a combination of hedging, price realignments [ph] cost initiatives, but on a net basis foreign exchange we will clearly by a sequential headwind.\nAmit Daryanani: Got it. And then Tim when you talk about seeing iPhone growth in fiscal Q1, I\u2019m curious is that statement more reflective of iPhone units or iPhone revenues so that the ASPs could hardly get growth even if units are not there. And then would you expect to exit within the 5 to 7 week optimal inventory range in fiscal Q1?\nTim Cook: I don\u2019t know that we will exit. We make that call late in the quarter as we see what the demand is because we are actually trying to position the inventory for the following quarter instead of the current quarter. And it\u2019s very difficult to predict. What was your other question?\nAmit Daryanani: I was just curious to your statement on iPhone growth in fiscal Q1, is that a reflection of\u2026.\nTim Cook: Is it revenue? I was making a revenue statement but units are also, yes we expect units to be up as well.\nAmit Daryanani: Thank you.\nTim Cook: Yes.\nNancy Paxton: Thank you, Amit. Can we have the next question please?", "quarter": 4}}