{"id": 17580, "annotations": [{"id": 17683, "completed_by": 2, "result": [{"type": "labels", "value": {"end": 9, "text": "Operator", "start": 0, "labels": ["OPERATOR"]}, "origin": "manual", "to_name": "text", "from_name": "label-intro"}, {"type": "labels", "value": {"end": 53, "text": ": We'll hear from Steve Milunovich with UBS.", "start": 10, "labels": ["INTRO"]}, "origin": "manual", "to_name": "text", "from_name": "label-intro"}, {"type": "labels", "value": {"end": 66, "text": "Nancy Paxton", "start": 53, "labels": ["ANALYST"]}, "origin": "manual", "to_name": "text", "from_name": "label-intro"}, {"type": "labels", "value": {"end": 89, "text": ": Steve, are you there?", "start": 67, "labels": ["QUESTION"]}, "origin": "manual", "to_name": "text", "from_name": "label-intro"}, {"type": "labels", "value": {"end": 98, "text": "Tim Cook", "start": 89, "labels": ["REPRESENTATIVE"]}, "origin": "manual", "to_name": "text", "from_name": "label-intro"}, {"type": "labels", "value": {"end": 106, "text": ": Steve?", "start": 99, "labels": ["ANSWER"]}, "origin": "manual", "to_name": "text", "from_name": "label-intro"}, {"type": "labels", "value": {"end": 119, "text": "Nancy Paxton", "start": 106, "labels": ["ANALYST"]}, "origin": "manual", "to_name": "text", "from_name": "label-intro"}, {"type": "labels", "value": {"end": 161, "text": ": Let's go on to the next question please.", "start": 120, "labels": ["QUESTION"]}, "origin": "manual", "to_name": "text", "from_name": "label-intro"}], "was_cancelled": false, "ground_truth": true, "created_at": "2022-02-04T10:03:51.625526Z", "updated_at": "2022-02-04T10:03:51.625532Z", "lead_time": null, "prediction": {}, "result_count": 0, "task": 17580, "parent_prediction": null, "parent_annotation": null}], "data": {"year": 2016, "company": "AAPL", "my_text": "\nOperator: We'll hear from Steve Milunovich with UBS.\nNancy Paxton: Steve, are you there?\nTim Cook: Steve?\nNancy Paxton: Let's go on to the next question please.", "quarter": 1}}