{"id": 17596, "annotations": [{"id": 17699, "completed_by": 2, "result": [{"type": "labels", "value": {"end": 9, "text": "Operator", "start": 0, "labels": ["OPERATOR"]}, "origin": "manual", "to_name": "text", "from_name": "label-intro"}, {"type": "labels", "value": {"end": 48, "text": ": From Goldman Sachs, Simona Jankowski.", "start": 10, "labels": ["INTRO"]}, "origin": "manual", "to_name": "text", "from_name": "label-intro"}, {"type": "labels", "value": {"end": 68, "text": "Simona K. Jankowski", "start": 48, "labels": ["ANALYST"]}, "origin": "manual", "to_name": "text", "from_name": "label-intro"}, {"type": "labels", "value": {"end": 527, "text": ": Thank you. Tim, as you mentioned, you traveled to China during the quarter. And while you certainly sound encouraged on China and highlighted the Didi investment, there are some of the key services for Apple like iBooks and iTunes Movies that are still banned, and some of the local vendors appear to be gaining share. So can you just give us your perspective on the market, your expectations around getting those services back up, and also regaining share?", "start": 69, "labels": ["QUESTION"]}, "origin": "manual", "to_name": "text", "from_name": "label-intro"}, {"type": "labels", "value": {"end": 547, "text": "Timothy Donald Cook", "start": 527, "labels": ["REPRESENTATIVE"]}, "origin": "manual", "to_name": "text", "from_name": "label-intro"}, {"type": "labels", "value": {"end": 1114, "text": ": Yes, for books and movies, we currently have those stores off, as you mentioned. To put this in some context, those two stores for the months that we had them operational, which was several months, the revenue was less than $1 million. And so it's not a revenue-related issue. From our point of view, this is a service we want to provide our customers. And so we're working very closely with the appropriate government agencies, and we hope to make books and movies available again to our customers there. And so we'll see how that goes, but we're optimistic there.", "start": 548, "labels": ["ANSWER"]}, "origin": "manual", "to_name": "text", "from_name": "label-intro"}, {"type": "labels", "value": {"end": 1134, "text": "Simona K. Jankowski", "start": 1114, "labels": ["ANALYST"]}, "origin": "manual", "to_name": "text", "from_name": "label-intro"}, {"type": "labels", "value": {"end": 1201, "text": ": And in terms of just regaining share in that market more broadly?", "start": 1135, "labels": ["QUESTION"]}, "origin": "manual", "to_name": "text", "from_name": "label-intro"}, {"type": "labels", "value": {"end": 1221, "text": "Timothy Donald Cook", "start": 1201, "labels": ["REPRESENTATIVE"]}, "origin": "manual", "to_name": "text", "from_name": "label-intro"}, {"type": "labels", "value": {"end": 1659, "text": ": I think we've always had \u2013 if you look at our share over time, our share in China tends to peak during launch windows. There's a higher high and a lower low there. There's a bigger difference between those two. And so what we have to do and what we're doing is innovating like crazy and delivering the best smartphone to our customers there. And if we do a really great job of that, which we will, then I'm confident that we'll do well.", "start": 1222, "labels": ["ANSWER"]}, "origin": "manual", "to_name": "text", "from_name": "label-intro"}, {"type": "labels", "value": {"end": 1672, "text": "Nancy Paxton", "start": 1659, "labels": ["ANALYST"]}, "origin": "manual", "to_name": "text", "from_name": "label-intro"}, {"type": "labels", "value": {"end": 1733, "text": ": Thank you, Simona. Could we have the next question, please?", "start": 1673, "labels": ["QUESTION"]}, "origin": "manual", "to_name": "text", "from_name": "label-intro"}], "was_cancelled": false, "ground_truth": true, "created_at": "2022-02-04T10:03:51.627006Z", "updated_at": "2022-02-04T10:03:51.627012Z", "lead_time": null, "prediction": {}, "result_count": 0, "task": 17596, "parent_prediction": null, "parent_annotation": null}], "data": {"year": 2016, "company": "AAPL", "my_text": "\nOperator: From Goldman Sachs, Simona Jankowski.\nSimona K. Jankowski: Thank you. Tim, as you mentioned, you traveled to China during the quarter. And while you certainly sound encouraged on China and highlighted the Didi investment, there are some of the key services for Apple like iBooks and iTunes Movies that are still banned, and some of the local vendors appear to be gaining share. So can you just give us your perspective on the market, your expectations around getting those services back up, and also regaining share?\nTimothy Donald Cook: Yes, for books and movies, we currently have those stores off, as you mentioned. To put this in some context, those two stores for the months that we had them operational, which was several months, the revenue was less than $1 million. And so it's not a revenue-related issue. From our point of view, this is a service we want to provide our customers. And so we're working very closely with the appropriate government agencies, and we hope to make books and movies available again to our customers there. And so we'll see how that goes, but we're optimistic there.\nSimona K. Jankowski: And in terms of just regaining share in that market more broadly?\nTimothy Donald Cook: I think we've always had \u2013 if you look at our share over time, our share in China tends to peak during launch windows. There's a higher high and a lower low there. There's a bigger difference between those two. And so what we have to do and what we're doing is innovating like crazy and delivering the best smartphone to our customers there. And if we do a really great job of that, which we will, then I'm confident that we'll do well.\nNancy Paxton: Thank you, Simona. Could we have the next question, please?", "quarter": 3}}