{"id": 17605, "annotations": [{"id": 17708, "completed_by": 2, "result": [{"type": "labels", "value": {"end": 9, "text": "Operator", "start": 0, "labels": ["OPERATOR"]}, "origin": "manual", "to_name": "text", "from_name": "label-intro"}, {"type": "labels", "value": {"end": 49, "text": ": We'll go to Steve Milunovich with UBS.", "start": 10, "labels": ["INTRO"]}, "origin": "manual", "to_name": "text", "from_name": "label-intro"}, {"type": "labels", "value": {"end": 70, "text": "Steven M. Milunovich", "start": 49, "labels": ["ANALYST"]}, "origin": "manual", "to_name": "text", "from_name": "label-intro"}, {"type": "labels", "value": {"end": 470, "text": ": Thank you very much. Luca, I wanted ask you about the total deferred revenue which was down about $1.3 billion in June and I think down another $400 million in September. Those are rather large declines, even given the fact that your units are coming down and you had the accounting change back in September. Could you talk about some of the drivers of that and what you might expect going forward?", "start": 71, "labels": ["QUESTION"]}, "origin": "manual", "to_name": "text", "from_name": "label-intro"}, {"type": "labels", "value": {"end": 483, "text": "Luca Maestri", "start": 470, "labels": ["REPRESENTATIVE"]}, "origin": "manual", "to_name": "text", "from_name": "label-intro"}, {"type": "labels", "value": {"end": 1009, "text": ": Steve, you mentioned by far the largest driver. The largest driver is the fact that we made the change, an accounting change to our ESPs exactly a year ago. So we are lapping the year where you see the effect. I think you're not going to see the same thing going forward. And then we tend to defer some revenue on some other categories, like for example gift cards or some AppleCare, but in general by far the largest element is the change in ESPs. And again, I don't think you're going to see the same impact going forward.", "start": 484, "labels": ["ANSWER"]}, "origin": "manual", "to_name": "text", "from_name": "label-intro"}, {"type": "labels", "value": {"end": 1030, "text": "Steven M. Milunovich", "start": 1009, "labels": ["ANALYST"]}, "origin": "manual", "to_name": "text", "from_name": "label-intro"}, {"type": "labels", "value": {"end": 1755, "text": ": Okay. Thank you. And then, Tim, some investors are antsy that Apple has not acquired new profit pools or introduced a financially material new product in recent years. The question is, A, does Apple today have a grand strategy for what you want to do? I know you won't tell us what it us, but do you know what you want to do over the next three to maybe five years? Or is it more a read the market and quickly react? And B, do you have any sense that we're kind of in a gap period where the technology and arguably what we'd call the next job to be done haven't yet aligned? And so maybe in a couple years, we will see this flurry of new products and it'll sort of match what people want to do, but it's not quite here yet?", "start": 1031, "labels": ["QUESTION"]}, "origin": "manual", "to_name": "text", "from_name": "label-intro"}, {"type": "labels", "value": {"end": 1775, "text": "Timothy Donald Cook", "start": 1755, "labels": ["REPRESENTATIVE"]}, "origin": "manual", "to_name": "text", "from_name": "label-intro"}, {"type": "labels", "value": {"end": 1936, "text": ": We have the strongest pipeline that we've ever had and we're really confident about the things in it. But as usual, we're not going to talk about what's ahead.", "start": 1776, "labels": ["ANSWER"]}, "origin": "manual", "to_name": "text", "from_name": "label-intro"}, {"type": "labels", "value": {"end": 1957, "text": "Steven M. Milunovich", "start": 1936, "labels": ["ANALYST"]}, "origin": "manual", "to_name": "text", "from_name": "label-intro"}, {"type": "labels", "value": {"end": 2264, "text": ": But in terms of your approach I guess to new products, do you have a strong sense of where technology is going and where you're going to play? Or is it still enough up the year that you are willing to react fairly quickly, which arguably your organization allows you to do for the size of company you are?", "start": 1958, "labels": ["QUESTION"]}, "origin": "manual", "to_name": "text", "from_name": "label-intro"}, {"type": "labels", "value": {"end": 2284, "text": "Timothy Donald Cook", "start": 2264, "labels": ["REPRESENTATIVE"]}, "origin": "manual", "to_name": "text", "from_name": "label-intro"}, {"type": "labels", "value": {"end": 2372, "text": ": We have a strong sense of where things go and we're very agile to shift as we need to.", "start": 2285, "labels": ["ANSWER"]}, "origin": "manual", "to_name": "text", "from_name": "label-intro"}, {"type": "labels", "value": {"end": 2393, "text": "Steven M. Milunovich", "start": 2372, "labels": ["ANALYST"]}, "origin": "manual", "to_name": "text", "from_name": "label-intro"}, {"type": "labels", "value": {"end": 2411, "text": ": Okay. Thank you.", "start": 2394, "labels": ["QUESTION"]}, "origin": "manual", "to_name": "text", "from_name": "label-intro"}, {"type": "labels", "value": {"end": 2424, "text": "Nancy Paxton", "start": 2411, "labels": ["ANALYST"]}, "origin": "manual", "to_name": "text", "from_name": "label-intro"}, {"type": "labels", "value": {"end": 2481, "text": ": Thanks, Steve. Could we have the next question, please?", "start": 2425, "labels": ["QUESTION"]}, "origin": "manual", "to_name": "text", "from_name": "label-intro"}], "was_cancelled": false, "ground_truth": true, "created_at": "2022-02-04T10:03:51.627894Z", "updated_at": "2022-02-04T10:03:51.627900Z", "lead_time": null, "prediction": {}, "result_count": 0, "task": 17605, "parent_prediction": null, "parent_annotation": null}], "data": {"year": 2016, "company": "AAPL", "my_text": "\nOperator: We'll go to Steve Milunovich with UBS.\nSteven M. Milunovich: Thank you very much. Luca, I wanted ask you about the total deferred revenue which was down about $1.3 billion in June and I think down another $400 million in September. Those are rather large declines, even given the fact that your units are coming down and you had the accounting change back in September. Could you talk about some of the drivers of that and what you might expect going forward?\nLuca Maestri: Steve, you mentioned by far the largest driver. The largest driver is the fact that we made the change, an accounting change to our ESPs exactly a year ago. So we are lapping the year where you see the effect. I think you're not going to see the same thing going forward. And then we tend to defer some revenue on some other categories, like for example gift cards or some AppleCare, but in general by far the largest element is the change in ESPs. And again, I don't think you're going to see the same impact going forward.\nSteven M. Milunovich: Okay. Thank you. And then, Tim, some investors are antsy that Apple has not acquired new profit pools or introduced a financially material new product in recent years. The question is, A, does Apple today have a grand strategy for what you want to do? I know you won't tell us what it us, but do you know what you want to do over the next three to maybe five years? Or is it more a read the market and quickly react? And B, do you have any sense that we're kind of in a gap period where the technology and arguably what we'd call the next job to be done haven't yet aligned? And so maybe in a couple years, we will see this flurry of new products and it'll sort of match what people want to do, but it's not quite here yet?\nTimothy Donald Cook: We have the strongest pipeline that we've ever had and we're really confident about the things in it. But as usual, we're not going to talk about what's ahead.\nSteven M. Milunovich: But in terms of your approach I guess to new products, do you have a strong sense of where technology is going and where you're going to play? Or is it still enough up the year that you are willing to react fairly quickly, which arguably your organization allows you to do for the size of company you are?\nTimothy Donald Cook: We have a strong sense of where things go and we're very agile to shift as we need to.\nSteven M. Milunovich: Okay. Thank you.\nNancy Paxton: Thanks, Steve. Could we have the next question, please?", "quarter": 4}}