{"id": 17551, "annotations": [{"id": 17654, "completed_by": 2, "result": [{"type": "labels", "value": {"end": 9, "text": "Operator", "start": 0, "labels": ["OPERATOR"]}, "origin": "manual", "to_name": "text", "from_name": "label-intro"}, {"type": "labels", "value": {"end": 63, "text": ": From RBC Capital Markets we\u2019ll go to Amit Daryanani.", "start": 10, "labels": ["INTRO"]}, "origin": "manual", "to_name": "text", "from_name": "label-intro"}, {"type": "labels", "value": {"end": 78, "text": "Amit Daryanani", "start": 63, "labels": ["ANALYST"]}, "origin": "manual", "to_name": "text", "from_name": "label-intro"}, {"type": "labels", "value": {"end": 366, "text": ": I just have two questions. One maybe just on the gross margin side. I want to understand, the 100 basis points of headwind that you're talking about in the March quarter, is that sort of is -- there is some still protection on the hedges or is that a raw number with no hedges in place?", "start": 79, "labels": ["QUESTION"]}, "origin": "manual", "to_name": "text", "from_name": "label-intro"}, {"type": "labels", "value": {"end": 379, "text": "Luca Maestri", "start": 366, "labels": ["REPRESENTATIVE"]}, "origin": "manual", "to_name": "text", "from_name": "label-intro"}, {"type": "labels", "value": {"end": 790, "text": ": That\u2019s correct. I think its good clarification. I was talking about the net impact after the hedges. The impact without hedges would be higher. And again this is sequentially right. Because on a year-over-year basis actually the impact is larger, given the fact that currencies have moved during the last 12 months. But the 100 basis points that I quoted includes the mitigating impact of the hedging program.", "start": 380, "labels": ["ANSWER"]}, "origin": "manual", "to_name": "text", "from_name": "label-intro"}, {"type": "labels", "value": {"end": 805, "text": "Amit Daryanani", "start": 790, "labels": ["ANALYST"]}, "origin": "manual", "to_name": "text", "from_name": "label-intro"}, {"type": "labels", "value": {"end": 1143, "text": ": And just, when you think about the iPad and you talked about the IBM partnership where you're seeing some traction. Could you just talk about what sort of penetration do you guys think iPads have on an enterprise side right now and how do you see that improve over the next few quarters as you roll out the MobileFirst modules with IBM.", "start": 806, "labels": ["QUESTION"]}, "origin": "manual", "to_name": "text", "from_name": "label-intro"}, {"type": "labels", "value": {"end": 1152, "text": "Tim Cook", "start": 1143, "labels": ["REPRESENTATIVE"]}, "origin": "manual", "to_name": "text", "from_name": "label-intro"}, {"type": "labels", "value": {"end": 2434, "text": ": We think that what we know, that if you look at the Fortune 500 as an example, we\u2019re in essentially all of the Fortune 500 companies. So the issue is not that, and it\u2019s not a market share number, because our market share is extremely high. The issue is that enterprises, generally speaking are only deploying iPads to a small percentage of their workforce. And so the real opportunity is to bring mobility into the enterprises and change how people work. In order to do that, you obviously need apps that are written to specific jobs, not just apps that are general productivity apps like work processors and spreadsheets and presentation tools et cetera. And so that\u2019s one of the things that working with IBM provides us, is both that and the knowledge of the verticals, which they bring a significant amount of knowledge on all of the verticals that I mentioned earlier. And so where can we take that to? I think if we can really change the way people work, I think the opportunity is enormous. We\u2019re not hanging numbers out there to be measured on at this point, but we don\u2019t do a lot of big partnerships as you probably know. And so when we do one, it is significant and it\u2019s because we really believe in it, and we really believe in this one and what it can do for customers.", "start": 1153, "labels": ["ANSWER"]}, "origin": "manual", "to_name": "text", "from_name": "label-intro"}, {"type": "labels", "value": {"end": 2447, "text": "Nancy Paxton", "start": 2434, "labels": ["ANALYST"]}, "origin": "manual", "to_name": "text", "from_name": "label-intro"}, {"type": "labels", "value": {"end": 2502, "text": ": Thank you Amit. Can we have the next question please?", "start": 2448, "labels": ["QUESTION"]}, "origin": "manual", "to_name": "text", "from_name": "label-intro"}], "was_cancelled": false, "ground_truth": true, "created_at": "2022-02-04T10:03:51.622763Z", "updated_at": "2022-02-04T10:03:51.622768Z", "lead_time": null, "prediction": {}, "result_count": 0, "task": 17551, "parent_prediction": null, "parent_annotation": null}], "data": {"year": 2015, "company": "AAPL", "my_text": "\nOperator: From RBC Capital Markets we\u2019ll go to Amit Daryanani.\nAmit Daryanani: I just have two questions. One maybe just on the gross margin side. I want to understand, the 100 basis points of headwind that you're talking about in the March quarter, is that sort of is -- there is some still protection on the hedges or is that a raw number with no hedges in place?\nLuca Maestri: That\u2019s correct. I think its good clarification. I was talking about the net impact after the hedges. The impact without hedges would be higher. And again this is sequentially right. Because on a year-over-year basis actually the impact is larger, given the fact that currencies have moved during the last 12 months. But the 100 basis points that I quoted includes the mitigating impact of the hedging program.\nAmit Daryanani: And just, when you think about the iPad and you talked about the IBM partnership where you're seeing some traction. Could you just talk about what sort of penetration do you guys think iPads have on an enterprise side right now and how do you see that improve over the next few quarters as you roll out the MobileFirst modules with IBM.\nTim Cook: We think that what we know, that if you look at the Fortune 500 as an example, we\u2019re in essentially all of the Fortune 500 companies. So the issue is not that, and it\u2019s not a market share number, because our market share is extremely high. The issue is that enterprises, generally speaking are only deploying iPads to a small percentage of their workforce. And so the real opportunity is to bring mobility into the enterprises and change how people work. In order to do that, you obviously need apps that are written to specific jobs, not just apps that are general productivity apps like work processors and spreadsheets and presentation tools et cetera. And so that\u2019s one of the things that working with IBM provides us, is both that and the knowledge of the verticals, which they bring a significant amount of knowledge on all of the verticals that I mentioned earlier. And so where can we take that to? I think if we can really change the way people work, I think the opportunity is enormous. We\u2019re not hanging numbers out there to be measured on at this point, but we don\u2019t do a lot of big partnerships as you probably know. And so when we do one, it is significant and it\u2019s because we really believe in it, and we really believe in this one and what it can do for customers.\nNancy Paxton: Thank you Amit. Can we have the next question please?", "quarter": 1}}