{"id": 17559, "annotations": [{"id": 17662, "completed_by": 2, "result": [{"type": "labels", "value": {"end": 9, "text": "Operator", "start": 0, "labels": ["OPERATOR"]}, "origin": "manual", "to_name": "text", "from_name": "label-intro"}, {"type": "labels", "value": {"end": 64, "text": ": Next we\u2019ll go to Kulbinder Garcha with Credit Suisse.", "start": 10, "labels": ["INTRO"]}, "origin": "manual", "to_name": "text", "from_name": "label-intro"}, {"type": "labels", "value": {"end": 81, "text": "Kulbinder Garcha", "start": 64, "labels": ["ANALYST"]}, "origin": "manual", "to_name": "text", "from_name": "label-intro"}, {"type": "labels", "value": {"end": 698, "text": ": My first question is for Tim. Tim, on the point you made about the 20% of the [unintelligible] being on 6 or 6 plus, are we right in interpreting the comment that that\u2019s a substantially lower number than at this point in previous cycles? And that would, I guess, argue for just a longer period of growth as the [unintelligible] upgrades? And then also, linked to that, just by the points you\u2019re making on [unintelligible] iPhone users and [unintelligible] being higher, that number year on year, in the first six months, is really growing significantly year on year. Is that the right way to interpret that comment?", "start": 82, "labels": ["QUESTION"]}, "origin": "manual", "to_name": "text", "from_name": "label-intro"}, {"type": "labels", "value": {"end": 707, "text": "Tim Cook", "start": 698, "labels": ["REPRESENTATIVE"]}, "origin": "manual", "to_name": "text", "from_name": "label-intro"}, {"type": "labels", "value": {"end": 802, "text": ": I missed the second part of your question totally. Can you get a little closer to your phone?", "start": 708, "labels": ["ANSWER"]}, "origin": "manual", "to_name": "text", "from_name": "label-intro"}, {"type": "labels", "value": {"end": 819, "text": "Kulbinder Garcha", "start": 802, "labels": ["ANALYST"]}, "origin": "manual", "to_name": "text", "from_name": "label-intro"}, {"type": "labels", "value": {"end": 1037, "text": ": Oh, sorry, yes. My second part of my question is, in the first six months of the 6 plus, is the gross number of new users to Apple, whether it\u2019s new users or switches from Android, significantly growing year on year?", "start": 820, "labels": ["QUESTION"]}, "origin": "manual", "to_name": "text", "from_name": "label-intro"}, {"type": "labels", "value": {"end": 1046, "text": "Tim Cook", "start": 1037, "labels": ["REPRESENTATIVE"]}, "origin": "manual", "to_name": "text", "from_name": "label-intro"}, {"type": "labels", "value": {"end": 1635, "text": ": I don\u2019t have the comparisons in front of me, about the answers to either one of your questions. My understanding of what you asked was is the 20% number that I\u2019d mentioned in the question from Gene, how does it compare year over year, is it a lot different? I don\u2019t know the answer to that off the top of my head. As I look at the number, my point from bringing it up is that there\u2019s a lot of people that haven\u2019t upgraded to a 6 and 6 plus. And so as I look at that, it screams that there\u2019s significant opportunity there. And that\u2019s before thinking about switchers and first time buyers.", "start": 1047, "labels": ["ANSWER"]}, "origin": "manual", "to_name": "text", "from_name": "label-intro"}, {"type": "labels", "value": {"end": 1652, "text": "Kulbinder Garcha", "start": 1635, "labels": ["ANALYST"]}, "origin": "manual", "to_name": "text", "from_name": "label-intro"}, {"type": "labels", "value": {"end": 1967, "text": ": Okay great, and then Luca, just on the gross margin decline from the March quarter to June, I understand the currency point. I understand the iPhone\u2019s a little bit older. I guess of the iPhone and the watch impact, is the decline equally attributed to both those reasons, or is there something different going on?", "start": 1653, "labels": ["QUESTION"]}, "origin": "manual", "to_name": "text", "from_name": "label-intro"}, {"type": "labels", "value": {"end": 1980, "text": "Luca Maestri", "start": 1967, "labels": ["REPRESENTATIVE"]}, "origin": "manual", "to_name": "text", "from_name": "label-intro"}, {"type": "labels", "value": {"end": 2437, "text": ": Let me tell you, there are a number of reasons why our guidance for gross margins is lower than the actual for the second quarter. The first one is the loss of leverage, because of the sequential decline in revenue. We got the foreign exchange, we got as you said, a lower iPhone mix. And we got the Apple Watch. I think we\u2019ll leave it at that, and we\u2019re not gonna get into more specifics. But those are the four reasons that drive the sequential decline.", "start": 1981, "labels": ["ANSWER"]}, "origin": "manual", "to_name": "text", "from_name": "label-intro"}], "was_cancelled": false, "ground_truth": true, "created_at": "2022-02-04T10:03:51.623496Z", "updated_at": "2022-02-04T10:03:51.623501Z", "lead_time": null, "prediction": {}, "result_count": 0, "task": 17559, "parent_prediction": null, "parent_annotation": null}], "data": {"year": 2015, "company": "AAPL", "my_text": "\nOperator: Next we\u2019ll go to Kulbinder Garcha with Credit Suisse.\nKulbinder Garcha: My first question is for Tim. Tim, on the point you made about the 20% of the [unintelligible] being on 6 or 6 plus, are we right in interpreting the comment that that\u2019s a substantially lower number than at this point in previous cycles? And that would, I guess, argue for just a longer period of growth as the [unintelligible] upgrades? And then also, linked to that, just by the points you\u2019re making on [unintelligible] iPhone users and [unintelligible] being higher, that number year on year, in the first six months, is really growing significantly year on year. Is that the right way to interpret that comment?\nTim Cook: I missed the second part of your question totally. Can you get a little closer to your phone?\nKulbinder Garcha: Oh, sorry, yes. My second part of my question is, in the first six months of the 6 plus, is the gross number of new users to Apple, whether it\u2019s new users or switches from Android, significantly growing year on year?\nTim Cook: I don\u2019t have the comparisons in front of me, about the answers to either one of your questions. My understanding of what you asked was is the 20% number that I\u2019d mentioned in the question from Gene, how does it compare year over year, is it a lot different? I don\u2019t know the answer to that off the top of my head. As I look at the number, my point from bringing it up is that there\u2019s a lot of people that haven\u2019t upgraded to a 6 and 6 plus. And so as I look at that, it screams that there\u2019s significant opportunity there. And that\u2019s before thinking about switchers and first time buyers.\nKulbinder Garcha: Okay great, and then Luca, just on the gross margin decline from the March quarter to June, I understand the currency point. I understand the iPhone\u2019s a little bit older. I guess of the iPhone and the watch impact, is the decline equally attributed to both those reasons, or is there something different going on?\nLuca Maestri: Let me tell you, there are a number of reasons why our guidance for gross margins is lower than the actual for the second quarter. The first one is the loss of leverage, because of the sequential decline in revenue. We got the foreign exchange, we got as you said, a lower iPhone mix. And we got the Apple Watch. I think we\u2019ll leave it at that, and we\u2019re not gonna get into more specifics. But those are the four reasons that drive the sequential decline.", "quarter": 2}}