{"id": 17554, "annotations": [{"id": 17657, "completed_by": 2, "result": [{"type": "labels", "value": {"end": 9, "text": "Operator", "start": 0, "labels": ["OPERATOR"]}, "origin": "manual", "to_name": "text", "from_name": "label-intro"}, {"type": "labels", "value": {"end": 61, "text": ": We\u2019ll hear from Katie Huberty with Morgan Stanley.", "start": 10, "labels": ["INTRO"]}, "origin": "manual", "to_name": "text", "from_name": "label-intro"}, {"type": "labels", "value": {"end": 75, "text": "Katie Huberty", "start": 61, "labels": ["ANALYST"]}, "origin": "manual", "to_name": "text", "from_name": "label-intro"}, {"type": "labels", "value": {"end": 281, "text": ": You\u2019ve said in the past that the watch may take longer to ramp given the new category and new interface to customers. Is that in fact playing out? Is the watch ramping slower than past product categories?", "start": 76, "labels": ["QUESTION"]}, "origin": "manual", "to_name": "text", "from_name": "label-intro"}, {"type": "labels", "value": {"end": 290, "text": "Tim Cook", "start": 281, "labels": ["REPRESENTATIVE"]}, "origin": "manual", "to_name": "text", "from_name": "label-intro"}, {"type": "labels", "value": {"end": 366, "text": ": Katie, when you use the word \u201cramp,\u201d I assume you\u2019re talking about supply?", "start": 291, "labels": ["ANSWER"]}, "origin": "manual", "to_name": "text", "from_name": "label-intro"}, {"type": "labels", "value": {"end": 380, "text": "Katie Huberty", "start": 366, "labels": ["ANALYST"]}, "origin": "manual", "to_name": "text", "from_name": "label-intro"}, {"type": "labels", "value": {"end": 529, "text": ": Yeah, preorders and first week in sales, and any other data points that you track in terms of interest versus, say, when the iPad launched in 2010.", "start": 381, "labels": ["QUESTION"]}, "origin": "manual", "to_name": "text", "from_name": "label-intro"}, {"type": "labels", "value": {"end": 538, "text": "Tim Cook", "start": 529, "labels": ["REPRESENTATIVE"]}, "origin": "manual", "to_name": "text", "from_name": "label-intro"}, {"type": "labels", "value": {"end": 2722, "text": ": Let me talk about supply and demand and sort of separate those two. Right now, demand is greater than supply. And so we\u2019re working hard to remedy that. We\u2019ve made progress over the last week or so, and we were able to deliver more customers an Apple Watch over the weekend than we had initially anticipated. We\u2019re going to keep doing that, and so we\u2019ve already sent some notes out today, moving the customers and versus what we had communicated to them previously. So I\u2019m generally happy that we\u2019re moving on with the ramp. It is a new product for us, and with any kind of new product, you wind up taking some time to fully ramp. Having said that, I think we\u2019re in a good position and by sometime in late June, we currently anticipate being in a position that we could begin to sell the Apple Watch in additional countries. And so that\u2019s our current plan. From a demand point of view, it\u2019s hard to gauge when you don\u2019t have product in stores and so forth. So we\u2019re filling orders completely online at the moment. The customer response from people that have gotten theirs over the weekend have been overwhelmingly positive, and we\u2019re far ahead of where we expected to be from an application point of view. To give you a comparison, when we launched the iPhone, we had about 500 apps that were ready. When we launched iPad, we had about a thousand. And so our internal goal was to be able to beat the thousand level, and we thought it would be great if we were able to do that by a little bit. And as I mentioned before, we now have over 3,500 apps in the App Store for the watch. And so we couldn\u2019t be happier about how things are going from that point of view. We are learning quickly about customer preferences between the different configurations. There\u2019s a much larger breadth of possibilities here for customers than in our other products. And in some cases, we called that well. In some cases, we\u2019re making adjustments to get in line with demand. But I\u2019m really confident that this is something we really understand how to do and will do. And so I\u2019m really happy where we are currently, and happy enough that we\u2019re looking forward to expanding into more countries in late June.", "start": 539, "labels": ["ANSWER"]}, "origin": "manual", "to_name": "text", "from_name": "label-intro"}, {"type": "labels", "value": {"end": 2736, "text": "Katie Huberty", "start": 2722, "labels": ["ANALYST"]}, "origin": "manual", "to_name": "text", "from_name": "label-intro"}, {"type": "labels", "value": {"end": 3096, "text": ": And then as a follow up, research and development spend continues to track well ahead of revenue growth. And that has happened for many quarters now. Can you talk about what\u2019s driving that? Is there a broader set of projects that you\u2019re working on? Are you making bigger bets, entering bigger markets? What\u2019s driving such a long period of elevated R&D spend?", "start": 2737, "labels": ["QUESTION"]}, "origin": "manual", "to_name": "text", "from_name": "label-intro"}, {"type": "labels", "value": {"end": 3109, "text": "Luca Maestri", "start": 3096, "labels": ["REPRESENTATIVE"]}, "origin": "manual", "to_name": "text", "from_name": "label-intro"}, {"type": "labels", "value": {"end": 4231, "text": ": Of course, we\u2019ve said this several times now. When you look at our current product portfolio, it is much broader than it used to be. We\u2019ve now developed two new iPhones over the year. We were not doing that a few years ago. Developed two iPads. And of course now we have the Apple Watch. We\u2019re also developing some core foundational technologies more in house now than we were in the past. And of course we\u2019re also spending ahead of some of the products that will generate revenues in the future. So when you combined all these factors, that is the reason why you see these research and development increases year over year. Research and development is the core of the company. Innovation is the core of the company. And we\u2019re very proud of the fact, when you look, for example, at the last two quarters, the first half of 2015, our revenue growth has been higher than our opex growth. And when you look at our expense to revenue ratio, which, for the first half of the year, has been 8.2%, it\u2019s lower than it was a year ago, and it\u2019s definitely something that we consider extremely competitive, and we\u2019re very proud of.", "start": 3110, "labels": ["ANSWER"]}, "origin": "manual", "to_name": "text", "from_name": "label-intro"}], "was_cancelled": false, "ground_truth": true, "created_at": "2022-02-04T10:03:51.623022Z", "updated_at": "2022-02-04T10:03:51.623028Z", "lead_time": null, "prediction": {}, "result_count": 0, "task": 17554, "parent_prediction": null, "parent_annotation": null}], "data": {"year": 2015, "company": "AAPL", "my_text": "\nOperator: We\u2019ll hear from Katie Huberty with Morgan Stanley.\nKatie Huberty: You\u2019ve said in the past that the watch may take longer to ramp given the new category and new interface to customers. Is that in fact playing out? Is the watch ramping slower than past product categories?\nTim Cook: Katie, when you use the word \u201cramp,\u201d I assume you\u2019re talking about supply?\nKatie Huberty: Yeah, preorders and first week in sales, and any other data points that you track in terms of interest versus, say, when the iPad launched in 2010.\nTim Cook: Let me talk about supply and demand and sort of separate those two. Right now, demand is greater than supply. And so we\u2019re working hard to remedy that. We\u2019ve made progress over the last week or so, and we were able to deliver more customers an Apple Watch over the weekend than we had initially anticipated. We\u2019re going to keep doing that, and so we\u2019ve already sent some notes out today, moving the customers and versus what we had communicated to them previously. So I\u2019m generally happy that we\u2019re moving on with the ramp. It is a new product for us, and with any kind of new product, you wind up taking some time to fully ramp. Having said that, I think we\u2019re in a good position and by sometime in late June, we currently anticipate being in a position that we could begin to sell the Apple Watch in additional countries. And so that\u2019s our current plan. From a demand point of view, it\u2019s hard to gauge when you don\u2019t have product in stores and so forth. So we\u2019re filling orders completely online at the moment. The customer response from people that have gotten theirs over the weekend have been overwhelmingly positive, and we\u2019re far ahead of where we expected to be from an application point of view. To give you a comparison, when we launched the iPhone, we had about 500 apps that were ready. When we launched iPad, we had about a thousand. And so our internal goal was to be able to beat the thousand level, and we thought it would be great if we were able to do that by a little bit. And as I mentioned before, we now have over 3,500 apps in the App Store for the watch. And so we couldn\u2019t be happier about how things are going from that point of view. We are learning quickly about customer preferences between the different configurations. There\u2019s a much larger breadth of possibilities here for customers than in our other products. And in some cases, we called that well. In some cases, we\u2019re making adjustments to get in line with demand. But I\u2019m really confident that this is something we really understand how to do and will do. And so I\u2019m really happy where we are currently, and happy enough that we\u2019re looking forward to expanding into more countries in late June.\nKatie Huberty: And then as a follow up, research and development spend continues to track well ahead of revenue growth. And that has happened for many quarters now. Can you talk about what\u2019s driving that? Is there a broader set of projects that you\u2019re working on? Are you making bigger bets, entering bigger markets? What\u2019s driving such a long period of elevated R&D spend?\nLuca Maestri: Of course, we\u2019ve said this several times now. When you look at our current product portfolio, it is much broader than it used to be. We\u2019ve now developed two new iPhones over the year. We were not doing that a few years ago. Developed two iPads. And of course now we have the Apple Watch. We\u2019re also developing some core foundational technologies more in house now than we were in the past. And of course we\u2019re also spending ahead of some of the products that will generate revenues in the future. So when you combined all these factors, that is the reason why you see these research and development increases year over year. Research and development is the core of the company. Innovation is the core of the company. And we\u2019re very proud of the fact, when you look, for example, at the last two quarters, the first half of 2015, our revenue growth has been higher than our opex growth. And when you look at our expense to revenue ratio, which, for the first half of the year, has been 8.2%, it\u2019s lower than it was a year ago, and it\u2019s definitely something that we consider extremely competitive, and we\u2019re very proud of.", "quarter": 2}}