{"id": 17579, "annotations": [{"id": 17682, "completed_by": 2, "result": [{"type": "labels", "value": {"end": 9, "text": "Operator", "start": 0, "labels": ["OPERATOR"]}, "origin": "manual", "to_name": "text", "from_name": "label-intro"}, {"type": "labels", "value": {"end": 46, "text": ": From Cross Research, Shannon Cross.", "start": 10, "labels": ["INTRO"]}, "origin": "manual", "to_name": "text", "from_name": "label-intro"}, {"type": "labels", "value": {"end": 60, "text": "Shannon Cross", "start": 46, "labels": ["ANALYST"]}, "origin": "manual", "to_name": "text", "from_name": "label-intro"}, {"type": "labels", "value": {"end": 509, "text": ": Thank you very much. I had a question about gross margin. Luca, you got gross margins of 39% to 39.5% in your guidance and that includes hedging. So, I'm curious about the puts or takes in there. And then can you clarify if within the gross margin this quarter that had the IP licensing contribution, as well? Any color you can give, both on this quarter's gross margin puts and takes, and then also the March quarter. And then I have a follow-up.", "start": 61, "labels": ["QUESTION"]}, "origin": "manual", "to_name": "text", "from_name": "label-intro"}, {"type": "labels", "value": {"end": 522, "text": "Luca Maestri", "start": 509, "labels": ["REPRESENTATIVE"]}, "origin": "manual", "to_name": "text", "from_name": "label-intro"}, {"type": "labels", "value": {"end": 1286, "text": ": Yes. So, -- certainly Shannon, let me start with Q1. I think when you say IP licensing; you mean this patent dispute that was resolved. Yes, it was included in the gross margins and it was worth 40 basis points in the 40.1% that we reported for Q1. For the second quarter, the puts and takes are actually quite simple. From an FX standpoint, the negative impact on a sequential basis from the December quarter is 50 basis points. Then of course, I would say by far the largest impact on margins for the quarter is the loss of leverage, because that's part of our seasonal pattern, which gets offset by a favorable commodity environment that we've seen for a number of quarters now. And in a way, it's the other side of the coin of the foreign exchange situation.", "start": 523, "labels": ["ANSWER"]}, "origin": "manual", "to_name": "text", "from_name": "label-intro"}, {"type": "labels", "value": {"end": 1300, "text": "Shannon Cross", "start": 1286, "labels": ["ANALYST"]}, "origin": "manual", "to_name": "text", "from_name": "label-intro"}, {"type": "labels", "value": {"end": 1762, "text": ": Okay. Thanks. And then Tim, can you talk a bit about -- and I apologize, I sort of lost my voice here. Can you talk a bit about leverage within the model? I know you said you want to invest while there's great opportunity in China and all of that. But given some of the pressures you're seeing, how do you think about where you spend that incremental SG&A dollar and that R&D dollar? And how should we think about it, given you're running $6 billion a quarter?", "start": 1301, "labels": ["QUESTION"]}, "origin": "manual", "to_name": "text", "from_name": "label-intro"}, {"type": "labels", "value": {"end": 1771, "text": "Tim Cook", "start": 1762, "labels": ["REPRESENTATIVE"]}, "origin": "manual", "to_name": "text", "from_name": "label-intro"}, {"type": "labels", "value": {"end": 3174, "text": ": Yeah, on the R&D, Shannon, we're continuing to invest without pause. We have some great things in the pipeline and we very much believe strongly in investing through downturns, such as the one that everyone is going through. In terms of SG&A, we obviously seek to throttle expenditures in SG&A to the business level, with the exception of where we're investing in new stores and, for example, our expansion plans in China have not changed. We are maintaining our investment profile and plans there. We are also continuing to invest in markets where we believe they are great places for Apple for the long-term, like India, as an example of that one. And finally, even in the markets where today, grandly, it looks fairly bleak, from Russia and Brazil and some of the other economies that are very much tied to our oil-based economies. We do believe that this, too, shall pass and that these countries will be great places and we want to serve customers in there and so we're not retrenching. That's not -- we don't believe in that. We fortunately are strong enough to continue investing and we think it's in Apple's best long-term interest to do so. Obviously, from a cost point of view, the downside of economic stress is that some asset prices get cheaper, commodity prices get cheaper, and that sort of thing. And so I think this is exactly the period that you want to invest and do so confidently.", "start": 1772, "labels": ["ANSWER"]}, "origin": "manual", "to_name": "text", "from_name": "label-intro"}, {"type": "labels", "value": {"end": 3188, "text": "Shannon Cross", "start": 3174, "labels": ["ANALYST"]}, "origin": "manual", "to_name": "text", "from_name": "label-intro"}, {"type": "labels", "value": {"end": 3200, "text": ": Thank you.", "start": 3189, "labels": ["QUESTION"]}, "origin": "manual", "to_name": "text", "from_name": "label-intro"}, {"type": "labels", "value": {"end": 3213, "text": "Nancy Paxton", "start": 3200, "labels": ["ANALYST"]}, "origin": "manual", "to_name": "text", "from_name": "label-intro"}, {"type": "labels", "value": {"end": 3274, "text": ": Thank you, Shannon. Could we have the next question please?", "start": 3214, "labels": ["QUESTION"]}, "origin": "manual", "to_name": "text", "from_name": "label-intro"}], "was_cancelled": false, "ground_truth": true, "created_at": "2022-02-04T10:03:51.625452Z", "updated_at": "2022-02-04T10:03:51.625462Z", "lead_time": null, "prediction": {}, "result_count": 0, "task": 17579, "parent_prediction": null, "parent_annotation": null}], "data": {"year": 2016, "company": "AAPL", "my_text": "\nOperator: From Cross Research, Shannon Cross.\nShannon Cross: Thank you very much. I had a question about gross margin. Luca, you got gross margins of 39% to 39.5% in your guidance and that includes hedging. So, I'm curious about the puts or takes in there. And then can you clarify if within the gross margin this quarter that had the IP licensing contribution, as well? Any color you can give, both on this quarter's gross margin puts and takes, and then also the March quarter. And then I have a follow-up.\nLuca Maestri: Yes. So, -- certainly Shannon, let me start with Q1. I think when you say IP licensing; you mean this patent dispute that was resolved. Yes, it was included in the gross margins and it was worth 40 basis points in the 40.1% that we reported for Q1. For the second quarter, the puts and takes are actually quite simple. From an FX standpoint, the negative impact on a sequential basis from the December quarter is 50 basis points. Then of course, I would say by far the largest impact on margins for the quarter is the loss of leverage, because that's part of our seasonal pattern, which gets offset by a favorable commodity environment that we've seen for a number of quarters now. And in a way, it's the other side of the coin of the foreign exchange situation.\nShannon Cross: Okay. Thanks. And then Tim, can you talk a bit about -- and I apologize, I sort of lost my voice here. Can you talk a bit about leverage within the model? I know you said you want to invest while there's great opportunity in China and all of that. But given some of the pressures you're seeing, how do you think about where you spend that incremental SG&A dollar and that R&D dollar? And how should we think about it, given you're running $6 billion a quarter?\nTim Cook: Yeah, on the R&D, Shannon, we're continuing to invest without pause. We have some great things in the pipeline and we very much believe strongly in investing through downturns, such as the one that everyone is going through. In terms of SG&A, we obviously seek to throttle expenditures in SG&A to the business level, with the exception of where we're investing in new stores and, for example, our expansion plans in China have not changed. We are maintaining our investment profile and plans there. We are also continuing to invest in markets where we believe they are great places for Apple for the long-term, like India, as an example of that one. And finally, even in the markets where today, grandly, it looks fairly bleak, from Russia and Brazil and some of the other economies that are very much tied to our oil-based economies. We do believe that this, too, shall pass and that these countries will be great places and we want to serve customers in there and so we're not retrenching. That's not -- we don't believe in that. We fortunately are strong enough to continue investing and we think it's in Apple's best long-term interest to do so. Obviously, from a cost point of view, the downside of economic stress is that some asset prices get cheaper, commodity prices get cheaper, and that sort of thing. And so I think this is exactly the period that you want to invest and do so confidently.\nShannon Cross: Thank you.\nNancy Paxton: Thank you, Shannon. Could we have the next question please?", "quarter": 1}}