{"id": 18351, "annotations": [{"id": 18454, "completed_by": 2, "result": [{"type": "labels", "value": {"end": 9, "text": "Operator", "start": 0, "labels": ["OPERATOR"]}, "origin": "manual", "to_name": "text", "from_name": "label-intro"}, {"type": "labels", "value": {"end": 123, "text": ": Thank you. Our next question comes from Colin Sebastian with Robert W. Baird. Please proceed with your question.", "start": 10, "labels": ["INTRO"]}, "origin": "manual", "to_name": "text", "from_name": "label-intro"}, {"type": "labels", "value": {"end": 144, "text": "Colin Alan Sebastian", "start": 123, "labels": ["ANALYST"]}, "origin": "manual", "to_name": "text", "from_name": "label-intro"}, {"type": "labels", "value": {"end": 625, "text": ": Great. Thank you. A question on the grocery category and the announcements that we have \u2013 that we heard recently. Specifically, does that imply that the strategy has changed around fresh, which was presumably replacing the trip to the grocery store? Or should we think about adding different modes such as pick up points and bricks and mortar as serving a distinct customer base or geared to reduce the cost bottleneck around home delivery? Any comments would be helpful. Thanks.", "start": 145, "labels": ["QUESTION"]}, "origin": "manual", "to_name": "text", "from_name": "label-intro"}, {"type": "labels", "value": {"end": 643, "text": "Brian T. Olsavsky", "start": 625, "labels": ["REPRESENTATIVE"]}, "origin": "manual", "to_name": "text", "from_name": "label-intro"}, {"type": "labels", "value": {"end": 1726, "text": ": Sure, Colin. First, as far as Whole Foods is concerned, as Darin mentioned, it's not included in this guidance since it hasn't closed yet, but we are excited about that acquisition and looking forward to working with the team at Whole Foods. We think they are very customer-centric, just like us. They've built a great business, focus around quality and customer. So we're really glad to join up with them. On your larger question about what the place of Amazon Fresh, likely Prime Now and some of our other efforts, I would say we believe there'll be no one solution, so we're experimenting with a number of the formats from physical pickup points in Amazon Go to online ordering and delivery to your door through Prime Now and Amazon Fresh. And we'll see how customers respond. We like the response that we've seen so far. We think it's a valuable \u2013 all those are valuable services, Amazon Go is not out of beta, but the other ones are. On top of that, we're looking forward to adding the Whole Foods team and their great reputation for quality customer service to this offering.", "start": 644, "labels": ["ANSWER"]}, "origin": "manual", "to_name": "text", "from_name": "label-intro"}], "was_cancelled": false, "ground_truth": true, "created_at": "2022-02-04T10:25:34.061500Z", "updated_at": "2022-02-04T10:25:34.061505Z", "lead_time": null, "prediction": {}, "result_count": 0, "task": 18351, "parent_prediction": null, "parent_annotation": null}], "data": {"year": 2017, "company": "AMZN", "my_text": "\nOperator: Thank you. Our next question comes from Colin Sebastian with Robert W. Baird. Please proceed with your question.\nColin Alan Sebastian: Great. Thank you. A question on the grocery category and the announcements that we have \u2013 that we heard recently. Specifically, does that imply that the strategy has changed around fresh, which was presumably replacing the trip to the grocery store? Or should we think about adding different modes such as pick up points and bricks and mortar as serving a distinct customer base or geared to reduce the cost bottleneck around home delivery? Any comments would be helpful. Thanks.\nBrian T. Olsavsky: Sure, Colin. First, as far as Whole Foods is concerned, as Darin mentioned, it's not included in this guidance since it hasn't closed yet, but we are excited about that acquisition and looking forward to working with the team at Whole Foods. We think they are very customer-centric, just like us. They've built a great business, focus around quality and customer. So we're really glad to join up with them. On your larger question about what the place of Amazon Fresh, likely Prime Now and some of our other efforts, I would say we believe there'll be no one solution, so we're experimenting with a number of the formats from physical pickup points in Amazon Go to online ordering and delivery to your door through Prime Now and Amazon Fresh. And we'll see how customers respond. We like the response that we've seen so far. We think it's a valuable \u2013 all those are valuable services, Amazon Go is not out of beta, but the other ones are. On top of that, we're looking forward to adding the Whole Foods team and their great reputation for quality customer service to this offering.", "quarter": 2}}