{"id": 18424, "annotations": [{"id": 18527, "completed_by": 2, "result": [{"type": "labels", "value": {"end": 9, "text": "Operator", "start": 0, "labels": ["OPERATOR"]}, "origin": "manual", "to_name": "text", "from_name": "label-intro"}, {"type": "labels", "value": {"end": 84, "text": ": Our next question is from Stephen Ju from Credit Suisse. You're now live.", "start": 10, "labels": ["INTRO"]}, "origin": "manual", "to_name": "text", "from_name": "label-intro"}, {"type": "labels", "value": {"end": 95, "text": "Stephen Ju", "start": 84, "labels": ["ANALYST"]}, "origin": "manual", "to_name": "text", "from_name": "label-intro"}, {"type": "labels", "value": {"end": 355, "text": ": I'm sure you can share in regards to the Prime users' awareness of the availability of stuff from Whole Foods. Is the order flow coming in from a wide number of users? Or is the activity coming in from a small, but very dedicated number of customers? Thanks.", "start": 96, "labels": ["QUESTION"]}, "origin": "manual", "to_name": "text", "from_name": "label-intro"}, {"type": "labels", "value": {"end": 370, "text": "Brian Olsavsky", "start": 355, "labels": ["REPRESENTATIVE"]}, "origin": "manual", "to_name": "text", "from_name": "label-intro"}, {"type": "labels", "value": {"end": 1620, "text": ": Yeah. Thanks, Stephen. I would say that we're very - it's widespread and more Prime members have adopted the Whole Foods benefit than almost any other benefit we've offered them, and they're saving, as a result, hundreds of millions of dollars. We continue to expand the coverage for delivery. We have delivery from 75 - into 75 U.S. metros through the Prime Now app, and we also have pickup in over 30 metros also through the Prime Now app. So we're very - excuse me, the other point I'll make is just like last quarter, I'll remind you that the physical stores revenue is principally Whole Foods revenue, but it excludes the online ordering component where people order on the Prime Now app and it's delivered to them. That shows up in our online stores classification. So last quarter, I told you that our growth in store sales, including both shopping and also online deliveries, was closer to 6% in Q4, and it's a similar number in Q1. So again, we're very happy with both the Prime adoption of the - or the recognition of the Prime benefits by - at Whole Foods, and also the purchases. And you may have also noticed that we lowered prices for the third major round of price cuts, since we joined forces with Whole Foods in the summer of 2017.", "start": 371, "labels": ["ANSWER"]}, "origin": "manual", "to_name": "text", "from_name": "label-intro"}], "was_cancelled": false, "ground_truth": true, "created_at": "2022-02-04T10:25:34.066929Z", "updated_at": "2022-02-04T10:25:34.066935Z", "lead_time": null, "prediction": {}, "result_count": 0, "task": 18424, "parent_prediction": null, "parent_annotation": null}], "data": {"year": 2019, "company": "AMZN", "my_text": "\nOperator: Our next question is from Stephen Ju from Credit Suisse. You're now live.\nStephen Ju: I'm sure you can share in regards to the Prime users' awareness of the availability of stuff from Whole Foods. Is the order flow coming in from a wide number of users? Or is the activity coming in from a small, but very dedicated number of customers? Thanks.\nBrian Olsavsky: Yeah. Thanks, Stephen. I would say that we're very - it's widespread and more Prime members have adopted the Whole Foods benefit than almost any other benefit we've offered them, and they're saving, as a result, hundreds of millions of dollars. We continue to expand the coverage for delivery. We have delivery from 75 - into 75 U.S. metros through the Prime Now app, and we also have pickup in over 30 metros also through the Prime Now app. So we're very - excuse me, the other point I'll make is just like last quarter, I'll remind you that the physical stores revenue is principally Whole Foods revenue, but it excludes the online ordering component where people order on the Prime Now app and it's delivered to them. That shows up in our online stores classification. So last quarter, I told you that our growth in store sales, including both shopping and also online deliveries, was closer to 6% in Q4, and it's a similar number in Q1. So again, we're very happy with both the Prime adoption of the - or the recognition of the Prime benefits by - at Whole Foods, and also the purchases. And you may have also noticed that we lowered prices for the third major round of price cuts, since we joined forces with Whole Foods in the summer of 2017.", "quarter": 1}}