{"id": 17333, "annotations": [{"id": 17436, "completed_by": 2, "result": [{"id": "WhXS64cjf8", "type": "labels", "value": {"end": 9, "text": "Operator", "start": 0, "labels": ["OPERATOR"]}, "origin": "manual", "to_name": "text", "from_name": "label-intro"}, {"id": "cO15Jj4IFs", "type": "labels", "value": {"end": 94, "text": ": Our next question comes from Mark May with Citi. Please proceed. Your line is live.", "start": 10, "labels": ["INTRO"]}, "origin": "manual", "to_name": "text", "from_name": "label-intro"}, {"id": "mJvqWCWE3X", "type": "labels", "value": {"end": 106, "text": "Mark A. May", "start": 94, "labels": ["ANALYST"]}, "origin": "manual", "to_name": "text", "from_name": "label-intro"}, {"id": "1EHvS0gh3a", "type": "labels", "value": {"end": 131, "text": ": Hello? Can you hear me?", "start": 107, "labels": ["QUESTION"]}, "origin": "manual", "to_name": "text", "from_name": "label-intro"}, {"id": "P-39Hqw-7k", "type": "labels", "value": {"end": 149, "text": "Brian T. Olsavsky", "start": 131, "labels": ["REPRESENTATIVE"]}, "origin": "manual", "to_name": "text", "from_name": "label-intro"}, {"id": "QqjdNJPa9r", "type": "labels", "value": {"end": 155, "text": ": Yes.", "start": 150, "labels": ["ANSWER"]}, "origin": "manual", "to_name": "text", "from_name": "label-intro"}, {"id": "NPlDvVGLuB", "type": "labels", "value": {"end": 167, "text": "Mark A. May", "start": 155, "labels": ["ANALYST"]}, "origin": "manual", "to_name": "text", "from_name": "label-intro"}, {"id": "UYCNPQC1Qe", "type": "labels", "value": {"end": 828, "text": ": Okay. Thanks. A question hopefully hasn't been asked already is around AWS. Margins were obviously quite strong in the quarter. Can you speak to the sustainability of the margin improvement that we've seen there, and what is your long-term expectations for profit margins for this business? And if you could give us a sense of what CapEx for this segment of the business looked like in the quarter, and the rate of growth there would be helpful. And then secondly, your employee adds were fairly strong in the quarter as well. I wonder if you could call out any particular areas of \u2013 within the business where you're strengthening your hiring efforts. Thanks.", "start": 168, "labels": ["QUESTION"]}, "origin": "manual", "to_name": "text", "from_name": "label-intro"}, {"id": "wLFU47m5fH", "type": "labels", "value": {"end": 840, "text": "Phil Hardin", "start": 828, "labels": ["REPRESENTATIVE"]}, "origin": "manual", "to_name": "text", "from_name": "label-intro"}, {"id": "eYZx4uwanD", "type": "labels", "value": {"end": 2012, "text": ": So this is Phil. I'll take the AWS portion. So I'll echo what Brian said earlier. This is a young and rapidly growing business, and as you've seen looking backwards, certainly growth rates and margins and capital expenditure timing can be bumpy. We're taking a very long-term view on this business. We're excited about the potential there, and really the team's focused on just keeping their heads down and continuing to accelerate the pace of innovation to try to continue to grow the functionality gap we think we offer. So a lot of hard work going on there. But again, we're taking a long-term view on the business and interested in helping customers as much as possible in that space. On the CapEx, again, we're focused on the ability to drive efficiencies across all of Amazon, but we're also certainly investing in growth. And so, on the AWS side, we've got investment going on around the world, certainly additional servers to support the strong growth we have. And some of the expense for things like data centers or new regions can be a little lumpy, and we've mentioned a couple of new regions we're working on throughout the world. So that's going on as well.", "start": 841, "labels": ["ANSWER"]}, "origin": "manual", "to_name": "text", "from_name": "label-intro"}, {"id": "sLEax-erV6", "type": "labels", "value": {"end": 2030, "text": "Brian T. Olsavsky", "start": 2012, "labels": ["REPRESENTATIVE"]}, "origin": "manual", "to_name": "text", "from_name": "label-intro"}, {"id": "8r8s5JOpyc", "type": "labels", "value": {"end": 2849, "text": ": Mark, on your head count question, you're right. Headcount was up 49% year-over-year, which is higher than Q2 \u2013 we saw in Q2. This is going to be primarily in our ops area. If you exclude ops-related employees, our head count's growing actually slower than our FX neutral growth rate of 30%. So, what's going on in ops is we've added 14 net fulfillment centers this year, bringing the total to 123 globally. We've added four sort centers in the U.S., bringing U.S. footprint to 23. We're staffing earlier in those locations, we're in good shape for the holidays and ready to go. The other issue is there, the other reason is that we are also doing a lot of conversion of temp workers to full-time workers purposefully. There is a metric employment of full-time hires. So it is a little bit higher due to that program.", "start": 2031, "labels": ["ANSWER"]}, "origin": "manual", "to_name": "text", "from_name": "label-intro"}], "was_cancelled": false, "ground_truth": true, "created_at": "2022-02-04T10:03:51.606005Z", "updated_at": "2022-04-11T18:27:47.464648Z", "lead_time": 3647.886, "prediction": {}, "result_count": 0, "task": 17333, "parent_prediction": null, "parent_annotation": null}], "data": {"year": 2015, "company": "AMZN", "my_text": "\nOperator: Our next question comes from Mark May with Citi. Please proceed. Your line is live.\nMark A. May: Hello? Can you hear me?\nBrian T. Olsavsky: Yes.\nMark A. May: Okay. Thanks. A question hopefully hasn't been asked already is around AWS. Margins were obviously quite strong in the quarter. Can you speak to the sustainability of the margin improvement that we've seen there, and what is your long-term expectations for profit margins for this business? And if you could give us a sense of what CapEx for this segment of the business looked like in the quarter, and the rate of growth there would be helpful. And then secondly, your employee adds were fairly strong in the quarter as well. I wonder if you could call out any particular areas of \u2013 within the business where you're strengthening your hiring efforts. Thanks.\nPhil Hardin: So this is Phil. I'll take the AWS portion. So I'll echo what Brian said earlier. This is a young and rapidly growing business, and as you've seen looking backwards, certainly growth rates and margins and capital expenditure timing can be bumpy. We're taking a very long-term view on this business. We're excited about the potential there, and really the team's focused on just keeping their heads down and continuing to accelerate the pace of innovation to try to continue to grow the functionality gap we think we offer. So a lot of hard work going on there. But again, we're taking a long-term view on the business and interested in helping customers as much as possible in that space. On the CapEx, again, we're focused on the ability to drive efficiencies across all of Amazon, but we're also certainly investing in growth. And so, on the AWS side, we've got investment going on around the world, certainly additional servers to support the strong growth we have. And some of the expense for things like data centers or new regions can be a little lumpy, and we've mentioned a couple of new regions we're working on throughout the world. So that's going on as well.\nBrian T. Olsavsky: Mark, on your head count question, you're right. Headcount was up 49% year-over-year, which is higher than Q2 \u2013 we saw in Q2. This is going to be primarily in our ops area. If you exclude ops-related employees, our head count's growing actually slower than our FX neutral growth rate of 30%. So, what's going on in ops is we've added 14 net fulfillment centers this year, bringing the total to 123 globally. We've added four sort centers in the U.S., bringing U.S. footprint to 23. We're staffing earlier in those locations, we're in good shape for the holidays and ready to go. The other issue is there, the other reason is that we are also doing a lot of conversion of temp workers to full-time workers purposefully. There is a metric employment of full-time hires. So it is a little bit higher due to that program.", "quarter": 3}}