{"id": 18341, "annotations": [{"id": 18444, "completed_by": 2, "result": [{"type": "labels", "value": {"end": 9, "text": "Operator", "start": 0, "labels": ["OPERATOR"]}, "origin": "manual", "to_name": "text", "from_name": "label-intro"}, {"type": "labels", "value": {"end": 122, "text": ": Thank you. Our next question comes from Dan Salmon with BMO Capital Markets. Please proceed with your question.", "start": 10, "labels": ["INTRO"]}, "origin": "manual", "to_name": "text", "from_name": "label-intro"}, {"type": "labels", "value": {"end": 136, "text": "Daniel Salmon", "start": 122, "labels": ["ANALYST"]}, "origin": "manual", "to_name": "text", "from_name": "label-intro"}, {"type": "labels", "value": {"end": 771, "text": ": Hey. Good afternoon, everyone. Brian, I had a couple questions about your growing advertising business. We see more and more of it appearing on the site. And I was interested to hear a little bit more about how you expect that business to roll out internationally. I think it's largely U.S. based today, but be curious to hear about that. And then second, I think it's fairly obvious why someone selling within the Amazon ecosystem would be interested in promoting on the platform, but maybe tell us a little bit about maybe over the long-term there are opportunities for sort of non-endemic advertisers within your platform. Thanks.", "start": 137, "labels": ["QUESTION"]}, "origin": "manual", "to_name": "text", "from_name": "label-intro"}, {"type": "labels", "value": {"end": 789, "text": "Brian T. Olsavsky", "start": 771, "labels": ["REPRESENTATIVE"]}, "origin": "manual", "to_name": "text", "from_name": "label-intro"}, {"type": "labels", "value": {"end": 1836, "text": ": Sure. Yeah, it's pretty early in the days with advertising, but we're very pleased with the team we have and the results. Our goal is to be helpful to consumers and enhance their shopping or their viewing experience with targeted recommendations, and we think a lot of the information we have and preferences of customers and recommendations help us do that for customers. We have a sponsored product, it's off to a great start, and it's a very effective way for advertisers to reach those especially interested customers. While you're on the topic of advertising, I thought I'd point out that in other revenue, advertising is in other revenue, as is co-branded credit card agreements and also some other advertising services. That decelerated from 99% in Q4 to 58% in Q1. But the fluctuation and the volatility was essentially in the co-branded credit card agreements and the other services, which can fluctuate quarter-to-quarter based on contract terms. And that's what happened. Advertising remained strong and was consistent growth with Q4.", "start": 790, "labels": ["ANSWER"]}, "origin": "manual", "to_name": "text", "from_name": "label-intro"}], "was_cancelled": false, "ground_truth": true, "created_at": "2022-02-04T10:25:34.060846Z", "updated_at": "2022-02-04T10:25:34.060851Z", "lead_time": null, "prediction": {}, "result_count": 0, "task": 18341, "parent_prediction": null, "parent_annotation": null}], "data": {"year": 2017, "company": "AMZN", "my_text": "\nOperator: Thank you. Our next question comes from Dan Salmon with BMO Capital Markets. Please proceed with your question.\nDaniel Salmon: Hey. Good afternoon, everyone. Brian, I had a couple questions about your growing advertising business. We see more and more of it appearing on the site. And I was interested to hear a little bit more about how you expect that business to roll out internationally. I think it's largely U.S. based today, but be curious to hear about that. And then second, I think it's fairly obvious why someone selling within the Amazon ecosystem would be interested in promoting on the platform, but maybe tell us a little bit about maybe over the long-term there are opportunities for sort of non-endemic advertisers within your platform. Thanks.\nBrian T. Olsavsky: Sure. Yeah, it's pretty early in the days with advertising, but we're very pleased with the team we have and the results. Our goal is to be helpful to consumers and enhance their shopping or their viewing experience with targeted recommendations, and we think a lot of the information we have and preferences of customers and recommendations help us do that for customers. We have a sponsored product, it's off to a great start, and it's a very effective way for advertisers to reach those especially interested customers. While you're on the topic of advertising, I thought I'd point out that in other revenue, advertising is in other revenue, as is co-branded credit card agreements and also some other advertising services. That decelerated from 99% in Q4 to 58% in Q1. But the fluctuation and the volatility was essentially in the co-branded credit card agreements and the other services, which can fluctuate quarter-to-quarter based on contract terms. And that's what happened. Advertising remained strong and was consistent growth with Q4.", "quarter": 1}}