{"id": 17400, "annotations": [{"id": 17503, "completed_by": 2, "result": [{"type": "labels", "value": {"end": 9, "text": "Operator", "start": 0, "labels": ["OPERATOR"]}, "origin": "manual", "to_name": "text", "from_name": "label-intro"}, {"type": "labels", "value": {"end": 130, "text": ": Thank you. Our next question comes from the line of Brian Nowak with Morgan Stanley. Please proceed with your question.", "start": 10, "labels": ["INTRO"]}, "origin": "manual", "to_name": "text", "from_name": "label-intro"}, {"type": "labels", "value": {"end": 142, "text": "Brian Nowak", "start": 130, "labels": ["ANALYST"]}, "origin": "manual", "to_name": "text", "from_name": "label-intro"}, {"type": "labels", "value": {"end": 902, "text": ": Thanks for taking my question and I have two. The first one, just to go back, Brian, to the fulfillment build. In the past, I think you've talked about how it takes time to kind of get the fulfillment centers to peak efficiencies, so with these new FCs opening, could you just talk about it? Have you become more efficient so if you get into a lower volume quarter next year, there's less risk of deleverage? Or should we still kind of think about it's going to take time to get to up to peak efficiency? And then the second one, AWS. Amazon is a company that is very good at removing friction in the purchase process. Could you just talk about some of the main hurdles you still have to overcome for large enterprises to really start using AWS more? Thanks.", "start": 143, "labels": ["QUESTION"]}, "origin": "manual", "to_name": "text", "from_name": "label-intro"}, {"type": "labels", "value": {"end": 920, "text": "Brian T. Olsavsky", "start": 902, "labels": ["REPRESENTATIVE"]}, "origin": "manual", "to_name": "text", "from_name": "label-intro"}, {"type": "labels", "value": {"end": 1758, "text": ": Sure. So the fulfillment network as we built it, yes, they'll be more productive next year than they are this holiday peak and probably even more productive in 2018. So I can't forecast it for you into next year quite yet, but we certainly had productivity add additional cost to Q3 and even into Q4 of this year as we build the additional capacity. Again, the underlying reason for that capacity build is the strength in paid units and even more so in the units that we're fulfilling driven by our FBA program. The FBA program is a key pillar of our Prime offering. It adds selection. It makes Prime stronger and then that's a self-reinforcing where Prime then \u2013 the Prime success attract mores sellers. So we're glad to have that problem. We are just working very hard to get capacity in place and in productive use for Q4 and beyond.", "start": 921, "labels": ["ANSWER"]}, "origin": "manual", "to_name": "text", "from_name": "label-intro"}, {"type": "labels", "value": {"end": 1771, "text": "Darin Manney", "start": 1758, "labels": ["REPRESENTATIVE"]}, "origin": "manual", "to_name": "text", "from_name": "label-intro"}, {"type": "labels", "value": {"end": 2775, "text": ": Hi Brian. This is Darin. On the AWS question, yeah, we continue to invest in AWS on behalf of our customers in addition to the technologies that make integrations easier that helps companies move from an on-prem or a hybrid IT environment into AWS. So we're going to continue to do that, specifically things like the database migration tool that are helpful for customers when they move production databases from on premises to the cloud with virtually no downtime. And also many of our AWS customers are beginning to choose and continue to choose the AWS Schema Conversion Tool which really switches database engines to get out of old guard proprietary databases and onto AWS. And so we'll continue to react to customer needs and that will include opening up new regions. We've opened up Ohio this past quarter and we've highlighted that we'll have another number of regions coming online in a few months. So yeah, were doing a lot of things to help make it easier for all customers to migrate to AWS.", "start": 1772, "labels": ["ANSWER"]}, "origin": "manual", "to_name": "text", "from_name": "label-intro"}], "was_cancelled": false, "ground_truth": true, "created_at": "2022-02-04T10:03:51.610992Z", "updated_at": "2022-02-04T10:03:51.610997Z", "lead_time": null, "prediction": {}, "result_count": 0, "task": 17400, "parent_prediction": null, "parent_annotation": null}], "data": {"year": 2016, "company": "AMZN", "my_text": "\nOperator: Thank you. Our next question comes from the line of Brian Nowak with Morgan Stanley. Please proceed with your question.\nBrian Nowak: Thanks for taking my question and I have two. The first one, just to go back, Brian, to the fulfillment build. In the past, I think you've talked about how it takes time to kind of get the fulfillment centers to peak efficiencies, so with these new FCs opening, could you just talk about it? Have you become more efficient so if you get into a lower volume quarter next year, there's less risk of deleverage? Or should we still kind of think about it's going to take time to get to up to peak efficiency? And then the second one, AWS. Amazon is a company that is very good at removing friction in the purchase process. Could you just talk about some of the main hurdles you still have to overcome for large enterprises to really start using AWS more? Thanks.\nBrian T. Olsavsky: Sure. So the fulfillment network as we built it, yes, they'll be more productive next year than they are this holiday peak and probably even more productive in 2018. So I can't forecast it for you into next year quite yet, but we certainly had productivity add additional cost to Q3 and even into Q4 of this year as we build the additional capacity. Again, the underlying reason for that capacity build is the strength in paid units and even more so in the units that we're fulfilling driven by our FBA program. The FBA program is a key pillar of our Prime offering. It adds selection. It makes Prime stronger and then that's a self-reinforcing where Prime then \u2013 the Prime success attract mores sellers. So we're glad to have that problem. We are just working very hard to get capacity in place and in productive use for Q4 and beyond.\nDarin Manney: Hi Brian. This is Darin. On the AWS question, yeah, we continue to invest in AWS on behalf of our customers in addition to the technologies that make integrations easier that helps companies move from an on-prem or a hybrid IT environment into AWS. So we're going to continue to do that, specifically things like the database migration tool that are helpful for customers when they move production databases from on premises to the cloud with virtually no downtime. And also many of our AWS customers are beginning to choose and continue to choose the AWS Schema Conversion Tool which really switches database engines to get out of old guard proprietary databases and onto AWS. And so we'll continue to react to customer needs and that will include opening up new regions. We've opened up Ohio this past quarter and we've highlighted that we'll have another number of regions coming online in a few months. So yeah, were doing a lot of things to help make it easier for all customers to migrate to AWS.", "quarter": 3}}