{"id": 17402, "annotations": [{"id": 17505, "completed_by": 2, "result": [{"type": "labels", "value": {"end": 9, "text": "Operator", "start": 0, "labels": ["OPERATOR"]}, "origin": "manual", "to_name": "text", "from_name": "label-intro"}, {"type": "labels", "value": {"end": 18, "text": ": Thank -", "start": 10, "labels": ["INTRO"]}, "origin": "manual", "to_name": "text", "from_name": "label-intro"}, {"type": "labels", "value": {"end": 36, "text": "Brian T. Olsavsky", "start": 18, "labels": ["REPRESENTATIVE"]}, "origin": "manual", "to_name": "text", "from_name": "label-intro"}, {"type": "labels", "value": {"end": 389, "text": ": Sorry. To answer your question about was that part of investment. Yes, this is certainly part of our investment but the large ramp, if you will, in investment that we're seeing from the back end of last year and also the first half of this year is more related to digital content and the build in our fulfillment network, which I've already discussed.", "start": 37, "labels": ["ANSWER"]}, "origin": "manual", "to_name": "text", "from_name": "label-intro"}], "was_cancelled": false, "ground_truth": true, "created_at": "2022-02-04T10:03:51.611125Z", "updated_at": "2022-02-04T10:03:51.611130Z", "lead_time": null, "prediction": {}, "result_count": 0, "task": 17402, "parent_prediction": null, "parent_annotation": null}], "data": {"year": 2016, "company": "AMZN", "my_text": "\nOperator: Thank -\nBrian T. Olsavsky: Sorry. To answer your question about was that part of investment. Yes, this is certainly part of our investment but the large ramp, if you will, in investment that we're seeing from the back end of last year and also the first half of this year is more related to digital content and the build in our fulfillment network, which I've already discussed.", "quarter": 3}}