{"id": 17349, "annotations": [{"id": 17452, "completed_by": 2, "result": [{"type": "labels", "value": {"end": 9, "text": "Operator", "start": 0, "labels": ["OPERATOR"]}, "origin": "manual", "to_name": "text", "from_name": "label-intro"}, {"type": "labels", "value": {"end": 153, "text": ": [Operator Instructions] Thank you. Our first question is coming from analyst Stephen Ju with Credit Suisse. Please proceed with your question.", "start": 10, "labels": ["INTRO"]}, "origin": "manual", "to_name": "text", "from_name": "label-intro"}, {"type": "labels", "value": {"end": 164, "text": "Stephen Ju", "start": 153, "labels": ["ANALYST"]}, "origin": "manual", "to_name": "text", "from_name": "label-intro"}, {"type": "labels", "value": {"end": 466, "text": ": Hey, thanks. So Brian, I think in the past you've given some indication as to what usage growth may be at AWS. I was wondering if you have an update for that in the fourth quarter. And secondarily, is there any way to characterize what the pricing environment is right now for AWS as well? Thank you.", "start": 165, "labels": ["QUESTION"]}, "origin": "manual", "to_name": "text", "from_name": "label-intro"}, {"type": "labels", "value": {"end": 481, "text": "Brian Olsavsky", "start": 466, "labels": ["REPRESENTATIVE"]}, "origin": "manual", "to_name": "text", "from_name": "label-intro"}, {"type": "labels", "value": {"end": 1231, "text": ": Yes, thanks, Stephen. No, I don't have a usage growth number for you. We'll say we're - it's been very strong. And AWS revenue is on a, just short of a $10 billion run rate at the end of Q4. As far as pricing is concerned, we had a price reduction in January for our EC2 services. It was our 51st price reduction since we launched AWS years ago. And generally what we find is that price is important. But so is speed and agility for customers and the ability to deliver services and features that were beneficial to them. I will point out that we added 722 new features and services in 2015 and that was up 40% year-over-year. So we feel we have a lead in this space and we don't take it for granted and we want to serve customers better each year.", "start": 482, "labels": ["ANSWER"]}, "origin": "manual", "to_name": "text", "from_name": "label-intro"}, {"type": "labels", "value": {"end": 1242, "text": "Stephen Ju", "start": 1231, "labels": ["ANALYST"]}, "origin": "manual", "to_name": "text", "from_name": "label-intro"}, {"type": "labels", "value": {"end": 1254, "text": ": Thank you.", "start": 1243, "labels": ["QUESTION"]}, "origin": "manual", "to_name": "text", "from_name": "label-intro"}], "was_cancelled": false, "ground_truth": true, "created_at": "2022-02-04T10:03:51.607131Z", "updated_at": "2022-02-04T10:03:51.607136Z", "lead_time": null, "prediction": {}, "result_count": 0, "task": 17349, "parent_prediction": null, "parent_annotation": null}], "data": {"year": 2015, "company": "AMZN", "my_text": "\nOperator: [Operator Instructions] Thank you. Our first question is coming from analyst Stephen Ju with Credit Suisse. Please proceed with your question.\nStephen Ju: Hey, thanks. So Brian, I think in the past you've given some indication as to what usage growth may be at AWS. I was wondering if you have an update for that in the fourth quarter. And secondarily, is there any way to characterize what the pricing environment is right now for AWS as well? Thank you.\nBrian Olsavsky: Yes, thanks, Stephen. No, I don't have a usage growth number for you. We'll say we're - it's been very strong. And AWS revenue is on a, just short of a $10 billion run rate at the end of Q4. As far as pricing is concerned, we had a price reduction in January for our EC2 services. It was our 51st price reduction since we launched AWS years ago. And generally what we find is that price is important. But so is speed and agility for customers and the ability to deliver services and features that were beneficial to them. I will point out that we added 722 new features and services in 2015 and that was up 40% year-over-year. So we feel we have a lead in this space and we don't take it for granted and we want to serve customers better each year.\nStephen Ju: Thank you.", "quarter": 4}}