{"id": 18393, "annotations": [{"id": 18496, "completed_by": 2, "result": [{"type": "labels", "value": {"end": 9, "text": "Operator", "start": 0, "labels": ["OPERATOR"]}, "origin": "manual", "to_name": "text", "from_name": "label-intro"}, {"type": "labels", "value": {"end": 129, "text": ": Thank you. Our next question comes from the line of Heath Terry with Goldman Sachs. Please proceed with your question.", "start": 10, "labels": ["INTRO"]}, "origin": "manual", "to_name": "text", "from_name": "label-intro"}, {"type": "labels", "value": {"end": 141, "text": "Heath Terry", "start": 129, "labels": ["ANALYST"]}, "origin": "manual", "to_name": "text", "from_name": "label-intro"}, {"type": "labels", "value": {"end": 996, "text": ": Great. Thank you. Just on the AWS point, as you're seeing customers to AWS, you're adding new customers to AWS, can you give us a sense of sort of where you're seeing customers spend focus. How successful \u2013 you mentioned database, but what other areas you're potentially seeing as customers move up the stack with you and grow? And then, you flagged the flat capital lease growth on a year-over-year basis. In the past when you've talked about the growth in CapEx and capital lease, you generally referred to trying to grow those numbers or that infrastructure growth overall more or less with the business. Is there some level of efficiency breakthrough that you've gotten there where that's no longer the case? Or is it a function of timing? How should we think about what that CapEx and capital lease spend signals about your expectations for growth?", "start": 142, "labels": ["QUESTION"]}, "origin": "manual", "to_name": "text", "from_name": "label-intro"}, {"type": "labels", "value": {"end": 1014, "text": "Brian T. Olsavsky", "start": 996, "labels": ["REPRESENTATIVE"]}, "origin": "manual", "to_name": "text", "from_name": "label-intro"}, {"type": "labels", "value": {"end": 2906, "text": ": Sure. I would say it's just a demonstration of the very tight period where we \u2013 we've still added a lot, I mean, $4.6 billion is a lot of capital leases, but the rate of growth over last year is flat. So what I would say is, I'm not sure about the breakthrough element of it. We do spend a lot of time driving better efficiency in our data centers. We do see it; sometimes it is higher than other quarters. The starting point for our expectation would be, the usage growth would be very \u2013 that our growth in infrastructure costs would start with the growth in usage, which has been exceeding the revenue growth rate. But we can drive more efficiently and we can sometimes bank the efficiencies of prior investments that we've made in other periods. So it will fluctuate quarter-to-quarter. I would say last year in the first half was a pretty large investment area. I'll lump it in with capital expenditures, but in the first two quarters, Q1 of last year, it was 82% growth year-over-year in capital expenditures, Q2 was 67%. This year, those numbers are 33% in Q1, and 1% in Q2. So it's a \u2013 there's a bit of timing at play here, but I think overall, in the longer-term, we certainly work to drive efficiency in both AWS infrastructure capability, and also in our warehouse networks. I don't have on the other piece, on product detail, I don't have anything more for you. I would just say that, our growth is coming from customers that span from start-ups to enterprise customers to government agencies, and they start small and then they continue to build and shift their businesses to us, and many of them have gone \u2013 a large number have gone all-in on AWS, and have had a chance to lower their cost structures as a result. I'd count Amazon in that category, because on the consumer side of the business, we increasingly see infrastructure savings due to the conversion to AWS resources.", "start": 1015, "labels": ["ANSWER"]}, "origin": "manual", "to_name": "text", "from_name": "label-intro"}], "was_cancelled": false, "ground_truth": true, "created_at": "2022-02-04T10:25:34.064703Z", "updated_at": "2022-02-04T10:25:34.064708Z", "lead_time": null, "prediction": {}, "result_count": 0, "task": 18393, "parent_prediction": null, "parent_annotation": null}], "data": {"year": 2018, "company": "AMZN", "my_text": "\nOperator: Thank you. Our next question comes from the line of Heath Terry with Goldman Sachs. Please proceed with your question.\nHeath Terry: Great. Thank you. Just on the AWS point, as you're seeing customers to AWS, you're adding new customers to AWS, can you give us a sense of sort of where you're seeing customers spend focus. How successful \u2013 you mentioned database, but what other areas you're potentially seeing as customers move up the stack with you and grow? And then, you flagged the flat capital lease growth on a year-over-year basis. In the past when you've talked about the growth in CapEx and capital lease, you generally referred to trying to grow those numbers or that infrastructure growth overall more or less with the business. Is there some level of efficiency breakthrough that you've gotten there where that's no longer the case? Or is it a function of timing? How should we think about what that CapEx and capital lease spend signals about your expectations for growth?\nBrian T. Olsavsky: Sure. I would say it's just a demonstration of the very tight period where we \u2013 we've still added a lot, I mean, $4.6 billion is a lot of capital leases, but the rate of growth over last year is flat. So what I would say is, I'm not sure about the breakthrough element of it. We do spend a lot of time driving better efficiency in our data centers. We do see it; sometimes it is higher than other quarters. The starting point for our expectation would be, the usage growth would be very \u2013 that our growth in infrastructure costs would start with the growth in usage, which has been exceeding the revenue growth rate. But we can drive more efficiently and we can sometimes bank the efficiencies of prior investments that we've made in other periods. So it will fluctuate quarter-to-quarter. I would say last year in the first half was a pretty large investment area. I'll lump it in with capital expenditures, but in the first two quarters, Q1 of last year, it was 82% growth year-over-year in capital expenditures, Q2 was 67%. This year, those numbers are 33% in Q1, and 1% in Q2. So it's a \u2013 there's a bit of timing at play here, but I think overall, in the longer-term, we certainly work to drive efficiency in both AWS infrastructure capability, and also in our warehouse networks. I don't have on the other piece, on product detail, I don't have anything more for you. I would just say that, our growth is coming from customers that span from start-ups to enterprise customers to government agencies, and they start small and then they continue to build and shift their businesses to us, and many of them have gone \u2013 a large number have gone all-in on AWS, and have had a chance to lower their cost structures as a result. I'd count Amazon in that category, because on the consumer side of the business, we increasingly see infrastructure savings due to the conversion to AWS resources.", "quarter": 2}}