{"id": 18417, "annotations": [{"id": 18520, "completed_by": 2, "result": [{"type": "labels", "value": {"end": 9, "text": "Operator", "start": 0, "labels": ["OPERATOR"]}, "origin": "manual", "to_name": "text", "from_name": "label-intro"}, {"type": "labels", "value": {"end": 75, "text": ": Our next question comes from the line of Eric Sheridan with UBS.", "start": 10, "labels": ["INTRO"]}, "origin": "manual", "to_name": "text", "from_name": "label-intro"}, {"type": "labels", "value": {"end": 89, "text": "Eric Sheridan", "start": 75, "labels": ["ANALYST"]}, "origin": "manual", "to_name": "text", "from_name": "label-intro"}, {"type": "labels", "value": {"end": 830, "text": ": Thanks for taking the question. Maybe two if I can. One on the media side, has there been any step-up in terms of investments around media content to support your ambition with respect to Prime and the video. It's been a couple of years now since we got an update on rate of spend or how it might impact either historical periods or going forward periods, that would be number one. And then number two, going back to Lloyd's question on the advertising front, how do you think about the video opportunity, you're moving beyond just branded opportunities or sponsored products search on your own properties and thinking about experimenting with over the top video or connected TV opportunities [indiscernible] going forward. Thanks so much.", "start": 90, "labels": ["QUESTION"]}, "origin": "manual", "to_name": "text", "from_name": "label-intro"}, {"type": "labels", "value": {"end": 845, "text": "Brian Olsavsky", "start": 830, "labels": ["REPRESENTATIVE"]}, "origin": "manual", "to_name": "text", "from_name": "label-intro"}, {"type": "labels", "value": {"end": 1641, "text": ": Yeah. Let me start with video. We're not quantifying the Prime video spend today, but we do \u2013 it has been increasing. We expect it to increase even further in 2019. We're seeing a lot of again continued strong adoption and the usage and viewing and hours watched of our -- both our music and our seasoned video and music. And as a step back, it builds stronger Prime connectivity with our Prime members, at least, the higher membership renewal rates and higher overall engagement. And as we like, we see -- we continue to see that engagement growing. I would say that we've had some particular success in -- recently with 10 Golden Globe nominations and 3 Oscar nominations and Jack Ryan homecoming in season two of the [indiscernible] in particular, were very well received during the quarter.", "start": 846, "labels": ["ANSWER"]}, "origin": "manual", "to_name": "text", "from_name": "label-intro"}, {"type": "labels", "value": {"end": 1653, "text": "Dave Fildes", "start": 1641, "labels": ["REPRESENTATIVE"]}, "origin": "manual", "to_name": "text", "from_name": "label-intro"}, {"type": "labels", "value": {"end": 2730, "text": ": Yeah. And then on your second question, just around advertising opportunities and around video, you may have seen it not that long ago, IMDB or Internet Movie Database, one of our subsidiaries, launched FreeDive, which is an ad supported free streaming video channel that's available in the US and it enables customers to watch TV shows and movies without purchasing a subscription. So ad supported, so that's available on the IMDB website with your laptop or personal computer on. I think it's definitely on the Fire TV devices as well is a great way to consume content. So I think excited about that, other opportunities we've been working with in ads, video for a bit longer period of time have been things like our sports offering, some of the live sports that we've done, things like Thursday Night Football, really like the success that we've seen on those and been learning from that and looking forward to pursuing more opportunities to engage and serve with customers with those types of video offers, but also take some opportunity to monetize with the advertising.", "start": 1654, "labels": ["ANSWER"]}, "origin": "manual", "to_name": "text", "from_name": "label-intro"}], "was_cancelled": false, "ground_truth": true, "created_at": "2022-02-04T10:25:34.066416Z", "updated_at": "2022-02-04T10:25:34.066421Z", "lead_time": null, "prediction": {}, "result_count": 0, "task": 18417, "parent_prediction": null, "parent_annotation": null}], "data": {"year": 2018, "company": "AMZN", "my_text": "\nOperator: Our next question comes from the line of Eric Sheridan with UBS.\nEric Sheridan: Thanks for taking the question. Maybe two if I can. One on the media side, has there been any step-up in terms of investments around media content to support your ambition with respect to Prime and the video. It's been a couple of years now since we got an update on rate of spend or how it might impact either historical periods or going forward periods, that would be number one. And then number two, going back to Lloyd's question on the advertising front, how do you think about the video opportunity, you're moving beyond just branded opportunities or sponsored products search on your own properties and thinking about experimenting with over the top video or connected TV opportunities [indiscernible] going forward. Thanks so much.\nBrian Olsavsky: Yeah. Let me start with video. We're not quantifying the Prime video spend today, but we do \u2013 it has been increasing. We expect it to increase even further in 2019. We're seeing a lot of again continued strong adoption and the usage and viewing and hours watched of our -- both our music and our seasoned video and music. And as a step back, it builds stronger Prime connectivity with our Prime members, at least, the higher membership renewal rates and higher overall engagement. And as we like, we see -- we continue to see that engagement growing. I would say that we've had some particular success in -- recently with 10 Golden Globe nominations and 3 Oscar nominations and Jack Ryan homecoming in season two of the [indiscernible] in particular, were very well received during the quarter.\nDave Fildes: Yeah. And then on your second question, just around advertising opportunities and around video, you may have seen it not that long ago, IMDB or Internet Movie Database, one of our subsidiaries, launched FreeDive, which is an ad supported free streaming video channel that's available in the US and it enables customers to watch TV shows and movies without purchasing a subscription. So ad supported, so that's available on the IMDB website with your laptop or personal computer on. I think it's definitely on the Fire TV devices as well is a great way to consume content. So I think excited about that, other opportunities we've been working with in ads, video for a bit longer period of time have been things like our sports offering, some of the live sports that we've done, things like Thursday Night Football, really like the success that we've seen on those and been learning from that and looking forward to pursuing more opportunities to engage and serve with customers with those types of video offers, but also take some opportunity to monetize with the advertising.", "quarter": 4}}