{"id": 18443, "annotations": [{"id": 18546, "completed_by": 2, "result": [{"type": "labels", "value": {"end": 9, "text": "Operator", "start": 0, "labels": ["OPERATOR"]}, "origin": "manual", "to_name": "text", "from_name": "label-intro"}, {"type": "labels", "value": {"end": 126, "text": ": Thank you. Our next question comes from the line of Youssef Squali with SunTrust Robinson Humphrey. Please proceed.", "start": 10, "labels": ["INTRO"]}, "origin": "manual", "to_name": "text", "from_name": "label-intro"}, {"type": "labels", "value": {"end": 141, "text": "Youssef Squali", "start": 126, "labels": ["ANALYST"]}, "origin": "manual", "to_name": "text", "from_name": "label-intro"}, {"type": "labels", "value": {"end": 797, "text": ": Great, thank you so much. Brian, kind of just a couple of quick ones. Of the 400 basis point sequential acceleration growth, can you help us just understand maybe how much of that was driven by Prime Day, which I think you guys said was a record day for you versus One Day shipping. Just trying to extract one versus the other, because obviously going into Q4 you\u2019re only going to have the latter.  And then on \u2013 a lot of news around counterfeit and whatnot on the side. Can you just help quantify that for us if there is a way for you to do that? And is the higher OpEx 4Q also driven at least in part by the higher investment to combat that? Thank you.", "start": 142, "labels": ["QUESTION"]}, "origin": "manual", "to_name": "text", "from_name": "label-intro"}, {"type": "labels", "value": {"end": 812, "text": "Brian Olsavsky", "start": 797, "labels": ["REPRESENTATIVE"]}, "origin": "manual", "to_name": "text", "from_name": "label-intro"}, {"type": "labels", "value": {"end": 1069, "text": ": Yes, sure. So on the second one, I would say we\u2019re certainly very diligent on trying to catch counterfeit products. We put a lot of effort into that, we put a lot of human effort, we put a lot of machine learning and algorithmic effort into that as well. ", "start": 813, "labels": ["ANSWER"]}, "origin": "manual", "to_name": "text", "from_name": "label-intro"}], "was_cancelled": false, "ground_truth": true, "created_at": "2022-02-04T10:25:34.068291Z", "updated_at": "2022-02-04T10:25:34.068296Z", "lead_time": null, "prediction": {}, "result_count": 0, "task": 18443, "parent_prediction": null, "parent_annotation": null}], "data": {"year": 2019, "company": "AMZN", "my_text": "\nOperator: Thank you. Our next question comes from the line of Youssef Squali with SunTrust Robinson Humphrey. Please proceed.\nYoussef Squali: Great, thank you so much. Brian, kind of just a couple of quick ones. Of the 400 basis point sequential acceleration growth, can you help us just understand maybe how much of that was driven by Prime Day, which I think you guys said was a record day for you versus One Day shipping. Just trying to extract one versus the other, because obviously going into Q4 you\u2019re only going to have the latter.  And then on \u2013 a lot of news around counterfeit and whatnot on the side. Can you just help quantify that for us if there is a way for you to do that? And is the higher OpEx 4Q also driven at least in part by the higher investment to combat that? Thank you.\nBrian Olsavsky: Yes, sure. So on the second one, I would say we\u2019re certainly very diligent on trying to catch counterfeit products. We put a lot of effort into that, we put a lot of human effort, we put a lot of machine learning and algorithmic effort into that as well. ", "quarter": 3}}