{"id": 18444, "annotations": [{"id": 18547, "completed_by": 2, "result": [{"type": "labels", "value": {"end": 9, "text": "Operator", "start": 0, "labels": ["OPERATOR"]}, "origin": "manual", "to_name": "text", "from_name": "label-intro"}, {"type": "labels", "value": {"end": 99, "text": ": Thank you. Our next question comes from Brian Nowak with Morgan Stanley. Please proceed.", "start": 10, "labels": ["INTRO"]}, "origin": "manual", "to_name": "text", "from_name": "label-intro"}, {"type": "labels", "value": {"end": 111, "text": "Brian Nowak", "start": 99, "labels": ["ANALYST"]}, "origin": "manual", "to_name": "text", "from_name": "label-intro"}, {"type": "labels", "value": {"end": 798, "text": ": Thanks for taking my questions. I have two. Just to go back to the One Day costs, I appreciate the color. I\u2019m curious to hear about how you think about what portion of these costs are sort of transitory versus structurally? It sounds like there are some shipping costs in there.  Can you just sort of talk to some of the steps, you have to take over the next one to two years to get the One Day shipping costs closer to what they used to be for Two Day, and how do you think about how long it\u2019s going to take?  And then secondly on One Day, I think it\u2019s mostly U.S. to-date, is that right? And then if not, how do you think about sort of timing on pushing more internationally? Thanks.", "start": 112, "labels": ["QUESTION"]}, "origin": "manual", "to_name": "text", "from_name": "label-intro"}, {"type": "labels", "value": {"end": 813, "text": "Brian Olsavsky", "start": 798, "labels": ["REPRESENTATIVE"]}, "origin": "manual", "to_name": "text", "from_name": "label-intro"}, {"type": "labels", "value": {"end": 1095, "text": ": Sure. Yes, most of the expense has been in the U.S., but we have also increased our One Day selection internationally. We\u2019re starting to see some benefits from that. But I would say the biggest impact so far, both on the top line lift and also the bottom line cost is in the U.S. ", "start": 814, "labels": ["ANSWER"]}, "origin": "manual", "to_name": "text", "from_name": "label-intro"}], "was_cancelled": false, "ground_truth": true, "created_at": "2022-02-04T10:25:34.068367Z", "updated_at": "2022-02-04T10:25:34.068371Z", "lead_time": null, "prediction": {}, "result_count": 0, "task": 18444, "parent_prediction": null, "parent_annotation": null}], "data": {"year": 2019, "company": "AMZN", "my_text": "\nOperator: Thank you. Our next question comes from Brian Nowak with Morgan Stanley. Please proceed.\nBrian Nowak: Thanks for taking my questions. I have two. Just to go back to the One Day costs, I appreciate the color. I\u2019m curious to hear about how you think about what portion of these costs are sort of transitory versus structurally? It sounds like there are some shipping costs in there.  Can you just sort of talk to some of the steps, you have to take over the next one to two years to get the One Day shipping costs closer to what they used to be for Two Day, and how do you think about how long it\u2019s going to take?  And then secondly on One Day, I think it\u2019s mostly U.S. to-date, is that right? And then if not, how do you think about sort of timing on pushing more internationally? Thanks.\nBrian Olsavsky: Sure. Yes, most of the expense has been in the U.S., but we have also increased our One Day selection internationally. We\u2019re starting to see some benefits from that. But I would say the biggest impact so far, both on the top line lift and also the bottom line cost is in the U.S. ", "quarter": 3}}