{"id": 17401, "annotations": [{"id": 17504, "completed_by": 2, "result": [{"type": "labels", "value": {"end": 9, "text": "Operator", "start": 0, "labels": ["OPERATOR"]}, "origin": "manual", "to_name": "text", "from_name": "label-intro"}, {"type": "labels", "value": {"end": 136, "text": ": Thank you. Our next question comes from the line of Mark Mahaney with RBC Capital Markets. Please proceed with your question.", "start": 10, "labels": ["INTRO"]}, "origin": "manual", "to_name": "text", "from_name": "label-intro"}, {"type": "labels", "value": {"end": 149, "text": "Mark Mahaney", "start": 136, "labels": ["ANALYST"]}, "origin": "manual", "to_name": "text", "from_name": "label-intro"}, {"type": "labels", "value": {"end": 747, "text": ": Okay. Hey, Brian. Would you give us any commentary on two categories, in particular groceries and fashion and apparel? And particularly on groceries, I know in the release there's a couple of data points about Fresh rolling out into newer areas like Maryland, great to see that. But could you just talk about that in the investment horizon? Is that moving the needle for you? And how big that, any way to help us quantify how big that already is to the revenue growth that you're seeing, particularly on groceries and any particular comments on fashion and apparel, same line of thinking? Thanks.", "start": 150, "labels": ["QUESTION"]}, "origin": "manual", "to_name": "text", "from_name": "label-intro"}, {"type": "labels", "value": {"end": 765, "text": "Brian T. Olsavsky", "start": 747, "labels": ["REPRESENTATIVE"]}, "origin": "manual", "to_name": "text", "from_name": "label-intro"}, {"type": "labels", "value": {"end": 2544, "text": ": Okay. Sure. Thanks, Mark. I will start with Fresh and groceries in general. So yes, this quarter we launched in Northern Virginia, Maryland, Dallas and Chicago. We also launched a new pricing plan which is a monthly $14.99 add-on to Prime in the U.S. and we've expanded, as you know, previously into London. We're very happy with the progression, both in the geographies that we've been in for a long time where we're at, continuing to add zip codes and additional neighborhoods and also in these new cities. Certainly a business where we continue to work on costs and profitability, but we are finding it's a very attractive service to our customers, which is what we're after. Similarly, but not exactly the same is the Prime Now business, which has similar overlap on things besides groceries. It's a slightly different model obviously where we're more about immediacy and a smaller list of items available in one to two hours. But there's certainly a lot of people who are using that for groceries and consumable items. And that is now up to 40 cities across seven countries versus 17 this time last year. We're also adding restaurant, Amazon Restaurant Delivery to the Prime Now offer in 19 metropolitan cities in the U.S. and that's up from two last year. So we continue to believe consumables, groceries are a key part of the offer to customers and we are playing with very different models to see which works and for what needs. So we're very happy with the AmazonFresh and we've now expanded quite a bit as you see in this year. And Prime Now, we're also very happy with, although obviously the economics in that business are even tougher, but we do feel that our scale makes that possible because of the geographic footprint and how close we already are to customers.", "start": 766, "labels": ["ANSWER"]}, "origin": "manual", "to_name": "text", "from_name": "label-intro"}, {"type": "labels", "value": {"end": 2557, "text": "Darin Manney", "start": 2544, "labels": ["REPRESENTATIVE"]}, "origin": "manual", "to_name": "text", "from_name": "label-intro"}, {"type": "labels", "value": {"end": 3195, "text": ": Hi, Mark. This is Darin. On fashion, yeah, fashion and apparel continue to be a large part of our EGM business and one that we're very excited about. We continue to make it easier for brands and manufacturers to come on board in that category. We continue to work with brands to come on board and we're happy with the traction we're seeing with those brands. And as we get more and more selection, we're really pleased with the customer engagement that we have there, both from the discoverability, the technology that goes behind making it easier to shop for fashion on our site as well as the increased selection by adding the brands.", "start": 2558, "labels": ["ANSWER"]}, "origin": "manual", "to_name": "text", "from_name": "label-intro"}], "was_cancelled": false, "ground_truth": true, "created_at": "2022-02-04T10:03:51.611069Z", "updated_at": "2022-02-04T10:03:51.611074Z", "lead_time": null, "prediction": {}, "result_count": 0, "task": 17401, "parent_prediction": null, "parent_annotation": null}], "data": {"year": 2016, "company": "AMZN", "my_text": "\nOperator: Thank you. Our next question comes from the line of Mark Mahaney with RBC Capital Markets. Please proceed with your question.\nMark Mahaney: Okay. Hey, Brian. Would you give us any commentary on two categories, in particular groceries and fashion and apparel? And particularly on groceries, I know in the release there's a couple of data points about Fresh rolling out into newer areas like Maryland, great to see that. But could you just talk about that in the investment horizon? Is that moving the needle for you? And how big that, any way to help us quantify how big that already is to the revenue growth that you're seeing, particularly on groceries and any particular comments on fashion and apparel, same line of thinking? Thanks.\nBrian T. Olsavsky: Okay. Sure. Thanks, Mark. I will start with Fresh and groceries in general. So yes, this quarter we launched in Northern Virginia, Maryland, Dallas and Chicago. We also launched a new pricing plan which is a monthly $14.99 add-on to Prime in the U.S. and we've expanded, as you know, previously into London. We're very happy with the progression, both in the geographies that we've been in for a long time where we're at, continuing to add zip codes and additional neighborhoods and also in these new cities. Certainly a business where we continue to work on costs and profitability, but we are finding it's a very attractive service to our customers, which is what we're after. Similarly, but not exactly the same is the Prime Now business, which has similar overlap on things besides groceries. It's a slightly different model obviously where we're more about immediacy and a smaller list of items available in one to two hours. But there's certainly a lot of people who are using that for groceries and consumable items. And that is now up to 40 cities across seven countries versus 17 this time last year. We're also adding restaurant, Amazon Restaurant Delivery to the Prime Now offer in 19 metropolitan cities in the U.S. and that's up from two last year. So we continue to believe consumables, groceries are a key part of the offer to customers and we are playing with very different models to see which works and for what needs. So we're very happy with the AmazonFresh and we've now expanded quite a bit as you see in this year. And Prime Now, we're also very happy with, although obviously the economics in that business are even tougher, but we do feel that our scale makes that possible because of the geographic footprint and how close we already are to customers.\nDarin Manney: Hi, Mark. This is Darin. On fashion, yeah, fashion and apparel continue to be a large part of our EGM business and one that we're very excited about. We continue to make it easier for brands and manufacturers to come on board in that category. We continue to work with brands to come on board and we're happy with the traction we're seeing with those brands. And as we get more and more selection, we're really pleased with the customer engagement that we have there, both from the discoverability, the technology that goes behind making it easier to shop for fashion on our site as well as the increased selection by adding the brands.", "quarter": 3}}