{"id": 17362, "annotations": [{"id": 17465, "completed_by": 2, "result": [{"type": "labels", "value": {"end": 9, "text": "Operator", "start": 0, "labels": ["OPERATOR"]}, "origin": "manual", "to_name": "text", "from_name": "label-intro"}, {"type": "labels", "value": {"end": 112, "text": ": Thank you. The next question comes from Brian Pitz with Jefferies. Please proceed with your question.", "start": 10, "labels": ["INTRO"]}, "origin": "manual", "to_name": "text", "from_name": "label-intro"}, {"type": "labels", "value": {"end": 123, "text": "Brian Pitz", "start": 112, "labels": ["ANALYST"]}, "origin": "manual", "to_name": "text", "from_name": "label-intro"}, {"type": "labels", "value": {"end": 412, "text": ": Thank you. You mentioned Amazon Dash in the press release. Can you give us some color around how you're viewing the traction there both with customers and with brands and devices? And then maybe any update on Twitch. How is traffic and user engagement been trending on that site? Thanks.", "start": 124, "labels": ["QUESTION"]}, "origin": "manual", "to_name": "text", "from_name": "label-intro"}, {"type": "labels", "value": {"end": 424, "text": "Phil Hardin", "start": 412, "labels": ["REPRESENTATIVE"]}, "origin": "manual", "to_name": "text", "from_name": "label-intro"}, {"type": "labels", "value": {"end": 1074, "text": ": This is Phil. So on the Dash Buttons, we're really excited about what we're delivering there. I think, as you saw in the release, there are some new devices that take advantage of the underlying service that we think will be really convenient for sellers and interesting for device makers. So we're excited about what we're building there. Don't have any stats for you today. On the Twitch side, we continue to let Twitch do what Twitch does best. And so don't have any updates on numbers there. But they continue to really engage customers and offer a really unique experience, which was one of the reasons we were attracted to them to start with.", "start": 425, "labels": ["ANSWER"]}, "origin": "manual", "to_name": "text", "from_name": "label-intro"}, {"type": "labels", "value": {"end": 1085, "text": "Brian Pitz", "start": 1074, "labels": ["ANALYST"]}, "origin": "manual", "to_name": "text", "from_name": "label-intro"}, {"type": "labels", "value": {"end": 1157, "text": ": And maybe just quickly, end of year fulfillment and sortation centers?", "start": 1086, "labels": ["QUESTION"]}, "origin": "manual", "to_name": "text", "from_name": "label-intro"}, {"type": "labels", "value": {"end": 1172, "text": "Brian Olsavsky", "start": 1157, "labels": ["REPRESENTATIVE"]}, "origin": "manual", "to_name": "text", "from_name": "label-intro"}, {"type": "labels", "value": {"end": 1324, "text": ": Yes. I'll take that. So we ended the year at 123 fulfillment centers, up a net 14, and we have 23 sortation centers in the US, up four year-over-year.", "start": 1173, "labels": ["ANSWER"]}, "origin": "manual", "to_name": "text", "from_name": "label-intro"}], "was_cancelled": false, "ground_truth": true, "created_at": "2022-02-04T10:03:51.608090Z", "updated_at": "2022-02-04T10:03:51.608096Z", "lead_time": null, "prediction": {}, "result_count": 0, "task": 17362, "parent_prediction": null, "parent_annotation": null}], "data": {"year": 2015, "company": "AMZN", "my_text": "\nOperator: Thank you. The next question comes from Brian Pitz with Jefferies. Please proceed with your question.\nBrian Pitz: Thank you. You mentioned Amazon Dash in the press release. Can you give us some color around how you're viewing the traction there both with customers and with brands and devices? And then maybe any update on Twitch. How is traffic and user engagement been trending on that site? Thanks.\nPhil Hardin: This is Phil. So on the Dash Buttons, we're really excited about what we're delivering there. I think, as you saw in the release, there are some new devices that take advantage of the underlying service that we think will be really convenient for sellers and interesting for device makers. So we're excited about what we're building there. Don't have any stats for you today. On the Twitch side, we continue to let Twitch do what Twitch does best. And so don't have any updates on numbers there. But they continue to really engage customers and offer a really unique experience, which was one of the reasons we were attracted to them to start with.\nBrian Pitz: And maybe just quickly, end of year fulfillment and sortation centers?\nBrian Olsavsky: Yes. I'll take that. So we ended the year at 123 fulfillment centers, up a net 14, and we have 23 sortation centers in the US, up four year-over-year.", "quarter": 4}}