{"id": 18401, "annotations": [{"id": 18504, "completed_by": 2, "result": [{"type": "labels", "value": {"end": 9, "text": "Operator", "start": 0, "labels": ["OPERATOR"]}, "origin": "manual", "to_name": "text", "from_name": "label-intro"}, {"type": "labels", "value": {"end": 98, "text": ": Thank you. Our next question comes from the line of Mark May with Citi. Please proceed.", "start": 10, "labels": ["INTRO"]}, "origin": "manual", "to_name": "text", "from_name": "label-intro"}, {"type": "labels", "value": {"end": 110, "text": "Mark A. May", "start": 98, "labels": ["ANALYST"]}, "origin": "manual", "to_name": "text", "from_name": "label-intro"}, {"type": "labels", "value": {"end": 633, "text": ": Thank you. Question on AWS. Obviously in the last few quarters, you've seen accelerating revenue growth. This quarter, 46%, still quite strong, but dollar and percentage growth did slow. I'm just kind of curious are you just reaching a point in terms of a lot of large numbers where it will be more difficult to sustain not only accelerating growth, but sustain kind of the 40-plus-percent growth levels where we've been recently? Or was there something also going on kind of in the quarter that maybe drove that? Thanks.", "start": 111, "labels": ["QUESTION"]}, "origin": "manual", "to_name": "text", "from_name": "label-intro"}, {"type": "labels", "value": {"end": 651, "text": "Brian T. Olsavsky", "start": 633, "labels": ["REPRESENTATIVE"]}, "origin": "manual", "to_name": "text", "from_name": "label-intro"}, {"type": "labels", "value": {"end": 1230, "text": ": Yeah, thanks for your question. This growth rate is going to bounce around. We've had sequential increase in growth rate the prior three quarters, I believe, it was. This quarter is slightly down, but still 46% growth is very strong. We are at an annualized run rate above $26 billion and that was about $18 billion this time last year. So we're very happy with the growth in the business, the momentum that we're seeing with enterprise customers. And we just mentioned on the cost side, it's been a very good year from gaining greater efficiencies in our infrastructure costs.", "start": 652, "labels": ["ANSWER"]}, "origin": "manual", "to_name": "text", "from_name": "label-intro"}], "was_cancelled": false, "ground_truth": true, "created_at": "2022-02-04T10:25:34.065274Z", "updated_at": "2022-02-04T10:25:34.065279Z", "lead_time": null, "prediction": {}, "result_count": 0, "task": 18401, "parent_prediction": null, "parent_annotation": null}], "data": {"year": 2018, "company": "AMZN", "my_text": "\nOperator: Thank you. Our next question comes from the line of Mark May with Citi. Please proceed.\nMark A. May: Thank you. Question on AWS. Obviously in the last few quarters, you've seen accelerating revenue growth. This quarter, 46%, still quite strong, but dollar and percentage growth did slow. I'm just kind of curious are you just reaching a point in terms of a lot of large numbers where it will be more difficult to sustain not only accelerating growth, but sustain kind of the 40-plus-percent growth levels where we've been recently? Or was there something also going on kind of in the quarter that maybe drove that? Thanks.\nBrian T. Olsavsky: Yeah, thanks for your question. This growth rate is going to bounce around. We've had sequential increase in growth rate the prior three quarters, I believe, it was. This quarter is slightly down, but still 46% growth is very strong. We are at an annualized run rate above $26 billion and that was about $18 billion this time last year. So we're very happy with the growth in the business, the momentum that we're seeing with enterprise customers. And we just mentioned on the cost side, it's been a very good year from gaining greater efficiencies in our infrastructure costs.", "quarter": 3}}