{"id": 18432, "annotations": [{"id": 18535, "completed_by": 2, "result": [{"type": "labels", "value": {"end": 9, "text": "Operator", "start": 0, "labels": ["OPERATOR"]}, "origin": "manual", "to_name": "text", "from_name": "label-intro"}, {"type": "labels", "value": {"end": 98, "text": ": Thank you. Our next question comes from Heath Terry with Goldman Sachs. Please proceed.", "start": 10, "labels": ["INTRO"]}, "origin": "manual", "to_name": "text", "from_name": "label-intro"}, {"type": "labels", "value": {"end": 110, "text": "Heath Terry", "start": 98, "labels": ["ANALYST"]}, "origin": "manual", "to_name": "text", "from_name": "label-intro"}, {"type": "labels", "value": {"end": 807, "text": ": Great. Thanks. Just wondering back on the AWS side of things, can you give us a sense of sort of what you're seeing from a volume perspective? Obviously, price is always a big component of growth in this, but just trying to understand whether or not you're seeing similar trends in terms of growth rate deceleration on the volume side of things. And then to the extent that we're sort of thinking about the mix of either revenue or usage within that business. Are there any products or sort of product areas AI obviously being one that's been a major initiative for you that you're seeing particular either outside growth or under growth relative to the overall business that you would call out?", "start": 111, "labels": ["QUESTION"]}, "origin": "manual", "to_name": "text", "from_name": "label-intro"}, {"type": "labels", "value": {"end": 822, "text": "Brian Olsavsky", "start": 807, "labels": ["REPRESENTATIVE"]}, "origin": "manual", "to_name": "text", "from_name": "label-intro"}, {"type": "labels", "value": {"end": 1956, "text": ": Yes, sure. On that second point, I'd say we're seeing a lot of increased adoption and machine learning services especially Amazon Sage Maker. We've had tens of thousands of customers who are now using AWS machine learning services and we'll continue to innovate on behalf of those customers. We released more than 200 machine learning features and capabilities in 2018 alone in this area. Database is also a multibillion-dollar business propelled by Aurora. So we're seeing a lot of strength. We're seeing strong usage growth that outpaces revenue growth as usual increased pace of enterprise migrations. So, I would say that on a percentage growth basis again on a dollar basis, it's going very strongly. On a percentage growth basis, we are lapping some very strong growth in the first half of last year. We were growing about 50% in the first half of last year. There's some particular unique customer volumes that were flowing through that some customers have really high usage tied to their businesses. But for the most part, we continue to grow usage and our expansion of our services with all of our customers. So very happy.", "start": 823, "labels": ["ANSWER"]}, "origin": "manual", "to_name": "text", "from_name": "label-intro"}], "was_cancelled": false, "ground_truth": true, "created_at": "2022-02-04T10:25:34.067511Z", "updated_at": "2022-02-04T10:25:34.067517Z", "lead_time": null, "prediction": {}, "result_count": 0, "task": 18432, "parent_prediction": null, "parent_annotation": null}], "data": {"year": 2019, "company": "AMZN", "my_text": "\nOperator: Thank you. Our next question comes from Heath Terry with Goldman Sachs. Please proceed.\nHeath Terry: Great. Thanks. Just wondering back on the AWS side of things, can you give us a sense of sort of what you're seeing from a volume perspective? Obviously, price is always a big component of growth in this, but just trying to understand whether or not you're seeing similar trends in terms of growth rate deceleration on the volume side of things. And then to the extent that we're sort of thinking about the mix of either revenue or usage within that business. Are there any products or sort of product areas AI obviously being one that's been a major initiative for you that you're seeing particular either outside growth or under growth relative to the overall business that you would call out?\nBrian Olsavsky: Yes, sure. On that second point, I'd say we're seeing a lot of increased adoption and machine learning services especially Amazon Sage Maker. We've had tens of thousands of customers who are now using AWS machine learning services and we'll continue to innovate on behalf of those customers. We released more than 200 machine learning features and capabilities in 2018 alone in this area. Database is also a multibillion-dollar business propelled by Aurora. So we're seeing a lot of strength. We're seeing strong usage growth that outpaces revenue growth as usual increased pace of enterprise migrations. So, I would say that on a percentage growth basis again on a dollar basis, it's going very strongly. On a percentage growth basis, we are lapping some very strong growth in the first half of last year. We were growing about 50% in the first half of last year. There's some particular unique customer volumes that were flowing through that some customers have really high usage tied to their businesses. But for the most part, we continue to grow usage and our expansion of our services with all of our customers. So very happy.", "quarter": 2}}