{"id": 18345, "annotations": [{"id": 18448, "completed_by": 2, "result": [{"type": "labels", "value": {"end": 9, "text": "Operator", "start": 0, "labels": ["OPERATOR"]}, "origin": "manual", "to_name": "text", "from_name": "label-intro"}, {"type": "labels", "value": {"end": 117, "text": ": Thank you. Our next question comes from Heath Terry with Goldman Sachs. Please proceed with your question.", "start": 10, "labels": ["INTRO"]}, "origin": "manual", "to_name": "text", "from_name": "label-intro"}, {"type": "labels", "value": {"end": 129, "text": "Heath Terry", "start": 117, "labels": ["ANALYST"]}, "origin": "manual", "to_name": "text", "from_name": "label-intro"}, {"type": "labels", "value": {"end": 540, "text": ": Great. Thanks. I'm wondering if you could give us a sense of how we should think about the increase in unearned revenue. Obviously, this quarter biggest increase that you have seen from at least from a dollar perspective. What does that say about the way customers are changing in the behavior in the AWS business? How should we think about the way that that might be impacting pricing, mix, near-term growth?", "start": 130, "labels": ["QUESTION"]}, "origin": "manual", "to_name": "text", "from_name": "label-intro"}, {"type": "labels", "value": {"end": 553, "text": "Darin Manney", "start": 540, "labels": ["REPRESENTATIVE"]}, "origin": "manual", "to_name": "text", "from_name": "label-intro"}, {"type": "labels", "value": {"end": 1507, "text": ": Hi, Heath. This is Darin. Yeah, on a deferred revenue balances, as we've said in the past, the primary drivers of that increase are both the activity that we're seeing with our AWS customers and the purchase of Reserved Instances and prepaid credits for their account, as well as Prime member purchases. We're not breaking out the specific growth rates for Prime, but certainly it \u2013 we like what we see in terms of the growth, and it's been consistent with what we have seen over the last quarter or so. Certainly, the \u2013 part of that increase in deferred balances is related to Reserved Instances. As customers get more comfortable and begin to put more sustained workloads into the AWS services through buying RIs, they're able to get fairly significant discounts on their usage. And so we like that model. Customers certainly like that model. And collecting that through deferred revenue and then letting customers use that over time is very helpful.", "start": 554, "labels": ["ANSWER"]}, "origin": "manual", "to_name": "text", "from_name": "label-intro"}], "was_cancelled": false, "ground_truth": true, "created_at": "2022-02-04T10:25:34.061103Z", "updated_at": "2022-02-04T10:25:34.061108Z", "lead_time": null, "prediction": {}, "result_count": 0, "task": 18345, "parent_prediction": null, "parent_annotation": null}], "data": {"year": 2017, "company": "AMZN", "my_text": "\nOperator: Thank you. Our next question comes from Heath Terry with Goldman Sachs. Please proceed with your question.\nHeath Terry: Great. Thanks. I'm wondering if you could give us a sense of how we should think about the increase in unearned revenue. Obviously, this quarter biggest increase that you have seen from at least from a dollar perspective. What does that say about the way customers are changing in the behavior in the AWS business? How should we think about the way that that might be impacting pricing, mix, near-term growth?\nDarin Manney: Hi, Heath. This is Darin. Yeah, on a deferred revenue balances, as we've said in the past, the primary drivers of that increase are both the activity that we're seeing with our AWS customers and the purchase of Reserved Instances and prepaid credits for their account, as well as Prime member purchases. We're not breaking out the specific growth rates for Prime, but certainly it \u2013 we like what we see in terms of the growth, and it's been consistent with what we have seen over the last quarter or so. Certainly, the \u2013 part of that increase in deferred balances is related to Reserved Instances. As customers get more comfortable and begin to put more sustained workloads into the AWS services through buying RIs, they're able to get fairly significant discounts on their usage. And so we like that model. Customers certainly like that model. And collecting that through deferred revenue and then letting customers use that over time is very helpful.", "quarter": 1}}