{"id": 18407, "annotations": [{"id": 18510, "completed_by": 2, "result": [{"type": "labels", "value": {"end": 9, "text": "Operator", "start": 0, "labels": ["OPERATOR"]}, "origin": "manual", "to_name": "text", "from_name": "label-intro"}, {"type": "labels", "value": {"end": 116, "text": ": Thank you. Our next question comes from the line of Anthony DiClemente with Evercore ISI. Please proceed.", "start": 10, "labels": ["INTRO"]}, "origin": "manual", "to_name": "text", "from_name": "label-intro"}, {"type": "labels", "value": {"end": 135, "text": "Anthony DiClemente", "start": 116, "labels": ["ANALYST"]}, "origin": "manual", "to_name": "text", "from_name": "label-intro"}, {"type": "labels", "value": {"end": 833, "text": ": Thanks very much. Just wanted to dig in a little bit on advertising and the growth opportunity there. If you can help us on the potential for higher ad pricing in terms of the ROI for your marketers hopefully being reflected in higher price per ad. And then what about the ad load? So are we kind of close to being at a full ad load? Is there a long runway there? Just trying to get a sense for pricing and volume underneath advertising. And then also along the lines of advertising, heading into the holiday season, should we expect any increase in your efforts around Alexa commercialization, voice keyword ads let's say, and does that fit into your broader advertising growth strategy? Thanks.", "start": 136, "labels": ["QUESTION"]}, "origin": "manual", "to_name": "text", "from_name": "label-intro"}, {"type": "labels", "value": {"end": 851, "text": "Brian T. Olsavsky", "start": 833, "labels": ["REPRESENTATIVE"]}, "origin": "manual", "to_name": "text", "from_name": "label-intro"}, {"type": "labels", "value": {"end": 1878, "text": ": Yeah, let me talk a little bit more broadly about advertising. So yeah, we are seeing really strong adoption across a number of groups, Amazon vendors and sellers for sure, authors, as well as third-party advertisers who want to reach Amazon customers. As far as penetration, we don't have that quantified for you, but we still believe that there is a lot of room to continue to improve the presentation of and bringing to our customers new and more relevant purchase options. So we're continuing to invent both on the product side, the tools side with our goal being improve the usability of the tools for advertisers, make smarter recommendations for customers, automate activities so that advertisers don't have to work as hard, and invent new products for advertisers. If we do this right, we think we'll both help advertisers and help Amazon consumers at the same time. So I know it doesn't answer the question about specific rate increases or capacity, but that is the general strategy that we're seeing in advertising.", "start": 852, "labels": ["ANSWER"]}, "origin": "manual", "to_name": "text", "from_name": "label-intro"}, {"type": "labels", "value": {"end": 1890, "text": "Dave Fildes", "start": 1878, "labels": ["REPRESENTATIVE"]}, "origin": "manual", "to_name": "text", "from_name": "label-intro"}, {"type": "labels", "value": {"end": 3029, "text": ": Yeah, and this is Dave. Just jumping on the Alexa point, I mean, I think the short answer is we don't have any plans to add paid advertising to Alexa. I think we clearly had a lot of exciting things happen in the last month or two in terms of new announcements in devices out there. And I mean really looking at that, the goal is to make customers' lives easier and make it more convenient and a lot of that is you're seeing that in the homes and to some extent on the Go. So I think if you look at the recent announcements, you're seeing a few things. I mean, one, we're bringing a lot of cool hardware options to customers. Second thing, I mean, making the Alexa service smarter. It's getting smarter and more capable. And then also delivering tools for developers, helping them build for and really with Alexa. So I think making her smarter and seeing that she gets smarter with all the skills, leveraging the cloud and AI, becoming more knowledgeable and introducing a lot of really new cool new features. So really excited about the customer response with those devices and those tools so far and looking forward to doing even more.", "start": 1891, "labels": ["ANSWER"]}, "origin": "manual", "to_name": "text", "from_name": "label-intro"}], "was_cancelled": false, "ground_truth": true, "created_at": "2022-02-04T10:25:34.065687Z", "updated_at": "2022-02-04T10:25:34.065692Z", "lead_time": null, "prediction": {}, "result_count": 0, "task": 18407, "parent_prediction": null, "parent_annotation": null}], "data": {"year": 2018, "company": "AMZN", "my_text": "\nOperator: Thank you. Our next question comes from the line of Anthony DiClemente with Evercore ISI. Please proceed.\nAnthony DiClemente: Thanks very much. Just wanted to dig in a little bit on advertising and the growth opportunity there. If you can help us on the potential for higher ad pricing in terms of the ROI for your marketers hopefully being reflected in higher price per ad. And then what about the ad load? So are we kind of close to being at a full ad load? Is there a long runway there? Just trying to get a sense for pricing and volume underneath advertising. And then also along the lines of advertising, heading into the holiday season, should we expect any increase in your efforts around Alexa commercialization, voice keyword ads let's say, and does that fit into your broader advertising growth strategy? Thanks.\nBrian T. Olsavsky: Yeah, let me talk a little bit more broadly about advertising. So yeah, we are seeing really strong adoption across a number of groups, Amazon vendors and sellers for sure, authors, as well as third-party advertisers who want to reach Amazon customers. As far as penetration, we don't have that quantified for you, but we still believe that there is a lot of room to continue to improve the presentation of and bringing to our customers new and more relevant purchase options. So we're continuing to invent both on the product side, the tools side with our goal being improve the usability of the tools for advertisers, make smarter recommendations for customers, automate activities so that advertisers don't have to work as hard, and invent new products for advertisers. If we do this right, we think we'll both help advertisers and help Amazon consumers at the same time. So I know it doesn't answer the question about specific rate increases or capacity, but that is the general strategy that we're seeing in advertising.\nDave Fildes: Yeah, and this is Dave. Just jumping on the Alexa point, I mean, I think the short answer is we don't have any plans to add paid advertising to Alexa. I think we clearly had a lot of exciting things happen in the last month or two in terms of new announcements in devices out there. And I mean really looking at that, the goal is to make customers' lives easier and make it more convenient and a lot of that is you're seeing that in the homes and to some extent on the Go. So I think if you look at the recent announcements, you're seeing a few things. I mean, one, we're bringing a lot of cool hardware options to customers. Second thing, I mean, making the Alexa service smarter. It's getting smarter and more capable. And then also delivering tools for developers, helping them build for and really with Alexa. So I think making her smarter and seeing that she gets smarter with all the skills, leveraging the cloud and AI, becoming more knowledgeable and introducing a lot of really new cool new features. So really excited about the customer response with those devices and those tools so far and looking forward to doing even more.", "quarter": 3}}