{"id": 17356, "annotations": [{"id": 17459, "completed_by": 2, "result": [{"type": "labels", "value": {"end": 9, "text": "Operator", "start": 0, "labels": ["OPERATOR"]}, "origin": "manual", "to_name": "text", "from_name": "label-intro"}, {"type": "labels", "value": {"end": 136, "text": ": Thank you. Our next question comes from the line of Mark Mahaney with RBC Capital Markets. Please proceed with your question.", "start": 10, "labels": ["INTRO"]}, "origin": "manual", "to_name": "text", "from_name": "label-intro"}, {"type": "labels", "value": {"end": 149, "text": "Mark Mahaney", "start": 136, "labels": ["ANALYST"]}, "origin": "manual", "to_name": "text", "from_name": "label-intro"}, {"type": "labels", "value": {"end": 555, "text": ": Two things, please. Any callouts on the macro side? Occasionally you called things out, anything this time? And then can you talk a little bit about Amazon business, I know, there is a little bit of a line in the press release on it. I know you've had this for a couple of years. But any indications to materiality of that, the kind of momentum it's gaining, the kind of traction it's gaining? Thank you.", "start": 150, "labels": ["QUESTION"]}, "origin": "manual", "to_name": "text", "from_name": "label-intro"}, {"type": "labels", "value": {"end": 570, "text": "Brian Olsavsky", "start": 555, "labels": ["REPRESENTATIVE"]}, "origin": "manual", "to_name": "text", "from_name": "label-intro"}, {"type": "labels", "value": {"end": 1094, "text": ": Sure, Mark. Thanks for your questions. No macroeconomic comments. Again, we feel we're very encouraged by the customer response to our offerings in Q4. Amazon business, yes, in April you may remember we launched it as a marketplace with specific features and benefits for businesses. That - Amazon business now serves more than 200,000 businesses from small organizations to Fortune 500 companies. So it's still early, but we're encouraged and we think we're creating some value, a lot of value for our business customers.", "start": 571, "labels": ["ANSWER"]}, "origin": "manual", "to_name": "text", "from_name": "label-intro"}], "was_cancelled": false, "ground_truth": true, "created_at": "2022-02-04T10:03:51.607656Z", "updated_at": "2022-02-04T10:03:51.607661Z", "lead_time": null, "prediction": {}, "result_count": 0, "task": 17356, "parent_prediction": null, "parent_annotation": null}], "data": {"year": 2015, "company": "AMZN", "my_text": "\nOperator: Thank you. Our next question comes from the line of Mark Mahaney with RBC Capital Markets. Please proceed with your question.\nMark Mahaney: Two things, please. Any callouts on the macro side? Occasionally you called things out, anything this time? And then can you talk a little bit about Amazon business, I know, there is a little bit of a line in the press release on it. I know you've had this for a couple of years. But any indications to materiality of that, the kind of momentum it's gaining, the kind of traction it's gaining? Thank you.\nBrian Olsavsky: Sure, Mark. Thanks for your questions. No macroeconomic comments. Again, we feel we're very encouraged by the customer response to our offerings in Q4. Amazon business, yes, in April you may remember we launched it as a marketplace with specific features and benefits for businesses. That - Amazon business now serves more than 200,000 businesses from small organizations to Fortune 500 companies. So it's still early, but we're encouraged and we think we're creating some value, a lot of value for our business customers.", "quarter": 4}}