{"id": 17393, "annotations": [{"id": 17496, "completed_by": 2, "result": [{"type": "labels", "value": {"end": 9, "text": "Operator", "start": 0, "labels": ["OPERATOR"]}, "origin": "manual", "to_name": "text", "from_name": "label-intro"}, {"type": "labels", "value": {"end": 77, "text": ": Our next question comes from Colin Sebastian from Robert W. Baird.", "start": 10, "labels": ["INTRO"]}, "origin": "manual", "to_name": "text", "from_name": "label-intro"}, {"type": "labels", "value": {"end": 96, "text": "Colin A. Sebastian", "start": 77, "labels": ["ANALYST"]}, "origin": "manual", "to_name": "text", "from_name": "label-intro"}, {"type": "labels", "value": {"end": 500, "text": ": Okay. Thanks, guys. As another follow up on the margins, I was hoping you could comment on any impact from the investments and build out of enhanced transportation capabilities including the air cargo leases. And then secondly, was hoping you could identify any categories within EGM that are becoming more meaningful drivers of growth or at least are an increasing focus on the retail side? Thank you.", "start": 97, "labels": ["QUESTION"]}, "origin": "manual", "to_name": "text", "from_name": "label-intro"}, {"type": "labels", "value": {"end": 518, "text": "Brian T. Olsavsky", "start": 500, "labels": ["REPRESENTATIVE"]}, "origin": "manual", "to_name": "text", "from_name": "label-intro"}, {"type": "labels", "value": {"end": 1558, "text": ": Yeah, sure. First, on EGM, I'll just say the growth is across a lot of different products, none to exactly call out here, and we think that a lot of it is, of course, driven by the growth of Prime itself. EGM in North America grew 32%, which was higher than the revenue growth rate, and also grew 36% internationally. So when people join Prime, they are certainly buying EGM in strong quantity. So that continues to grow with the growth of the Prime program. On transportation, I think your question was about whether that's impacting our short-term results. No. The answer is no. We are certainly expanding our service offerings in the transportation side and we have been for many years, things like sortation centers and delivery methods. The plane deal that we were talking about is essentially planes that we're going to be leasing from other companies, and you'll hear more about that as we go forward, but that is to essentially take on the demand for internal flights as we move product around. It certainly will be well utilized.", "start": 519, "labels": ["ANSWER"]}, "origin": "manual", "to_name": "text", "from_name": "label-intro"}], "was_cancelled": false, "ground_truth": true, "created_at": "2022-02-04T10:03:51.610479Z", "updated_at": "2022-02-04T10:03:51.610484Z", "lead_time": null, "prediction": {}, "result_count": 0, "task": 17393, "parent_prediction": null, "parent_annotation": null}], "data": {"year": 2016, "company": "AMZN", "my_text": "\nOperator: Our next question comes from Colin Sebastian from Robert W. Baird.\nColin A. Sebastian: Okay. Thanks, guys. As another follow up on the margins, I was hoping you could comment on any impact from the investments and build out of enhanced transportation capabilities including the air cargo leases. And then secondly, was hoping you could identify any categories within EGM that are becoming more meaningful drivers of growth or at least are an increasing focus on the retail side? Thank you.\nBrian T. Olsavsky: Yeah, sure. First, on EGM, I'll just say the growth is across a lot of different products, none to exactly call out here, and we think that a lot of it is, of course, driven by the growth of Prime itself. EGM in North America grew 32%, which was higher than the revenue growth rate, and also grew 36% internationally. So when people join Prime, they are certainly buying EGM in strong quantity. So that continues to grow with the growth of the Prime program. On transportation, I think your question was about whether that's impacting our short-term results. No. The answer is no. We are certainly expanding our service offerings in the transportation side and we have been for many years, things like sortation centers and delivery methods. The plane deal that we were talking about is essentially planes that we're going to be leasing from other companies, and you'll hear more about that as we go forward, but that is to essentially take on the demand for internal flights as we move product around. It certainly will be well utilized.", "quarter": 2}}