{"id": 18460, "annotations": [{"id": 18563, "completed_by": 2, "result": [{"type": "labels", "value": {"end": 9, "text": "Operator", "start": 0, "labels": ["OPERATOR"]}, "origin": "manual", "to_name": "text", "from_name": "label-intro"}, {"type": "labels", "value": {"end": 105, "text": ": Thank you. Our next question comes from the line of Doug Anmuth with JPMorgan. Please proceed.", "start": 10, "labels": ["INTRO"]}, "origin": "manual", "to_name": "text", "from_name": "label-intro"}, {"type": "labels", "value": {"end": 117, "text": "Doug Anmuth", "start": 105, "labels": ["ANALYST"]}, "origin": "manual", "to_name": "text", "from_name": "label-intro"}, {"type": "labels", "value": {"end": 597, "text": ": Thanks for taking the question. I just want to shift gears to grocery. I know you added Amazon Fresh into Prime kind of removing the previous $14.99 a month component there and putting it into Prime and you talked about the 2,000 U.S. cities and towns with two-hour delivery. Can you just talk about what the early impact there is of bundling kind of Fresh into Prime at this point? And then just how you're thinking about your grocery strategy as you're positioned now? Thanks.", "start": 118, "labels": ["QUESTION"]}, "origin": "manual", "to_name": "text", "from_name": "label-intro"}, {"type": "labels", "value": {"end": 612, "text": "Brian Olsavsky", "start": 597, "labels": ["REPRESENTATIVE"]}, "origin": "manual", "to_name": "text", "from_name": "label-intro"}, {"type": "labels", "value": {"end": 1271, "text": ": Sure. Thanks for your question. So, early results are good. We -- our grocery delivery orders from the combination of Amazon Fresh and Whole Foods Market more than doubled in the fourth quarter year-over-year. So, we believe customers are starting to notice and take advantage of this. We wanted to take -- we will see where people's tastes and preferences will take them. We are -- whether they go to the store, the Whole Foods Market store, whether they use Prime Now or Amazon delivery for their groceries. Right now, we're really just testing and reacting to the customer demand and the customers' preferences and we'll do so for the foreseeable future.", "start": 613, "labels": ["ANSWER"]}, "origin": "manual", "to_name": "text", "from_name": "label-intro"}], "was_cancelled": false, "ground_truth": true, "created_at": "2022-02-04T10:25:34.069512Z", "updated_at": "2022-02-04T10:25:34.069521Z", "lead_time": null, "prediction": {}, "result_count": 0, "task": 18460, "parent_prediction": null, "parent_annotation": null}], "data": {"year": 2019, "company": "AMZN", "my_text": "\nOperator: Thank you. Our next question comes from the line of Doug Anmuth with JPMorgan. Please proceed.\nDoug Anmuth: Thanks for taking the question. I just want to shift gears to grocery. I know you added Amazon Fresh into Prime kind of removing the previous $14.99 a month component there and putting it into Prime and you talked about the 2,000 U.S. cities and towns with two-hour delivery. Can you just talk about what the early impact there is of bundling kind of Fresh into Prime at this point? And then just how you're thinking about your grocery strategy as you're positioned now? Thanks.\nBrian Olsavsky: Sure. Thanks for your question. So, early results are good. We -- our grocery delivery orders from the combination of Amazon Fresh and Whole Foods Market more than doubled in the fourth quarter year-over-year. So, we believe customers are starting to notice and take advantage of this. We wanted to take -- we will see where people's tastes and preferences will take them. We are -- whether they go to the store, the Whole Foods Market store, whether they use Prime Now or Amazon delivery for their groceries. Right now, we're really just testing and reacting to the customer demand and the customers' preferences and we'll do so for the foreseeable future.", "quarter": 4}}