{"id": 18434, "annotations": [{"id": 18537, "completed_by": 2, "result": [{"type": "labels", "value": {"end": 9, "text": "Operator", "start": 0, "labels": ["OPERATOR"]}, "origin": "manual", "to_name": "text", "from_name": "label-intro"}, {"type": "labels", "value": {"end": 100, "text": ": Thank you. Our next question comes from Jason Helfstein with Oppenheimer. Please proceed.", "start": 10, "labels": ["INTRO"]}, "origin": "manual", "to_name": "text", "from_name": "label-intro"}, {"type": "labels", "value": {"end": 116, "text": "Jason Helfstein", "start": 100, "labels": ["ANALYST"]}, "origin": "manual", "to_name": "text", "from_name": "label-intro"}, {"type": "labels", "value": {"end": 518, "text": ": Thanks. So in the release you made a comment about automotive and Alexa, anything you want to elaborate a little more that looks like that's a very interesting opportunity? And then with respect to India, there were two comments in the release, but anything you can comment on kind of getting past some of the issues that had impacted the business in the past? I know you're past that now. Thank you.", "start": 117, "labels": ["QUESTION"]}, "origin": "manual", "to_name": "text", "from_name": "label-intro"}, {"type": "labels", "value": {"end": 533, "text": "Brian Olsavsky", "start": 518, "labels": ["REPRESENTATIVE"]}, "origin": "manual", "to_name": "text", "from_name": "label-intro"}, {"type": "labels", "value": {"end": 1958, "text": ": Yes. Let me start with India. So yes, continue to see growth in programs for both sellers -- for our sellers and delivery partners. In the last 18 months, we've doubled the number of paid Prime member, which we're very excited about. We've invested a lot in our global selling program, which helps Indian sellers not only reach customers in India, but also in other geographies around the world. We started Amazon Flex in India, which helps our local partners to deliver packages, gives them jobs, grows our delivery capacity for sellers and increases our speed of delivery. So it's a win-win. We've also introduced package-free shipment program in nine cities. This is going to be a big part of our shipment zero program, a vision to make all Amazon shipment net carbon zero. On the government side, our engagement with the Indian government makes us optimistic about partnering and collaborating to seek a stable predicable policy that allow us to continue investing in our technology and infrastructure. And it also helps us to create jobs and scale local businesses. So, we think there's a lot of shared purpose there and a good quarter where we're looking forward to the Diwali holiday this year. The events we have for Diwali were all in Q4 last year some of them are in Q3 this year based on the timing of the holiday. So, that's factored into our international \u2013 excuse me, our, revenue growth rate for the quarter.", "start": 534, "labels": ["ANSWER"]}, "origin": "manual", "to_name": "text", "from_name": "label-intro"}, {"type": "labels", "value": {"end": 1970, "text": "Dave Fildes", "start": 1958, "labels": ["REPRESENTATIVE"]}, "origin": "manual", "to_name": "text", "from_name": "label-intro"}, {"type": "labels", "value": {"end": 2726, "text": ": Yes, Jason. This is Dave. Just quickly on the Alexa point and auto, Alexa is really a more and more place. I think the point you're probably referencing is, we're now seeing hundreds of third-party devices with Alexa built in. So that runs the gamut from smart thermostat and another smart home devices, headphones, but also vehicle. So we've seen a lot of good partnerships and arrangements with companies like BMW and Mini and not just in the U.S., but in places like Europe as well. So a lot of this of course is just around the great power of Alexa and being able to offer even greater convenience and touch points where customers can interact with that and we're seeing a lot of good momentum with usage and how customers are interacting with Alexa.", "start": 1971, "labels": ["ANSWER"]}, "origin": "manual", "to_name": "text", "from_name": "label-intro"}], "was_cancelled": false, "ground_truth": true, "created_at": "2022-02-04T10:25:34.067657Z", "updated_at": "2022-02-04T10:25:34.067662Z", "lead_time": null, "prediction": {}, "result_count": 0, "task": 18434, "parent_prediction": null, "parent_annotation": null}], "data": {"year": 2019, "company": "AMZN", "my_text": "\nOperator: Thank you. Our next question comes from Jason Helfstein with Oppenheimer. Please proceed.\nJason Helfstein: Thanks. So in the release you made a comment about automotive and Alexa, anything you want to elaborate a little more that looks like that's a very interesting opportunity? And then with respect to India, there were two comments in the release, but anything you can comment on kind of getting past some of the issues that had impacted the business in the past? I know you're past that now. Thank you.\nBrian Olsavsky: Yes. Let me start with India. So yes, continue to see growth in programs for both sellers -- for our sellers and delivery partners. In the last 18 months, we've doubled the number of paid Prime member, which we're very excited about. We've invested a lot in our global selling program, which helps Indian sellers not only reach customers in India, but also in other geographies around the world. We started Amazon Flex in India, which helps our local partners to deliver packages, gives them jobs, grows our delivery capacity for sellers and increases our speed of delivery. So it's a win-win. We've also introduced package-free shipment program in nine cities. This is going to be a big part of our shipment zero program, a vision to make all Amazon shipment net carbon zero. On the government side, our engagement with the Indian government makes us optimistic about partnering and collaborating to seek a stable predicable policy that allow us to continue investing in our technology and infrastructure. And it also helps us to create jobs and scale local businesses. So, we think there's a lot of shared purpose there and a good quarter where we're looking forward to the Diwali holiday this year. The events we have for Diwali were all in Q4 last year some of them are in Q3 this year based on the timing of the holiday. So, that's factored into our international \u2013 excuse me, our, revenue growth rate for the quarter.\nDave Fildes: Yes, Jason. This is Dave. Just quickly on the Alexa point and auto, Alexa is really a more and more place. I think the point you're probably referencing is, we're now seeing hundreds of third-party devices with Alexa built in. So that runs the gamut from smart thermostat and another smart home devices, headphones, but also vehicle. So we've seen a lot of good partnerships and arrangements with companies like BMW and Mini and not just in the U.S., but in places like Europe as well. So a lot of this of course is just around the great power of Alexa and being able to offer even greater convenience and touch points where customers can interact with that and we're seeing a lot of good momentum with usage and how customers are interacting with Alexa.", "quarter": 2}}