{"id": 17365, "annotations": [{"id": 17468, "completed_by": 2, "result": [{"type": "labels", "value": {"end": 9, "text": "Operator", "start": 0, "labels": ["OPERATOR"]}, "origin": "manual", "to_name": "text", "from_name": "label-intro"}, {"type": "labels", "value": {"end": 123, "text": ": Thank you. Our next question comes from the line of Paul Vogel with Barclays. Please proceed with your question.", "start": 10, "labels": ["INTRO"]}, "origin": "manual", "to_name": "text", "from_name": "label-intro"}, {"type": "labels", "value": {"end": 134, "text": "Paul Vogel", "start": 123, "labels": ["ANALYST"]}, "origin": "manual", "to_name": "text", "from_name": "label-intro"}, {"type": "labels", "value": {"end": 490, "text": ": Great. Thanks. Just wonder if you could give an update on the strategy around same-day shipping. How we should think about kind of further expansion of that and kind of what parameters do you guys use to determine what markets to go in? Is it density of the market? Is it proximity of your distribution facilities? Just some color on that would be great.", "start": 135, "labels": ["QUESTION"]}, "origin": "manual", "to_name": "text", "from_name": "label-intro"}, {"type": "labels", "value": {"end": 505, "text": "Brian Olsavsky", "start": 490, "labels": ["REPRESENTATIVE"]}, "origin": "manual", "to_name": "text", "from_name": "label-intro"}, {"type": "labels", "value": {"end": 1147, "text": ": So we deliver, really quickly, a couple of ways. One is the same-day that you've seen us rollout in number of markets here in the US. There is Prime Now and we're now in more than 25 metropolitan areas for Prime Now. And delivering for free in two hours is difficult and expensive, but customers love it. So we feel like this is the natural evolution of our delivery and we're happy to invest in that service. You know, we like what it does for Prime members. We like the convenience factor. And so we're taking a long-term approach and doing what we normally do, which is really focus on continuing to drive greater and greater efficiency.", "start": 506, "labels": ["ANSWER"]}, "origin": "manual", "to_name": "text", "from_name": "label-intro"}], "was_cancelled": false, "ground_truth": true, "created_at": "2022-02-04T10:03:51.608306Z", "updated_at": "2022-02-04T10:03:51.608311Z", "lead_time": null, "prediction": {}, "result_count": 0, "task": 17365, "parent_prediction": null, "parent_annotation": null}], "data": {"year": 2015, "company": "AMZN", "my_text": "\nOperator: Thank you. Our next question comes from the line of Paul Vogel with Barclays. Please proceed with your question.\nPaul Vogel: Great. Thanks. Just wonder if you could give an update on the strategy around same-day shipping. How we should think about kind of further expansion of that and kind of what parameters do you guys use to determine what markets to go in? Is it density of the market? Is it proximity of your distribution facilities? Just some color on that would be great.\nBrian Olsavsky: So we deliver, really quickly, a couple of ways. One is the same-day that you've seen us rollout in number of markets here in the US. There is Prime Now and we're now in more than 25 metropolitan areas for Prime Now. And delivering for free in two hours is difficult and expensive, but customers love it. So we feel like this is the natural evolution of our delivery and we're happy to invest in that service. You know, we like what it does for Prime members. We like the convenience factor. And so we're taking a long-term approach and doing what we normally do, which is really focus on continuing to drive greater and greater efficiency.", "quarter": 4}}