{"id": 18405, "annotations": [{"id": 18508, "completed_by": 2, "result": [{"type": "labels", "value": {"end": 9, "text": "Operator", "start": 0, "labels": ["OPERATOR"]}, "origin": "manual", "to_name": "text", "from_name": "label-intro"}, {"type": "labels", "value": {"end": 126, "text": ": Thank you. Our next question comes from the line of Youssef Squali with SunTrust Robinson Humphrey. Please proceed.", "start": 10, "labels": ["INTRO"]}, "origin": "manual", "to_name": "text", "from_name": "label-intro"}, {"type": "labels", "value": {"end": 141, "text": "Youssef Squali", "start": 126, "labels": ["ANALYST"]}, "origin": "manual", "to_name": "text", "from_name": "label-intro"}, {"type": "labels", "value": {"end": 583, "text": ": Great. Thank you very much. Two quick questions. First, can you quantify the contribution of PillPack acquisition in the quarter? Maybe help us understand the strategy there. And then there is some news, reports suggesting that you guys were working on an ad supported video streaming service under the IMDb brand. Can you just help shed any more light on that, is that especially relative to your Prime Video offering? Thank you very much.", "start": 142, "labels": ["QUESTION"]}, "origin": "manual", "to_name": "text", "from_name": "label-intro"}, {"type": "labels", "value": {"end": 601, "text": "Brian T. Olsavsky", "start": 583, "labels": ["REPRESENTATIVE"]}, "origin": "manual", "to_name": "text", "from_name": "label-intro"}, {"type": "labels", "value": {"end": 1087, "text": ": Let me start with PillPack. The deal closed in September. So it wasn't a material impact on the quarter, but we're excited, really excited to start working with the management team there. They're very strong. They've done a great job building a highly differentiated customer experience, just customer-centric like we are. And right now our focus is on learning from them and innovating with them on how best to meet customer needs over time. I'll let Dave handle the second question.", "start": 602, "labels": ["ANSWER"]}, "origin": "manual", "to_name": "text", "from_name": "label-intro"}, {"type": "labels", "value": {"end": 1099, "text": "Dave Fildes", "start": 1087, "labels": ["REPRESENTATIVE"]}, "origin": "manual", "to_name": "text", "from_name": "label-intro"}, {"type": "labels", "value": {"end": 1209, "text": ": Yeah. I think, I mean, we have no plans to build an ad-supported Prime Video offering for free at this time.", "start": 1100, "labels": ["ANSWER"]}, "origin": "manual", "to_name": "text", "from_name": "label-intro"}], "was_cancelled": false, "ground_truth": true, "created_at": "2022-02-04T10:25:34.065545Z", "updated_at": "2022-02-04T10:25:34.065550Z", "lead_time": null, "prediction": {}, "result_count": 0, "task": 18405, "parent_prediction": null, "parent_annotation": null}], "data": {"year": 2018, "company": "AMZN", "my_text": "\nOperator: Thank you. Our next question comes from the line of Youssef Squali with SunTrust Robinson Humphrey. Please proceed.\nYoussef Squali: Great. Thank you very much. Two quick questions. First, can you quantify the contribution of PillPack acquisition in the quarter? Maybe help us understand the strategy there. And then there is some news, reports suggesting that you guys were working on an ad supported video streaming service under the IMDb brand. Can you just help shed any more light on that, is that especially relative to your Prime Video offering? Thank you very much.\nBrian T. Olsavsky: Let me start with PillPack. The deal closed in September. So it wasn't a material impact on the quarter, but we're excited, really excited to start working with the management team there. They're very strong. They've done a great job building a highly differentiated customer experience, just customer-centric like we are. And right now our focus is on learning from them and innovating with them on how best to meet customer needs over time. I'll let Dave handle the second question.\nDave Fildes: Yeah. I think, I mean, we have no plans to build an ad-supported Prime Video offering for free at this time.", "quarter": 3}}