{"id": 18406, "annotations": [{"id": 18509, "completed_by": 2, "result": [{"type": "labels", "value": {"end": 9, "text": "Operator", "start": 0, "labels": ["OPERATOR"]}, "origin": "manual", "to_name": "text", "from_name": "label-intro"}, {"type": "labels", "value": {"end": 122, "text": ": Thank you. Our next question comes from the line of Jason Helfstein with Oppenheimer & Company. Please proceed.", "start": 10, "labels": ["INTRO"]}, "origin": "manual", "to_name": "text", "from_name": "label-intro"}, {"type": "labels", "value": {"end": 138, "text": "Jason Helfstein", "start": 122, "labels": ["ANALYST"]}, "origin": "manual", "to_name": "text", "from_name": "label-intro"}, {"type": "labels", "value": {"end": 784, "text": ": Thanks. Two questions. First, I think I may have missed earlier. You gave out the impact of ASC 606. And then maybe second question, I think what one of the things people are trying to think through is you obviously guide to revenue and operating income, but as the business is more than 3P and advertising, gross profit is now much more important and just the way you kind of capture the value you provide. So maybe if you can \u2013 is there a way to just kind of help us kind of foot the perhaps slower revenue growth we're seeing versus what's obviously you extracting kind of more value for your partners and customers and for yourself? Thanks.", "start": 139, "labels": ["QUESTION"]}, "origin": "manual", "to_name": "text", "from_name": "label-intro"}, {"type": "labels", "value": {"end": 796, "text": "Dave Fildes", "start": 784, "labels": ["REPRESENTATIVE"]}, "origin": "manual", "to_name": "text", "from_name": "label-intro"}, {"type": "labels", "value": {"end": 1451, "text": ": Yeah. Thanks, Jason. This is Dave. Just quickly on the ASC impact, Brian mentioned earlier that of course we've been talking about it all year the changing, and the subscription revenue recognition is now straight line. So on a comp basis you'd expect to see subscription revenue be about $300 million lower due to that accounting change. The other piece that we hadn't talked about is the reclass that we gave in the past few quarters, specifically around the advertising services that have moved from Contra COGS into other revenue beginning in 2018. That was about $750 million increase to that other sales revenue category here in the third quarter.", "start": 797, "labels": ["ANSWER"]}, "origin": "manual", "to_name": "text", "from_name": "label-intro"}, {"type": "labels", "value": {"end": 1469, "text": "Brian T. Olsavsky", "start": 1451, "labels": ["REPRESENTATIVE"]}, "origin": "manual", "to_name": "text", "from_name": "label-intro"}, {"type": "labels", "value": {"end": 2177, "text": ": Yeah. And your comment on revenue versus operating income versus potentially gross profit, I would say the impact of third-party growth and we're now \u2013 up to 53% of our paid units in the quarter were third-party. It's steadily been going up. It's up 300 basis points year-over-year. So I think the impact on revenue growth rate, since the revenue component of that is not as large, is probably something to consider on a year-over-year period. I think it tends to not be as big a factor, sequentially quarter-over-quarter is the gradual growth in it. But again, we'll continue to give revenue guidance and also operating income to an appropriately conservative level that we've tried to maintain over time.", "start": 1470, "labels": ["ANSWER"]}, "origin": "manual", "to_name": "text", "from_name": "label-intro"}], "was_cancelled": false, "ground_truth": true, "created_at": "2022-02-04T10:25:34.065615Z", "updated_at": "2022-02-04T10:25:34.065620Z", "lead_time": null, "prediction": {}, "result_count": 0, "task": 18406, "parent_prediction": null, "parent_annotation": null}], "data": {"year": 2018, "company": "AMZN", "my_text": "\nOperator: Thank you. Our next question comes from the line of Jason Helfstein with Oppenheimer & Company. Please proceed.\nJason Helfstein: Thanks. Two questions. First, I think I may have missed earlier. You gave out the impact of ASC 606. And then maybe second question, I think what one of the things people are trying to think through is you obviously guide to revenue and operating income, but as the business is more than 3P and advertising, gross profit is now much more important and just the way you kind of capture the value you provide. So maybe if you can \u2013 is there a way to just kind of help us kind of foot the perhaps slower revenue growth we're seeing versus what's obviously you extracting kind of more value for your partners and customers and for yourself? Thanks.\nDave Fildes: Yeah. Thanks, Jason. This is Dave. Just quickly on the ASC impact, Brian mentioned earlier that of course we've been talking about it all year the changing, and the subscription revenue recognition is now straight line. So on a comp basis you'd expect to see subscription revenue be about $300 million lower due to that accounting change. The other piece that we hadn't talked about is the reclass that we gave in the past few quarters, specifically around the advertising services that have moved from Contra COGS into other revenue beginning in 2018. That was about $750 million increase to that other sales revenue category here in the third quarter.\nBrian T. Olsavsky: Yeah. And your comment on revenue versus operating income versus potentially gross profit, I would say the impact of third-party growth and we're now \u2013 up to 53% of our paid units in the quarter were third-party. It's steadily been going up. It's up 300 basis points year-over-year. So I think the impact on revenue growth rate, since the revenue component of that is not as large, is probably something to consider on a year-over-year period. I think it tends to not be as big a factor, sequentially quarter-over-quarter is the gradual growth in it. But again, we'll continue to give revenue guidance and also operating income to an appropriately conservative level that we've tried to maintain over time.", "quarter": 3}}