{"id": 17320, "annotations": [{"id": 17423, "completed_by": 2, "result": [{"type": "labels", "value": {"end": 9, "text": "Operator", "start": 0, "labels": ["OPERATOR"]}, "origin": "manual", "to_name": "text", "from_name": "label-intro"}, {"type": "labels", "value": {"end": 69, "text": ": Our next question comes from Douglas Anmuth with JPMorgan.", "start": 10, "labels": ["INTRO"]}, "origin": "manual", "to_name": "text", "from_name": "label-intro"}, {"type": "labels", "value": {"end": 87, "text": "Douglas T. Anmuth", "start": 69, "labels": ["ANALYST"]}, "origin": "manual", "to_name": "text", "from_name": "label-intro"}, {"type": "labels", "value": {"end": 726, "text": ": Great. Thanks for taking the question. Just two things I wanted to ask, First on Prime Day. Brian, if you could give a little more color there on the early takeaways that you have and then also perhaps more importantly how you think that sets Amazon up for the back-to-school season and then also the holidays later in the year? And then also can you just comment on the head count, which I believe is up 18,000 or so sequentially, which I believe is the biggest number that you've ever added in a quarter. Is there anything in particular that stands out there, or just more fulfillment centers, more geography expansion as well? Thanks.", "start": 88, "labels": ["QUESTION"]}, "origin": "manual", "to_name": "text", "from_name": "label-intro"}, {"type": "labels", "value": {"end": 744, "text": "Brian T. Olsavsky", "start": 726, "labels": ["REPRESENTATIVE"]}, "origin": "manual", "to_name": "text", "from_name": "label-intro"}, {"type": "labels", "value": {"end": 1909, "text": ": Let me start with that second question first. Yes, head count was up 38% year-over-year. The vast majority of that is in operations where we are adding people for our new FCs and call centers. We continue to look for smart, innovative people who want to build on behalf of customers and \u2013 but this particular quarter is colored a bit by the operations growth. If you look at Prime Day, we're thrilled with the results of Prime Day. It surpassed all of our expectations. Any metric we look at, everything was a huge success. Customers save millions. New Prime members signed up in higher rates than we've ever seen. People bought more devices than on any other day. So, it's a great success. My hats off to operations team and all the people who worked on that because it was Christmas in July quite frankly, a bigger day than Black Friday, as we've said and orders increased 266% year-over-year. I'll also point out that worldwide FBA unit growth approached 300%, so not only was it a great day for Amazon, it was also a great day for our sellers which is great. So while not breaking out the impact of Prime Day specifically, it's incorporated into our guidance.", "start": 745, "labels": ["ANSWER"]}, "origin": "manual", "to_name": "text", "from_name": "label-intro"}], "was_cancelled": false, "ground_truth": true, "created_at": "2022-02-04T10:03:51.605043Z", "updated_at": "2022-02-04T10:03:51.605048Z", "lead_time": null, "prediction": {}, "result_count": 0, "task": 17320, "parent_prediction": null, "parent_annotation": null}], "data": {"year": 2015, "company": "AMZN", "my_text": "\nOperator: Our next question comes from Douglas Anmuth with JPMorgan.\nDouglas T. Anmuth: Great. Thanks for taking the question. Just two things I wanted to ask, First on Prime Day. Brian, if you could give a little more color there on the early takeaways that you have and then also perhaps more importantly how you think that sets Amazon up for the back-to-school season and then also the holidays later in the year? And then also can you just comment on the head count, which I believe is up 18,000 or so sequentially, which I believe is the biggest number that you've ever added in a quarter. Is there anything in particular that stands out there, or just more fulfillment centers, more geography expansion as well? Thanks.\nBrian T. Olsavsky: Let me start with that second question first. Yes, head count was up 38% year-over-year. The vast majority of that is in operations where we are adding people for our new FCs and call centers. We continue to look for smart, innovative people who want to build on behalf of customers and \u2013 but this particular quarter is colored a bit by the operations growth. If you look at Prime Day, we're thrilled with the results of Prime Day. It surpassed all of our expectations. Any metric we look at, everything was a huge success. Customers save millions. New Prime members signed up in higher rates than we've ever seen. People bought more devices than on any other day. So, it's a great success. My hats off to operations team and all the people who worked on that because it was Christmas in July quite frankly, a bigger day than Black Friday, as we've said and orders increased 266% year-over-year. I'll also point out that worldwide FBA unit growth approached 300%, so not only was it a great day for Amazon, it was also a great day for our sellers which is great. So while not breaking out the impact of Prime Day specifically, it's incorporated into our guidance.", "quarter": 2}}