{"id": 18450, "annotations": [{"id": 18553, "completed_by": 2, "result": [{"type": "labels", "value": {"end": 9, "text": "Operator", "start": 0, "labels": ["OPERATOR"]}, "origin": "manual", "to_name": "text", "from_name": "label-intro"}, {"type": "labels", "value": {"end": 94, "text": ": Thank you. Our next question comes from Colin Sebastian with Baird. Please proceed.", "start": 10, "labels": ["INTRO"]}, "origin": "manual", "to_name": "text", "from_name": "label-intro"}, {"type": "labels", "value": {"end": 110, "text": "Colin Sebastian", "start": 94, "labels": ["ANALYST"]}, "origin": "manual", "to_name": "text", "from_name": "label-intro"}, {"type": "labels", "value": {"end": 681, "text": ": Thanks. Maybe first is a follow-up on the logistics and delivery side. I\u2019m wondering if you could give us some sense for the portion of SKUs in the U.S. or orders in the U.S. that are now delivered through your own network of drivers and partners.  And then secondly, there have been some reports that Amazon is or on occasion is delivering products for other merchants or suppliers, not specifically tied to an Amazon order. So just wondering if you view this as another potential opportunity down the road as you get excess capacity and on the logistics side? Thanks.", "start": 111, "labels": ["QUESTION"]}, "origin": "manual", "to_name": "text", "from_name": "label-intro"}, {"type": "labels", "value": {"end": 693, "text": "Dave Fildes", "start": 681, "labels": ["REPRESENTATIVE"]}, "origin": "manual", "to_name": "text", "from_name": "label-intro"}, {"type": "labels", "value": {"end": 1544, "text": ": Yeah Colin, hey it\u2019s Dave. Thanks for the question. On that second point, in terms of how we think about the capacity we might have for our own, I think you know \u2013 I\u2019d start with, you know we\u2019ve got a great relationship with third party carriers across the countries where we operate.  Over time I think you know we\u2019ll look and expect to be able to grow our internal volume using AMZL or Amazon Logistics, but also continue to grow our 3P volumes with carriers, transporters around the world. But our focus is really on ensuring that we\u2019ve got capacity from available resources, whether it\u2019s our own or our great carrier partners to be able to serve the small and medium-sized businesses in the 3P realm, but also the first party items that we are receiving orders from customers, making sure we\u2019re able to deliver those things quickly and reliably.", "start": 694, "labels": ["ANSWER"]}, "origin": "manual", "to_name": "text", "from_name": "label-intro"}], "was_cancelled": false, "ground_truth": true, "created_at": "2022-02-04T10:25:34.068793Z", "updated_at": "2022-02-04T10:25:34.068798Z", "lead_time": null, "prediction": {}, "result_count": 0, "task": 18450, "parent_prediction": null, "parent_annotation": null}], "data": {"year": 2019, "company": "AMZN", "my_text": "\nOperator: Thank you. Our next question comes from Colin Sebastian with Baird. Please proceed.\nColin Sebastian: Thanks. Maybe first is a follow-up on the logistics and delivery side. I\u2019m wondering if you could give us some sense for the portion of SKUs in the U.S. or orders in the U.S. that are now delivered through your own network of drivers and partners.  And then secondly, there have been some reports that Amazon is or on occasion is delivering products for other merchants or suppliers, not specifically tied to an Amazon order. So just wondering if you view this as another potential opportunity down the road as you get excess capacity and on the logistics side? Thanks.\nDave Fildes: Yeah Colin, hey it\u2019s Dave. Thanks for the question. On that second point, in terms of how we think about the capacity we might have for our own, I think you know \u2013 I\u2019d start with, you know we\u2019ve got a great relationship with third party carriers across the countries where we operate.  Over time I think you know we\u2019ll look and expect to be able to grow our internal volume using AMZL or Amazon Logistics, but also continue to grow our 3P volumes with carriers, transporters around the world. But our focus is really on ensuring that we\u2019ve got capacity from available resources, whether it\u2019s our own or our great carrier partners to be able to serve the small and medium-sized businesses in the 3P realm, but also the first party items that we are receiving orders from customers, making sure we\u2019re able to deliver those things quickly and reliably.", "quarter": 3}}