{"id": 18404, "annotations": [{"id": 18507, "completed_by": 2, "result": [{"type": "labels", "value": {"end": 9, "text": "Operator", "start": 0, "labels": ["OPERATOR"]}, "origin": "manual", "to_name": "text", "from_name": "label-intro"}, {"type": "labels", "value": {"end": 102, "text": ": Thank you. Our next question comes from line of Ross Sandler with Barclays. Please proceed.", "start": 10, "labels": ["INTRO"]}, "origin": "manual", "to_name": "text", "from_name": "label-intro"}, {"type": "labels", "value": {"end": 115, "text": "Ross Sandler", "start": 102, "labels": ["ANALYST"]}, "origin": "manual", "to_name": "text", "from_name": "label-intro"}, {"type": "labels", "value": {"end": 722, "text": ": Great. I guess two questions. Any color on, it looks like shipping costs and maybe labor costs might see some inflation in 2019. So do you agree with that? Or what are some of the things you can do to potentially offset some of that pressure? And then, the 15% fulfillment square-footage growth, you're obviously deploying a lot of automation and there's a lot more efficiency gains in the current generation of fulfillment centers than maybe the older ones. So how should we think about a 15%? Is that not a good reading indicator on growth into 2019? Or is it \u2013 any color there would be helpful. Thanks.", "start": 116, "labels": ["QUESTION"]}, "origin": "manual", "to_name": "text", "from_name": "label-intro"}, {"type": "labels", "value": {"end": 740, "text": "Brian T. Olsavsky", "start": 722, "labels": ["REPRESENTATIVE"]}, "origin": "manual", "to_name": "text", "from_name": "label-intro"}, {"type": "labels", "value": {"end": 1927, "text": ": Sure. I think it's comparable to \u2013 last question first. I think the 15% is comparable to the 30%-plus that I mentioned in 2016 and 2017. We are debating whether the dynamics of the warehouse are changing so that square footage may not be the main indicator, might be cubic feet, but if we switch to that way of looking at it, we'll make sure that we bridge the gap on the difference between the two. But the other comment about cost, I believe you're probably referring to the U.S. rumored USPS rate hikes in transportation cost. We're not expecting a material impact from these rate changes in 2019. Annual rate increases from our transportation partners is a really regular occurrence and we negotiate hard and we'll always work hard internally to get even more efficient on our own shipping method. So, we don't see that as being a huge issue. On wages, of course, we did raise wages and starting November 1 just under 400,000 employees, both full-time and part-time in the U.S. and UK will be getting a substantial wage increase. So that is factored \u2013 I'm not quantifying that today, but it's factored into our Q4 guidance and it will be obviously factored into guidance into 2019.", "start": 741, "labels": ["ANSWER"]}, "origin": "manual", "to_name": "text", "from_name": "label-intro"}], "was_cancelled": false, "ground_truth": true, "created_at": "2022-02-04T10:25:34.065479Z", "updated_at": "2022-02-04T10:25:34.065483Z", "lead_time": null, "prediction": {}, "result_count": 0, "task": 18404, "parent_prediction": null, "parent_annotation": null}], "data": {"year": 2018, "company": "AMZN", "my_text": "\nOperator: Thank you. Our next question comes from line of Ross Sandler with Barclays. Please proceed.\nRoss Sandler: Great. I guess two questions. Any color on, it looks like shipping costs and maybe labor costs might see some inflation in 2019. So do you agree with that? Or what are some of the things you can do to potentially offset some of that pressure? And then, the 15% fulfillment square-footage growth, you're obviously deploying a lot of automation and there's a lot more efficiency gains in the current generation of fulfillment centers than maybe the older ones. So how should we think about a 15%? Is that not a good reading indicator on growth into 2019? Or is it \u2013 any color there would be helpful. Thanks.\nBrian T. Olsavsky: Sure. I think it's comparable to \u2013 last question first. I think the 15% is comparable to the 30%-plus that I mentioned in 2016 and 2017. We are debating whether the dynamics of the warehouse are changing so that square footage may not be the main indicator, might be cubic feet, but if we switch to that way of looking at it, we'll make sure that we bridge the gap on the difference between the two. But the other comment about cost, I believe you're probably referring to the U.S. rumored USPS rate hikes in transportation cost. We're not expecting a material impact from these rate changes in 2019. Annual rate increases from our transportation partners is a really regular occurrence and we negotiate hard and we'll always work hard internally to get even more efficient on our own shipping method. So, we don't see that as being a huge issue. On wages, of course, we did raise wages and starting November 1 just under 400,000 employees, both full-time and part-time in the U.S. and UK will be getting a substantial wage increase. So that is factored \u2013 I'm not quantifying that today, but it's factored into our Q4 guidance and it will be obviously factored into guidance into 2019.", "quarter": 3}}