{"id": 17397, "annotations": [{"id": 17500, "completed_by": 2, "result": [{"type": "labels", "value": {"end": 9, "text": "Operator", "start": 0, "labels": ["OPERATOR"]}, "origin": "manual", "to_name": "text", "from_name": "label-intro"}, {"type": "labels", "value": {"end": 63, "text": ": Our next question comes from Eric Sheridan from UBS.", "start": 10, "labels": ["INTRO"]}, "origin": "manual", "to_name": "text", "from_name": "label-intro"}, {"type": "labels", "value": {"end": 80, "text": "Eric J. Sheridan", "start": 63, "labels": ["ANALYST"]}, "origin": "manual", "to_name": "text", "from_name": "label-intro"}, {"type": "labels", "value": {"end": 786, "text": ": Thanks for taking the questions. Maybe one clarification and one big picture topic. On the clarification, appreciate the disclosure on content and how that'll double year-on-year in the second half. For purposes of just making sure we sort of can understand the trajectory, is there any way to frame it within second half of this year versus first half of this year, just so we can sort of try to triangulate on a gross margin basis from the content spend? And the bigger picture topic would be China, hasn't come up yet on the call. Wanted to understand your latest thoughts there on either the competitive landscape relative positioning in China and how you think about investments in China. Thank you.", "start": 81, "labels": ["QUESTION"]}, "origin": "manual", "to_name": "text", "from_name": "label-intro"}, {"type": "labels", "value": {"end": 799, "text": "Darin Manney", "start": 786, "labels": ["REPRESENTATIVE"]}, "origin": "manual", "to_name": "text", "from_name": "label-intro"}, {"type": "labels", "value": {"end": 1489, "text": ": So, hi, Eric. This is Darin. I'll take the second question on China. So we continue to operate well in China. We see China as a \u2013 and the way we're approaching China as a way to \u2013 a trusted avenue for our Chinese customers to access authentic international brands and we'll focus on those global brands and bringing those to Chinese customers. Offerings like the Amazon Global Store where Chinese customers can access those international brands on the China website and have them shipped directly to their houses is something we're focused on. So, yeah, it's still early days and some of those experiments that we're doing, but we're seeing good traction on those things and we like that.", "start": 800, "labels": ["ANSWER"]}, "origin": "manual", "to_name": "text", "from_name": "label-intro"}, {"type": "labels", "value": {"end": 1507, "text": "Brian T. Olsavsky", "start": 1489, "labels": ["REPRESENTATIVE"]}, "origin": "manual", "to_name": "text", "from_name": "label-intro"}, {"type": "labels", "value": {"end": 1856, "text": ": Yeah and on the content spend, I think the only other data point I can give you is probably a dated one at this point, but we spent $1.3 billion in 2014, that's the last number that we disclosed and we continue to add content. The best I can give you at this point is that it will be double, nearly double what we spent in the second half of 2015.", "start": 1508, "labels": ["ANSWER"]}, "origin": "manual", "to_name": "text", "from_name": "label-intro"}], "was_cancelled": false, "ground_truth": true, "created_at": "2022-02-04T10:03:51.610771Z", "updated_at": "2022-02-04T10:03:51.610776Z", "lead_time": null, "prediction": {}, "result_count": 0, "task": 17397, "parent_prediction": null, "parent_annotation": null}], "data": {"year": 2016, "company": "AMZN", "my_text": "\nOperator: Our next question comes from Eric Sheridan from UBS.\nEric J. Sheridan: Thanks for taking the questions. Maybe one clarification and one big picture topic. On the clarification, appreciate the disclosure on content and how that'll double year-on-year in the second half. For purposes of just making sure we sort of can understand the trajectory, is there any way to frame it within second half of this year versus first half of this year, just so we can sort of try to triangulate on a gross margin basis from the content spend? And the bigger picture topic would be China, hasn't come up yet on the call. Wanted to understand your latest thoughts there on either the competitive landscape relative positioning in China and how you think about investments in China. Thank you.\nDarin Manney: So, hi, Eric. This is Darin. I'll take the second question on China. So we continue to operate well in China. We see China as a \u2013 and the way we're approaching China as a way to \u2013 a trusted avenue for our Chinese customers to access authentic international brands and we'll focus on those global brands and bringing those to Chinese customers. Offerings like the Amazon Global Store where Chinese customers can access those international brands on the China website and have them shipped directly to their houses is something we're focused on. So, yeah, it's still early days and some of those experiments that we're doing, but we're seeing good traction on those things and we like that.\nBrian T. Olsavsky: Yeah and on the content spend, I think the only other data point I can give you is probably a dated one at this point, but we spent $1.3 billion in 2014, that's the last number that we disclosed and we continue to add content. The best I can give you at this point is that it will be double, nearly double what we spent in the second half of 2015.", "quarter": 2}}