{"id": 17380, "annotations": [{"id": 17483, "completed_by": 2, "result": [{"type": "labels", "value": {"end": 9, "text": "Operator", "start": 0, "labels": ["OPERATOR"]}, "origin": "manual", "to_name": "text", "from_name": "label-intro"}, {"type": "labels", "value": {"end": 103, "text": ": Our next question comes from John Blackledge of Cowen & Company. Please state your question.", "start": 10, "labels": ["INTRO"]}, "origin": "manual", "to_name": "text", "from_name": "label-intro"}, {"type": "labels", "value": {"end": 119, "text": "John Blackledge", "start": 103, "labels": ["ANALYST"]}, "origin": "manual", "to_name": "text", "from_name": "label-intro"}, {"type": "labels", "value": {"end": 620, "text": ": Great. Thanks. So the North American EGM segment outperformed our expectations of growth accelerating on a year-over-year basis. Given you don't break out GMV by vertical within the EGM segment and just given the strong growth at massive scale, can you cite any key verticals that were particularly strong? And second question is just an update on Fresh. Rollout has obviously been much slower than Prime Now. How should we think about the Fresh rollout and the impact over the long-term? Thank you.", "start": 120, "labels": ["QUESTION"]}, "origin": "manual", "to_name": "text", "from_name": "label-intro"}, {"type": "labels", "value": {"end": 632, "text": "Phil Hardin", "start": 620, "labels": ["REPRESENTATIVE"]}, "origin": "manual", "to_name": "text", "from_name": "label-intro"}, {"type": "labels", "value": {"end": 1271, "text": ": This is Phil. I'll take the EGM question first. So just to put numbers on that, the year-over-year in the U.S. or in North America was 32% growth, which was up from 28% in Q4. And there's not any single categories we're calling out there. To grow on a base that big, that kind of rate, you really need pretty strong performance across the board. So a lot of categories are selling a lot. And it's a lot of the drivers we talked about, as Brian mentioned on the revenue growth side, Prime, selection, growth. And we also benefited from the extra day in the quarter due to the leap year, but strong performance from many of the categories.", "start": 633, "labels": ["ANSWER"]}, "origin": "manual", "to_name": "text", "from_name": "label-intro"}, {"type": "labels", "value": {"end": 1289, "text": "Brian T. Olsavsky", "start": 1271, "labels": ["REPRESENTATIVE"]}, "origin": "manual", "to_name": "text", "from_name": "label-intro"}, {"type": "labels", "value": {"end": 1733, "text": ": Yes. And on AmazonFresh, we continue to have a strong Fresh business in a number of cities in the U.S. We know customers love it. We're making good progress on the economics. And you'll also notice that we have other ways for people to buy consumable products. We have Prime Pantry. We have Prime Now. So we're playing with a lot of different models to see what resonates with consumers and it'll guide our investment decisions going forward.", "start": 1290, "labels": ["ANSWER"]}, "origin": "manual", "to_name": "text", "from_name": "label-intro"}], "was_cancelled": false, "ground_truth": true, "created_at": "2022-02-04T10:03:51.609499Z", "updated_at": "2022-02-04T10:03:51.609504Z", "lead_time": null, "prediction": {}, "result_count": 0, "task": 17380, "parent_prediction": null, "parent_annotation": null}], "data": {"year": 2016, "company": "AMZN", "my_text": "\nOperator: Our next question comes from John Blackledge of Cowen & Company. Please state your question.\nJohn Blackledge: Great. Thanks. So the North American EGM segment outperformed our expectations of growth accelerating on a year-over-year basis. Given you don't break out GMV by vertical within the EGM segment and just given the strong growth at massive scale, can you cite any key verticals that were particularly strong? And second question is just an update on Fresh. Rollout has obviously been much slower than Prime Now. How should we think about the Fresh rollout and the impact over the long-term? Thank you.\nPhil Hardin: This is Phil. I'll take the EGM question first. So just to put numbers on that, the year-over-year in the U.S. or in North America was 32% growth, which was up from 28% in Q4. And there's not any single categories we're calling out there. To grow on a base that big, that kind of rate, you really need pretty strong performance across the board. So a lot of categories are selling a lot. And it's a lot of the drivers we talked about, as Brian mentioned on the revenue growth side, Prime, selection, growth. And we also benefited from the extra day in the quarter due to the leap year, but strong performance from many of the categories.\nBrian T. Olsavsky: Yes. And on AmazonFresh, we continue to have a strong Fresh business in a number of cities in the U.S. We know customers love it. We're making good progress on the economics. And you'll also notice that we have other ways for people to buy consumable products. We have Prime Pantry. We have Prime Now. So we're playing with a lot of different models to see what resonates with consumers and it'll guide our investment decisions going forward.", "quarter": 1}}