{"id": 18451, "annotations": [{"id": 18554, "completed_by": 2, "result": [{"type": "labels", "value": {"end": 9, "text": "Operator", "start": 0, "labels": ["OPERATOR"]}, "origin": "manual", "to_name": "text", "from_name": "label-intro"}, {"type": "labels", "value": {"end": 160, "text": ": At this time, we will now open the call for questions.  Our first question is coming from the line of Heath Terry with Goldman Sachs. Please proceed.", "start": 10, "labels": ["INTRO"]}, "origin": "manual", "to_name": "text", "from_name": "label-intro"}, {"type": "labels", "value": {"end": 172, "text": "Heath Terry", "start": 160, "labels": ["ANALYST"]}, "origin": "manual", "to_name": "text", "from_name": "label-intro"}, {"type": "labels", "value": {"end": 674, "text": ": Great. Thanks. Really appreciate this. Just on the AWS business, as you look sort of at the strength that you saw in the quarter particularly represented by the amount of dollars added quarter-over-quarter, is there anything in particular that you would call out either in terms of specific types of workloads, regions, specific customer types, that you felt like drove the strength particularly relative to the directional -- direction of growth that we were seeing in the earlier parts of the year?", "start": 173, "labels": ["QUESTION"]}, "origin": "manual", "to_name": "text", "from_name": "label-intro"}, {"type": "labels", "value": {"end": 689, "text": "Brian Olsavsky", "start": 674, "labels": ["REPRESENTATIVE"]}, "origin": "manual", "to_name": "text", "from_name": "label-intro"}, {"type": "labels", "value": {"end": 690, "text": ":", "start": 690, "labels": ["ANSWER"]}, "origin": "manual", "to_name": "text", "from_name": "label-intro"}], "was_cancelled": false, "ground_truth": true, "created_at": "2022-02-04T10:25:34.068856Z", "updated_at": "2022-02-04T10:25:34.068861Z", "lead_time": null, "prediction": {}, "result_count": 0, "task": 18451, "parent_prediction": null, "parent_annotation": null}], "data": {"year": 2019, "company": "AMZN", "my_text": "\nOperator: At this time, we will now open the call for questions.  Our first question is coming from the line of Heath Terry with Goldman Sachs. Please proceed.\nHeath Terry: Great. Thanks. Really appreciate this. Just on the AWS business, as you look sort of at the strength that you saw in the quarter particularly represented by the amount of dollars added quarter-over-quarter, is there anything in particular that you would call out either in terms of specific types of workloads, regions, specific customer types, that you felt like drove the strength particularly relative to the directional -- direction of growth that we were seeing in the earlier parts of the year?\nBrian Olsavsky:", "quarter": 4}}