{"id": 17325, "annotations": [{"id": 17428, "completed_by": 2, "result": [{"type": "labels", "value": {"end": 9, "text": "Operator", "start": 0, "labels": ["OPERATOR"]}, "origin": "manual", "to_name": "text", "from_name": "label-intro"}, {"type": "labels", "value": {"end": 70, "text": ": Our next question is from Paul Vogel with Barclays Capital.", "start": 10, "labels": ["INTRO"]}, "origin": "manual", "to_name": "text", "from_name": "label-intro"}, {"type": "labels", "value": {"end": 81, "text": "Paul Vogel", "start": 70, "labels": ["ANALYST"]}, "origin": "manual", "to_name": "text", "from_name": "label-intro"}, {"type": "labels", "value": {"end": 349, "text": ": Great, thank you. Just a question on the content side, is there any update on how engaged folks use the video side of Prime and their shopping behavior, number one. And number two, just any update on sort of your plans for growth on the content cost side? Thank you.", "start": 82, "labels": ["QUESTION"]}, "origin": "manual", "to_name": "text", "from_name": "label-intro"}, {"type": "labels", "value": {"end": 367, "text": "Brian T. Olsavsky", "start": 349, "labels": ["REPRESENTATIVE"]}, "origin": "manual", "to_name": "text", "from_name": "label-intro"}, {"type": "labels", "value": {"end": 1360, "text": ": Sure. On the engagement of the Prime customers, excuse me PIV customers, we have seen buying habits that look like normal Prime customers or other Prime customers from the group that comes in through the digital pipelines, but we do also see a higher pickup in retention rates and free trial conversions. So we're very happy with the linkage between our digital offerings in the Prime customer base. On the content side, I will say that one of the factors in the sequential guidance Q2 to Q3 being lower, is two things. What we are talking about is the fulfillment center \u2013 additional fulfillment center costs that we see this time every year as we get ready for Q4 but also additional step-up in content spend, where we spend a lot of our content in Q3. You will see extensions of a lot of the successful shows that we've had so far this year. A new pilot season including Man in the High Castle and Hand of God so stay tuned for that \u2013 or seasons of Man in the High Castle and Hand of God.", "start": 368, "labels": ["ANSWER"]}, "origin": "manual", "to_name": "text", "from_name": "label-intro"}, {"type": "labels", "value": {"end": 1371, "text": "Paul Vogel", "start": 1360, "labels": ["ANALYST"]}, "origin": "manual", "to_name": "text", "from_name": "label-intro"}, {"type": "labels", "value": {"end": 1383, "text": ": Thank you.", "start": 1372, "labels": ["QUESTION"]}, "origin": "manual", "to_name": "text", "from_name": "label-intro"}], "was_cancelled": false, "ground_truth": true, "created_at": "2022-02-04T10:03:51.605412Z", "updated_at": "2022-02-04T10:03:51.605417Z", "lead_time": null, "prediction": {}, "result_count": 0, "task": 17325, "parent_prediction": null, "parent_annotation": null}], "data": {"year": 2015, "company": "AMZN", "my_text": "\nOperator: Our next question is from Paul Vogel with Barclays Capital.\nPaul Vogel: Great, thank you. Just a question on the content side, is there any update on how engaged folks use the video side of Prime and their shopping behavior, number one. And number two, just any update on sort of your plans for growth on the content cost side? Thank you.\nBrian T. Olsavsky: Sure. On the engagement of the Prime customers, excuse me PIV customers, we have seen buying habits that look like normal Prime customers or other Prime customers from the group that comes in through the digital pipelines, but we do also see a higher pickup in retention rates and free trial conversions. So we're very happy with the linkage between our digital offerings in the Prime customer base. On the content side, I will say that one of the factors in the sequential guidance Q2 to Q3 being lower, is two things. What we are talking about is the fulfillment center \u2013 additional fulfillment center costs that we see this time every year as we get ready for Q4 but also additional step-up in content spend, where we spend a lot of our content in Q3. You will see extensions of a lot of the successful shows that we've had so far this year. A new pilot season including Man in the High Castle and Hand of God so stay tuned for that \u2013 or seasons of Man in the High Castle and Hand of God.\nPaul Vogel: Thank you.", "quarter": 2}}