{"id": 18363, "annotations": [{"id": 18466, "completed_by": 2, "result": [{"type": "labels", "value": {"end": 9, "text": "Operator", "start": 0, "labels": ["OPERATOR"]}, "origin": "manual", "to_name": "text", "from_name": "label-intro"}, {"type": "labels", "value": {"end": 121, "text": ": Thank you. Our next question comes from the line of Eric Sheridan with UBS. Please proceed with your question.", "start": 10, "labels": ["INTRO"]}, "origin": "manual", "to_name": "text", "from_name": "label-intro"}, {"type": "labels", "value": {"end": 138, "text": "Eric J. Sheridan", "start": 121, "labels": ["ANALYST"]}, "origin": "manual", "to_name": "text", "from_name": "label-intro"}, {"type": "labels", "value": {"end": 533, "text": ": Thanks for taking the question. In the comment in the release on seasonal workers, that looks roughly flat year-on-year. I wanted to know if you could understand a little bit more about the trajectory around the workers needed to fulfill seasonal holiday demand and what that might also mean for automation or efficiency benefits you're getting inside your fulfillment centers? Thanks so much.", "start": 139, "labels": ["QUESTION"]}, "origin": "manual", "to_name": "text", "from_name": "label-intro"}, {"type": "labels", "value": {"end": 545, "text": "Dave Fildes", "start": 533, "labels": ["REPRESENTATIVE"]}, "origin": "manual", "to_name": "text", "from_name": "label-intro"}, {"type": "labels", "value": {"end": 1179, "text": ": Yes, Eric, this is Dave. I think we put out a release, I think, earlier this quarter talking about 120,000 operations folks to bring into our fulfillment centers this year. So, we're continuing to hire and hire across a number of locations. We talked earlier this year about expecting to see a greater than or \u2013 roughly or greater than 30% square footage growth in operations. So, we're certainly hiring to support that. More of these facilities do have Amazon Robotics and certainly that helps with the efficiencies there, but it requires a tremendous effort from a number of our folks as well, and so we'll continue to hire there.", "start": 546, "labels": ["ANSWER"]}, "origin": "manual", "to_name": "text", "from_name": "label-intro"}, {"type": "labels", "value": {"end": 1197, "text": "Brian T. Olsavsky", "start": 1179, "labels": ["REPRESENTATIVE"]}, "origin": "manual", "to_name": "text", "from_name": "label-intro"}, {"type": "labels", "value": {"end": 1715, "text": ": While we're on this subject of head count, head count grew 77% year-over-year in the quarter. That includes the impact of the Whole Foods and Souq acquisitions. Without those, without that head count, the base Amazon grew 47%, which is still up from 42% in Q2. So a lot of the additional pickup in Q3 was tied to our ramp for the holidays. We continued to hire a lot of software engineers. We continued to hire a lot of sales reps and it's tied directly to our major investment areas of AWS, Prime Video and devices.", "start": 1198, "labels": ["ANSWER"]}, "origin": "manual", "to_name": "text", "from_name": "label-intro"}], "was_cancelled": false, "ground_truth": true, "created_at": "2022-02-04T10:25:34.062501Z", "updated_at": "2022-02-04T10:25:34.062506Z", "lead_time": null, "prediction": {}, "result_count": 0, "task": 18363, "parent_prediction": null, "parent_annotation": null}], "data": {"year": 2017, "company": "AMZN", "my_text": "\nOperator: Thank you. Our next question comes from the line of Eric Sheridan with UBS. Please proceed with your question.\nEric J. Sheridan: Thanks for taking the question. In the comment in the release on seasonal workers, that looks roughly flat year-on-year. I wanted to know if you could understand a little bit more about the trajectory around the workers needed to fulfill seasonal holiday demand and what that might also mean for automation or efficiency benefits you're getting inside your fulfillment centers? Thanks so much.\nDave Fildes: Yes, Eric, this is Dave. I think we put out a release, I think, earlier this quarter talking about 120,000 operations folks to bring into our fulfillment centers this year. So, we're continuing to hire and hire across a number of locations. We talked earlier this year about expecting to see a greater than or \u2013 roughly or greater than 30% square footage growth in operations. So, we're certainly hiring to support that. More of these facilities do have Amazon Robotics and certainly that helps with the efficiencies there, but it requires a tremendous effort from a number of our folks as well, and so we'll continue to hire there.\nBrian T. Olsavsky: While we're on this subject of head count, head count grew 77% year-over-year in the quarter. That includes the impact of the Whole Foods and Souq acquisitions. Without those, without that head count, the base Amazon grew 47%, which is still up from 42% in Q2. So a lot of the additional pickup in Q3 was tied to our ramp for the holidays. We continued to hire a lot of software engineers. We continued to hire a lot of sales reps and it's tied directly to our major investment areas of AWS, Prime Video and devices.", "quarter": 3}}