{"id": 18415, "annotations": [{"id": 18518, "completed_by": 2, "result": [{"type": "labels", "value": {"end": 9, "text": "Operator", "start": 0, "labels": ["OPERATOR"]}, "origin": "manual", "to_name": "text", "from_name": "label-intro"}, {"type": "labels", "value": {"end": 100, "text": ": Thank you. Our next question comes from the line of Colin Sebastian with Robert W. Baird.", "start": 10, "labels": ["INTRO"]}, "origin": "manual", "to_name": "text", "from_name": "label-intro"}, {"type": "labels", "value": {"end": 116, "text": "Colin Sebastian", "start": 100, "labels": ["ANALYST"]}, "origin": "manual", "to_name": "text", "from_name": "label-intro"}, {"type": "labels", "value": {"end": 669, "text": ": Thanks. I guess two for me as well. In the quarter, looking backwards, not considering India and the impact going forward, but the international growth accelerated, so I was curious any particular regions or product categories to call out, especially given some of the weakness in the UK? And then marketplace fees are changing in several categories, including Home Furnishings, health and beauty, curious what the strategy is there, I assume to expand selection, but is it also an indication of an increasing focus on those retail categories? Thanks.", "start": 117, "labels": ["QUESTION"]}, "origin": "manual", "to_name": "text", "from_name": "label-intro"}, {"type": "labels", "value": {"end": 684, "text": "Brian Olsavsky", "start": 669, "labels": ["REPRESENTATIVE"]}, "origin": "manual", "to_name": "text", "from_name": "label-intro"}, {"type": "labels", "value": {"end": 1826, "text": ": Sure. Let me start with your second question. Obviously, third party sellers are an important part of our value proposition there. They\u2019ve had great success on our site, the -- more than half of our units sold are from third party sellers. So it's very important to us that we have the right business profile, both for Amazon and for the sellers. So we will always be evolving that, part of that involves changing fee structures, sometimes, adding new fees or subtracting old ones, part of it involves raising or lowering fees that sellers pay. So you're going to see this continually from us. We generally work to change the fees to make sure that the incentives are strong on both sides and we continue to have a healthy growth in third party. On the international, on an FX neutral basis, the growth was 15% in Q3 and 19% in Q4. But last call, if you remember, I talked about the timing of Diwali and the impact that had on our growth rates. If we adjust for that and again Diwali had, took place primarily in Q4 this year and it was split between Q3 and Q4 last year. If we adjust for that, international growth is pretty flat Q3 to Q4.", "start": 685, "labels": ["ANSWER"]}, "origin": "manual", "to_name": "text", "from_name": "label-intro"}], "was_cancelled": false, "ground_truth": true, "created_at": "2022-02-04T10:25:34.066253Z", "updated_at": "2022-02-04T10:25:34.066258Z", "lead_time": null, "prediction": {}, "result_count": 0, "task": 18415, "parent_prediction": null, "parent_annotation": null}], "data": {"year": 2018, "company": "AMZN", "my_text": "\nOperator: Thank you. Our next question comes from the line of Colin Sebastian with Robert W. Baird.\nColin Sebastian: Thanks. I guess two for me as well. In the quarter, looking backwards, not considering India and the impact going forward, but the international growth accelerated, so I was curious any particular regions or product categories to call out, especially given some of the weakness in the UK? And then marketplace fees are changing in several categories, including Home Furnishings, health and beauty, curious what the strategy is there, I assume to expand selection, but is it also an indication of an increasing focus on those retail categories? Thanks.\nBrian Olsavsky: Sure. Let me start with your second question. Obviously, third party sellers are an important part of our value proposition there. They\u2019ve had great success on our site, the -- more than half of our units sold are from third party sellers. So it's very important to us that we have the right business profile, both for Amazon and for the sellers. So we will always be evolving that, part of that involves changing fee structures, sometimes, adding new fees or subtracting old ones, part of it involves raising or lowering fees that sellers pay. So you're going to see this continually from us. We generally work to change the fees to make sure that the incentives are strong on both sides and we continue to have a healthy growth in third party. On the international, on an FX neutral basis, the growth was 15% in Q3 and 19% in Q4. But last call, if you remember, I talked about the timing of Diwali and the impact that had on our growth rates. If we adjust for that and again Diwali had, took place primarily in Q4 this year and it was split between Q3 and Q4 last year. If we adjust for that, international growth is pretty flat Q3 to Q4.", "quarter": 4}}