{"id": 18408, "annotations": [{"id": 18511, "completed_by": 2, "result": [{"id": "pGzhm3_c55", "type": "labels", "value": {"end": 9, "text": "Operator", "start": 0, "labels": ["OPERATOR"]}, "origin": "manual", "to_name": "text", "from_name": "label-intro"}, {"id": "FDxGqgbqDD", "type": "labels", "value": {"end": 113, "text": " Thank you. Our next question comes from the line of Lloyd Walmsley with Deutsche Bank. Please proceed.", "start": 10, "labels": ["INTRO"]}, "origin": "manual", "to_name": "text", "from_name": "label-intro"}, {"id": "ozveip5hQn", "type": "labels", "value": {"end": 128, "text": "Lloyd Walmsley", "start": 113, "labels": ["ANALYST"]}, "origin": "manual", "to_name": "text", "from_name": "label-intro"}, {"id": "M2BadiFGfk", "type": "labels", "value": {"end": 481, "text": " Thanks. Wanted to just follow up on the advertising side and get a sense for how much you guys feel like you're demand constrained versus supply constrained, either in the ability to put more ads on your property and/or just provide the tools to advertisers and do you feel like there's more demand than you can satisfy? Any color you can share there?", "start": 129, "labels": ["QUESTION"]}, "origin": "manual", "to_name": "text", "from_name": "label-intro"}, {"id": "1y_9A0IbLr", "type": "labels", "value": {"end": 493, "text": "Dave Fildes", "start": 481, "labels": ["REPRESENTATIVE"]}, "origin": "manual", "to_name": "text", "from_name": "label-intro"}, {"id": "XcC0-nddUq", "type": "labels", "value": {"end": 1233, "text": " Hey, this is Dave. I mean nothing specific. I mean I think so much of what we're focused on is making sure that there's a high degree of relevancy and usefulness for customers when you look at advertisements that you see on the site in particular and how we position those. And so we spent a lot of time looking at the data to make sure that customer behavior and feedback is telling us that it's useful and helpful and customers making those purchase decisions. And so, we're always testing different levels of that and trying to understand, and the various features, whether it's display or some of the sponsored elements that are out there, what kind of feedback is out there, but certainly keep that in mind as we roll out new things.", "start": 494, "labels": ["ANSWER"]}, "origin": "manual", "to_name": "text", "from_name": "label-intro"}], "was_cancelled": false, "ground_truth": true, "created_at": "2022-02-04T10:25:34.065753Z", "updated_at": "2022-05-13T12:02:39.815404Z", "lead_time": 12026.494, "prediction": {}, "result_count": 0, "task": 18408, "parent_prediction": null, "parent_annotation": null}], "data": {"year": 2018, "company": "AMZN", "my_text": "\nOperator: Thank you. Our next question comes from the line of Lloyd Walmsley with Deutsche Bank. Please proceed.\nLloyd Walmsley: Thanks. Wanted to just follow up on the advertising side and get a sense for how much you guys feel like you're demand constrained versus supply constrained, either in the ability to put more ads on your property and/or just provide the tools to advertisers and do you feel like there's more demand than you can satisfy? Any color you can share there?\nDave Fildes: Hey, this is Dave. I mean nothing specific. I mean I think so much of what we're focused on is making sure that there's a high degree of relevancy and usefulness for customers when you look at advertisements that you see on the site in particular and how we position those. And so we spent a lot of time looking at the data to make sure that customer behavior and feedback is telling us that it's useful and helpful and customers making those purchase decisions. And so, we're always testing different levels of that and trying to understand, and the various features, whether it's display or some of the sponsored elements that are out there, what kind of feedback is out there, but certainly keep that in mind as we roll out new things.", "quarter": 3}}