{"id": 18344, "annotations": [{"id": 18447, "completed_by": 2, "result": [{"type": "labels", "value": {"end": 9, "text": "Operator", "start": 0, "labels": ["OPERATOR"]}, "origin": "manual", "to_name": "text", "from_name": "label-intro"}, {"type": "labels", "value": {"end": 105, "text": ": Thank you. Our next question comes from Mark May with Citi. Please proceed with your question.", "start": 10, "labels": ["INTRO"]}, "origin": "manual", "to_name": "text", "from_name": "label-intro"}, {"type": "labels", "value": {"end": 117, "text": "Mark A. May", "start": 105, "labels": ["ANALYST"]}, "origin": "manual", "to_name": "text", "from_name": "label-intro"}, {"type": "labels", "value": {"end": 876, "text": ": Thanks. I know that we talked about over the last couple of quarters that part of the step-up in CapEx was to catch up from the under-investment in 2015. Just curious if you'd say \u2013 have you made a lot of progress in terms of catching up with some of the fulfillment needs that you saw necessary in the business at the beginning of last year? And then I know you just said that you're \u2013 it's still early days in terms of advertising, but there's a perception out there that over the last year or so that the company has sort of really begun to focus more on this business opportunity. Has something really changed at the business in the last year? And do you see advertising becoming a more meaningful part of the business over the near to midterm, I guess?", "start": 118, "labels": ["QUESTION"]}, "origin": "manual", "to_name": "text", "from_name": "label-intro"}, {"type": "labels", "value": {"end": 894, "text": "Brian T. Olsavsky", "start": 876, "labels": ["REPRESENTATIVE"]}, "origin": "manual", "to_name": "text", "from_name": "label-intro"}, {"type": "labels", "value": {"end": 2690, "text": ": Sure. Let me start with advertising. So, yes, I think scale is helping. We've had great teams working on advertising for a while now. Our scale and number of customers, number of clicks, number of eyeballs, and new content \u2013 video content and other opportunities for advertising has really helped create some scale in that business. So we're very happy. I can't project it forward. But we're happy with the growth there. I think the sponsor products was a very inventive move for us, and I think that is having some really good impact on advertising growth. On your second point about fulfillment capacity; here's how I'd generally generalize it. In Q4 of 2015, we were pretty vocal or pretty transparent anyway that we ran out of space in Q4, especially due to some very strong demand for FBA space and services. Last year we changed some of our incentives and worked with FBA merchants to try and have better throughput through our FCs, particularly in Q4. That combined with the step-up in fulfillment centers that I mentioned, the 26 new ones, left us in a really good position. We had a very clean holiday, and we think it worked well for both customers, Amazon and also for sellers \u2013 for FBA sellers. So that leaves us now continuing to grow internationally as well because we continue to see strong FBA adoption, and it's a big part of our business, and it's a big part of our value with the additional Prime eligible ASNs that FBA provides. So, again, they're self-reinforcing, the FBA program and also our Prime program. The Prime program attracts more people to Amazon, and they buy more including FBA products and conversely more FBA products in our warehouses helps our in-stock of things that people want to buy, Prime eligible in-stock, and that helps reinforce the Prime program.", "start": 895, "labels": ["ANSWER"]}, "origin": "manual", "to_name": "text", "from_name": "label-intro"}], "was_cancelled": false, "ground_truth": true, "created_at": "2022-02-04T10:25:34.061038Z", "updated_at": "2022-02-04T10:25:34.061043Z", "lead_time": null, "prediction": {}, "result_count": 0, "task": 18344, "parent_prediction": null, "parent_annotation": null}], "data": {"year": 2017, "company": "AMZN", "my_text": "\nOperator: Thank you. Our next question comes from Mark May with Citi. Please proceed with your question.\nMark A. May: Thanks. I know that we talked about over the last couple of quarters that part of the step-up in CapEx was to catch up from the under-investment in 2015. Just curious if you'd say \u2013 have you made a lot of progress in terms of catching up with some of the fulfillment needs that you saw necessary in the business at the beginning of last year? And then I know you just said that you're \u2013 it's still early days in terms of advertising, but there's a perception out there that over the last year or so that the company has sort of really begun to focus more on this business opportunity. Has something really changed at the business in the last year? And do you see advertising becoming a more meaningful part of the business over the near to midterm, I guess?\nBrian T. Olsavsky: Sure. Let me start with advertising. So, yes, I think scale is helping. We've had great teams working on advertising for a while now. Our scale and number of customers, number of clicks, number of eyeballs, and new content \u2013 video content and other opportunities for advertising has really helped create some scale in that business. So we're very happy. I can't project it forward. But we're happy with the growth there. I think the sponsor products was a very inventive move for us, and I think that is having some really good impact on advertising growth. On your second point about fulfillment capacity; here's how I'd generally generalize it. In Q4 of 2015, we were pretty vocal or pretty transparent anyway that we ran out of space in Q4, especially due to some very strong demand for FBA space and services. Last year we changed some of our incentives and worked with FBA merchants to try and have better throughput through our FCs, particularly in Q4. That combined with the step-up in fulfillment centers that I mentioned, the 26 new ones, left us in a really good position. We had a very clean holiday, and we think it worked well for both customers, Amazon and also for sellers \u2013 for FBA sellers. So that leaves us now continuing to grow internationally as well because we continue to see strong FBA adoption, and it's a big part of our business, and it's a big part of our value with the additional Prime eligible ASNs that FBA provides. So, again, they're self-reinforcing, the FBA program and also our Prime program. The Prime program attracts more people to Amazon, and they buy more including FBA products and conversely more FBA products in our warehouses helps our in-stock of things that people want to buy, Prime eligible in-stock, and that helps reinforce the Prime program.", "quarter": 1}}