{"id": 17310, "annotations": [{"id": 17413, "completed_by": 2, "result": [{"type": "labels", "value": {"end": 9, "text": "Operator", "start": 0, "labels": ["OPERATOR"]}, "origin": "manual", "to_name": "text", "from_name": "label-intro"}, {"type": "labels", "value": {"end": 71, "text": ": Our next question comes from Heath Terry with Goldman Sachs.", "start": 10, "labels": ["INTRO"]}, "origin": "manual", "to_name": "text", "from_name": "label-intro"}, {"type": "labels", "value": {"end": 83, "text": "Heath Terry", "start": 71, "labels": ["ANALYST"]}, "origin": "manual", "to_name": "text", "from_name": "label-intro"}, {"type": "labels", "value": {"end": 618, "text": ": Great. Thanks. Just wondering if you could give us a sense of how we should think about the run rate of CapEx and capital lease obligations in the quarter as any sort of indication for full-year and the trajectory of investment in fulfillment and data centers. And then just on the question of a Prime and Prime Video, as we think about the way that media growth is trending now, is there a point where you start to think of allocating Prime, some of those Prime revenues to media to account for the \u2013 as Prime Video usage increases?", "start": 84, "labels": ["QUESTION"]}, "origin": "manual", "to_name": "text", "from_name": "label-intro"}, {"type": "labels", "value": {"end": 633, "text": "Brian Olsavsky", "start": 618, "labels": ["REPRESENTATIVE"]}, "origin": "manual", "to_name": "text", "from_name": "label-intro"}, {"type": "labels", "value": {"end": 2178, "text": ": Yes, in terms of the CapEx question, there is certainly two pieces of that, there is the consumer, the North American, International piece, is a number pieces, but certainly two largest pieces which certainly be the CapEx associated with fulfillment and the second would be infrastructure. And again it\u2019s for AWS versus North America, and International. I'll take the North America and International first. We're seeing good growth and year-over-year in terms of overall unit growth, in terms of revenue growth, certainly ex-exchange, as I mentioned earlier, it\u2019s early in the year. So we do every year we'll continue to monitor the growth there. We're making plans for the rest of the year and we'll get back to you as we progress throughout the year in terms of what fulfillment capacity will need to support that growth this year. In terms of web services, it\u2019s obviously growing extremely fast. We saw some acceleration of growth from a revenue perspective. Over the last few quarters here, usage is growing faster than that, so we will be deploying more capital as we go there. In terms of the amounts, specific amounts, we're not giving guidance on that today and one of the reasons it is growing so fast that we wan to make sure we put the right amount of capital in place and the teams has done a great job doing all the planning and the execution around that, so that\u2019s what we're doing there. In terms of media, I am not fully sure I understood the question, but as it relates to I think its video, could you repeat the part of that\u2026", "start": 634, "labels": ["ANSWER"]}, "origin": "manual", "to_name": "text", "from_name": "label-intro"}, {"type": "labels", "value": {"end": 2190, "text": "Heath Terry", "start": 2178, "labels": ["ANALYST"]}, "origin": "manual", "to_name": "text", "from_name": "label-intro"}, {"type": "labels", "value": {"end": 2506, "text": ": Right. Was just getting a sense of as video becomes such a \u2013 becomes a bigger part of the Prime value proposition, do you start to allocate some of the annual revenues from Prime more directly into that media segment. Because of the level of usage associated with Prime Video versus the shipping benefits of Prime?", "start": 2191, "labels": ["QUESTION"]}, "origin": "manual", "to_name": "text", "from_name": "label-intro"}, {"type": "labels", "value": {"end": 2518, "text": "Tom Szkutak", "start": 2506, "labels": ["REPRESENTATIVE"]}, "origin": "manual", "to_name": "text", "from_name": "label-intro"}, {"type": "labels", "value": {"end": 2578, "text": ": Heath, we do allocate some Prime to account for the video.", "start": 2519, "labels": ["ANSWER"]}, "origin": "manual", "to_name": "text", "from_name": "label-intro"}, {"type": "labels", "value": {"end": 2590, "text": "Heath Terry", "start": 2578, "labels": ["ANALYST"]}, "origin": "manual", "to_name": "text", "from_name": "label-intro"}, {"type": "labels", "value": {"end": 2615, "text": ": Okay. Great. Thank you.", "start": 2591, "labels": ["QUESTION"]}, "origin": "manual", "to_name": "text", "from_name": "label-intro"}, {"type": "labels", "value": {"end": 2627, "text": "Tom Szkutak", "start": 2615, "labels": ["REPRESENTATIVE"]}, "origin": "manual", "to_name": "text", "from_name": "label-intro"}, {"type": "labels", "value": {"end": 2653, "text": ": Thanks for the question.", "start": 2628, "labels": ["ANSWER"]}, "origin": "manual", "to_name": "text", "from_name": "label-intro"}], "was_cancelled": false, "ground_truth": true, "created_at": "2022-02-04T10:03:51.604272Z", "updated_at": "2022-02-04T10:03:51.604277Z", "lead_time": null, "prediction": {}, "result_count": 0, "task": 17310, "parent_prediction": null, "parent_annotation": null}], "data": {"year": 2015, "company": "AMZN", "my_text": "\nOperator: Our next question comes from Heath Terry with Goldman Sachs.\nHeath Terry: Great. Thanks. Just wondering if you could give us a sense of how we should think about the run rate of CapEx and capital lease obligations in the quarter as any sort of indication for full-year and the trajectory of investment in fulfillment and data centers. And then just on the question of a Prime and Prime Video, as we think about the way that media growth is trending now, is there a point where you start to think of allocating Prime, some of those Prime revenues to media to account for the \u2013 as Prime Video usage increases?\nBrian Olsavsky: Yes, in terms of the CapEx question, there is certainly two pieces of that, there is the consumer, the North American, International piece, is a number pieces, but certainly two largest pieces which certainly be the CapEx associated with fulfillment and the second would be infrastructure. And again it\u2019s for AWS versus North America, and International. I'll take the North America and International first. We're seeing good growth and year-over-year in terms of overall unit growth, in terms of revenue growth, certainly ex-exchange, as I mentioned earlier, it\u2019s early in the year. So we do every year we'll continue to monitor the growth there. We're making plans for the rest of the year and we'll get back to you as we progress throughout the year in terms of what fulfillment capacity will need to support that growth this year. In terms of web services, it\u2019s obviously growing extremely fast. We saw some acceleration of growth from a revenue perspective. Over the last few quarters here, usage is growing faster than that, so we will be deploying more capital as we go there. In terms of the amounts, specific amounts, we're not giving guidance on that today and one of the reasons it is growing so fast that we wan to make sure we put the right amount of capital in place and the teams has done a great job doing all the planning and the execution around that, so that\u2019s what we're doing there. In terms of media, I am not fully sure I understood the question, but as it relates to I think its video, could you repeat the part of that\u2026\nHeath Terry: Right. Was just getting a sense of as video becomes such a \u2013 becomes a bigger part of the Prime value proposition, do you start to allocate some of the annual revenues from Prime more directly into that media segment. Because of the level of usage associated with Prime Video versus the shipping benefits of Prime?\nTom Szkutak: Heath, we do allocate some Prime to account for the video.\nHeath Terry: Okay. Great. Thank you.\nTom Szkutak: Thanks for the question.", "quarter": 1}}