{"id": 17331, "annotations": [{"id": 17434, "completed_by": 2, "result": [{"type": "labels", "value": {"end": 9, "text": "Operator", "start": 0, "labels": ["OPERATOR"]}, "origin": "manual", "to_name": "text", "from_name": "label-intro"}, {"type": "labels", "value": {"end": 983, "text": ": Our next question comes from Steven Ju with Credit Suisse. Steve D. Ju - Credit Suisse Securities (USA) LLC (Broker) Yeah. Thanks. Brian, just to follow-up on the India question earlier. I mean, o my knowledge foreign e-commerce operators such as yourself are not allowed to have first-party retail operations. But given that fulfillment enhance customer service has always been a high focus item for you guys. What steps have you taken in the country to make sure that the consumer experience there is as good if not better for the inventory on which you have no direct control? And secondarily, similar to China, you have a pretty large population base and Internet penetration growing that's probably comparable to what was the case when you add JOYO \u2013 when you acquired JOYO. So can you provide any color on how the general operating environments are the same or different? And do you expect your growth trajectory there to be similar to what you saw in China? Thanks.", "start": 10, "labels": ["INTRO"]}, "origin": "manual", "to_name": "text", "from_name": "label-intro"}, {"type": "labels", "value": {"end": 1001, "text": "Brian T. Olsavsky", "start": 983, "labels": ["REPRESENTATIVE"]}, "origin": "manual", "to_name": "text", "from_name": "label-intro"}, {"type": "labels", "value": {"end": 1842, "text": ": So, your first question was about the infrastructure and how we're managing the customer experience in India. So FBA, Easy Ship and some of those programs are important to us. They're very valuable for sellers to make it easy for the seller to get their goods to the customer. They're great from a customer experience standpoint because we can do what we do best with the logistics. And so there is a lot of investment and a lot of efforts going on that front. I would say that India and China are totally different. And I think as Brian mentioned, India is a country that we're doubling down on based on the success we've seen there so far. And so very happy with the trajectory we're on there and excited to be investing and have the opportunities we do at that point. Steve D. Ju - Credit Suisse Securities (USA) LLC (Broker) Thank you.", "start": 1002, "labels": ["ANSWER"]}, "origin": "manual", "to_name": "text", "from_name": "label-intro"}], "was_cancelled": false, "ground_truth": true, "created_at": "2022-02-04T10:03:51.605842Z", "updated_at": "2022-02-04T10:03:51.605847Z", "lead_time": null, "prediction": {}, "result_count": 0, "task": 17331, "parent_prediction": null, "parent_annotation": null}], "data": {"year": 2015, "company": "AMZN", "my_text": "\nOperator: Our next question comes from Steven Ju with Credit Suisse. Steve D. Ju - Credit Suisse Securities (USA) LLC (Broker) Yeah. Thanks. Brian, just to follow-up on the India question earlier. I mean, o my knowledge foreign e-commerce operators such as yourself are not allowed to have first-party retail operations. But given that fulfillment enhance customer service has always been a high focus item for you guys. What steps have you taken in the country to make sure that the consumer experience there is as good if not better for the inventory on which you have no direct control? And secondarily, similar to China, you have a pretty large population base and Internet penetration growing that's probably comparable to what was the case when you add JOYO \u2013 when you acquired JOYO. So can you provide any color on how the general operating environments are the same or different? And do you expect your growth trajectory there to be similar to what you saw in China? Thanks.\nBrian T. Olsavsky: So, your first question was about the infrastructure and how we're managing the customer experience in India. So FBA, Easy Ship and some of those programs are important to us. They're very valuable for sellers to make it easy for the seller to get their goods to the customer. They're great from a customer experience standpoint because we can do what we do best with the logistics. And so there is a lot of investment and a lot of efforts going on that front. I would say that India and China are totally different. And I think as Brian mentioned, India is a country that we're doubling down on based on the success we've seen there so far. And so very happy with the trajectory we're on there and excited to be investing and have the opportunities we do at that point. Steve D. Ju - Credit Suisse Securities (USA) LLC (Broker) Thank you.", "quarter": 2}}