{"id": 17412, "annotations": [{"id": 17515, "completed_by": 2, "result": [{"type": "labels", "value": {"end": 9, "text": "Operator", "start": 0, "labels": ["OPERATOR"]}, "origin": "manual", "to_name": "text", "from_name": "label-intro"}, {"type": "labels", "value": {"end": 347, "text": ": Thank you. Your next question comes from Ben Schachter with Macquarie. Please go ahead. Benjamin Schachter - Macquarie Capital (USA), Inc. Can you discuss what you're doing to help merchants in China sell and ship directly to consumers in the U.S. and other developed economies and how that business has been evolving over time? Thanks.", "start": 10, "labels": ["INTRO"]}, "origin": "manual", "to_name": "text", "from_name": "label-intro"}, {"type": "labels", "value": {"end": 360, "text": "Darin Manney", "start": 347, "labels": ["REPRESENTATIVE"]}, "origin": "manual", "to_name": "text", "from_name": "label-intro"}, {"type": "labels", "value": {"end": 1082, "text": ": Yes, hi, Ben. This is Darin. Yes. We're very pleased with our FBA offering, and that's really helpful to sellers around the world. Certainly, our international sellers have access to more and more customers through that offering and that doesn't exclude sellers in China as well. The offering in China that we have for consumers is also a great, trusted customer engagement. And we have a very strong and trusted venue for Chinese customers to access international brands there as we continue to focus on great offerings through the AmazonGlobal Store, which offers great brands from outside of China to customers. And so there's a mix of things going on in China and we're happy with what we're seeing in both of those.", "start": 361, "labels": ["ANSWER"]}, "origin": "manual", "to_name": "text", "from_name": "label-intro"}], "was_cancelled": false, "ground_truth": true, "created_at": "2022-02-04T10:03:51.611859Z", "updated_at": "2022-02-04T10:03:51.611864Z", "lead_time": null, "prediction": {}, "result_count": 0, "task": 17412, "parent_prediction": null, "parent_annotation": null}], "data": {"year": 2016, "company": "AMZN", "my_text": "\nOperator: Thank you. Your next question comes from Ben Schachter with Macquarie. Please go ahead. Benjamin Schachter - Macquarie Capital (USA), Inc. Can you discuss what you're doing to help merchants in China sell and ship directly to consumers in the U.S. and other developed economies and how that business has been evolving over time? Thanks.\nDarin Manney: Yes, hi, Ben. This is Darin. Yes. We're very pleased with our FBA offering, and that's really helpful to sellers around the world. Certainly, our international sellers have access to more and more customers through that offering and that doesn't exclude sellers in China as well. The offering in China that we have for consumers is also a great, trusted customer engagement. And we have a very strong and trusted venue for Chinese customers to access international brands there as we continue to focus on great offerings through the AmazonGlobal Store, which offers great brands from outside of China to customers. And so there's a mix of things going on in China and we're happy with what we're seeing in both of those.", "quarter": 4}}