{"id": 17420, "annotations": [{"id": 17523, "completed_by": 2, "result": [{"type": "labels", "value": {"end": 9, "text": "Operator", "start": 0, "labels": ["OPERATOR"]}, "origin": "manual", "to_name": "text", "from_name": "label-intro"}, {"type": "labels", "value": {"end": 120, "text": ": Our next question comes from the line of Jason Helfstein with Oppenheimer. Please proceed with your question.", "start": 10, "labels": ["INTRO"]}, "origin": "manual", "to_name": "text", "from_name": "label-intro"}, {"type": "labels", "value": {"end": 136, "text": "Jason Helfstein", "start": 120, "labels": ["ANALYST"]}, "origin": "manual", "to_name": "text", "from_name": "label-intro"}, {"type": "labels", "value": {"end": 593, "text": ": Thanks. Two questions. As we think about investment in the first quarter in 2017, any color how to think about domestic versus international. You did give some comments about India, but just any other color or how to think about it? And then on AWS, you announced both new products that reinvent at the low end and at the high end. Any commentary on if that impacted the types of customers who you've been adding on AWS with those new products. Thank you.", "start": 137, "labels": ["QUESTION"]}, "origin": "manual", "to_name": "text", "from_name": "label-intro"}, {"type": "labels", "value": {"end": 611, "text": "Brian T. Olsavsky", "start": 593, "labels": ["REPRESENTATIVE"]}, "origin": "manual", "to_name": "text", "from_name": "label-intro"}, {"type": "labels", "value": {"end": 1866, "text": ": Sure. I can't give an exact split of the investments by geography, but I would say most of the fulfillment expansion was in North America last year. Most of those 26 warehouses we talked about. We see that being more balanced over time and being more global as we move forward. Video content is with the new global program, global Prime Video is becoming more global with the launch in India as well. And, of course, we had Prime Video in some of our existing countries prior to that. So that is going more global and will be more balanced. As we see devices roll out to other countries, same thing. So I would say over time it will become more balanced and probably what you've seen in the short run tended to be more North America focused. But I can't give you a great split of \u2013 I'm not giving you the absolutes anyway, so I can't give you a great split of the two. And I will also say that we are \u2013 not all of our investments are on the consumer side. AWS continues to expand their global footprint. Last year, we added regions in the UK and Canada. We now have 42 availability zones in 16 geographic regions and we will continue to grow that business globally. And India, again, we've mentioned, but that is, obviously, an international investment.", "start": 612, "labels": ["ANSWER"]}, "origin": "manual", "to_name": "text", "from_name": "label-intro"}, {"type": "labels", "value": {"end": 1879, "text": "Darin Manney", "start": 1866, "labels": ["REPRESENTATIVE"]}, "origin": "manual", "to_name": "text", "from_name": "label-intro"}, {"type": "labels", "value": {"end": 2534, "text": ": On the customer split, we serve \u2013 in AWS, we serve millions of active customers along the spectrum of large enterprise companies as well as small startups and the public company \u2013 or public environment as well. The multitude of launches that we had in reinvent was great for all sizes of customers, really, both large and small; both companies starting \u2013 just getting their start with AWS, but also companies that have been engaged with AWS for many years. And so we're really happy about the engagement of reinvent and the participation in that conference as well as the engagement of the new services that we've launched in Q4 and all of 2016, really.", "start": 1880, "labels": ["ANSWER"]}, "origin": "manual", "to_name": "text", "from_name": "label-intro"}], "was_cancelled": false, "ground_truth": true, "created_at": "2022-02-04T10:03:51.612447Z", "updated_at": "2022-02-04T10:03:51.612453Z", "lead_time": null, "prediction": {}, "result_count": 0, "task": 17420, "parent_prediction": null, "parent_annotation": null}], "data": {"year": 2016, "company": "AMZN", "my_text": "\nOperator: Our next question comes from the line of Jason Helfstein with Oppenheimer. Please proceed with your question.\nJason Helfstein: Thanks. Two questions. As we think about investment in the first quarter in 2017, any color how to think about domestic versus international. You did give some comments about India, but just any other color or how to think about it? And then on AWS, you announced both new products that reinvent at the low end and at the high end. Any commentary on if that impacted the types of customers who you've been adding on AWS with those new products. Thank you.\nBrian T. Olsavsky: Sure. I can't give an exact split of the investments by geography, but I would say most of the fulfillment expansion was in North America last year. Most of those 26 warehouses we talked about. We see that being more balanced over time and being more global as we move forward. Video content is with the new global program, global Prime Video is becoming more global with the launch in India as well. And, of course, we had Prime Video in some of our existing countries prior to that. So that is going more global and will be more balanced. As we see devices roll out to other countries, same thing. So I would say over time it will become more balanced and probably what you've seen in the short run tended to be more North America focused. But I can't give you a great split of \u2013 I'm not giving you the absolutes anyway, so I can't give you a great split of the two. And I will also say that we are \u2013 not all of our investments are on the consumer side. AWS continues to expand their global footprint. Last year, we added regions in the UK and Canada. We now have 42 availability zones in 16 geographic regions and we will continue to grow that business globally. And India, again, we've mentioned, but that is, obviously, an international investment.\nDarin Manney: On the customer split, we serve \u2013 in AWS, we serve millions of active customers along the spectrum of large enterprise companies as well as small startups and the public company \u2013 or public environment as well. The multitude of launches that we had in reinvent was great for all sizes of customers, really, both large and small; both companies starting \u2013 just getting their start with AWS, but also companies that have been engaged with AWS for many years. And so we're really happy about the engagement of reinvent and the participation in that conference as well as the engagement of the new services that we've launched in Q4 and all of 2016, really.", "quarter": 4}}