{"id": 18420, "annotations": [{"id": 18523, "completed_by": 2, "result": [{"type": "labels", "value": {"end": 9, "text": "Operator", "start": 0, "labels": ["OPERATOR"]}, "origin": "manual", "to_name": "text", "from_name": "label-intro"}, {"type": "labels", "value": {"end": 201, "text": ": At this time, we will now open the call up for questions. [Operator Instructions] Thank you. Our first question comes from the line of Mark Mahaney from RBC Capital Markets. You're now live.", "start": 10, "labels": ["INTRO"]}, "origin": "manual", "to_name": "text", "from_name": "label-intro"}, {"type": "labels", "value": {"end": 214, "text": "Mark Mahaney", "start": 201, "labels": ["ANALYST"]}, "origin": "manual", "to_name": "text", "from_name": "label-intro"}, {"type": "labels", "value": {"end": 810, "text": ": Okay. Hey, I'm going to ask two questions, because the first one is really simple. Unit growth of 10%, is this a meaningless metric, just talk through that number. I think it's the lowest unit growth I think we've ever seen, but just talk to us a little bit about that. And then international sales growth decelerated 16%, I know last - ex-FX. I know last quarter you talked about some challenges in the India market. Just give us some color, please, around that growth rate, how do we think about the sustainability of that? Was that negatively impacted by developments in India? Thanks a lot.", "start": 215, "labels": ["QUESTION"]}, "origin": "manual", "to_name": "text", "from_name": "label-intro"}, {"type": "labels", "value": {"end": 825, "text": "Brian Olsavsky", "start": 810, "labels": ["REPRESENTATIVE"]}, "origin": "manual", "to_name": "text", "from_name": "label-intro"}, {"type": "labels", "value": {"end": 2020, "text": ": Sure, Mark. Thanks for your questions. I'd start on unit growth. So unit growth was 10%. Again, as I mentioned last quarter, it is a measurement, excludes a lot of our fastest growing businesses, things like AWS, advertising, subscription services, which cannibalize the unit calculation, things like Kindle Unlimited and Amazon Music Unlimited. And then, also it doesn't include Whole Foods Market. So while it is meaningful, it needs to be understood and caveated. So your question was on international growth. Yeah, talking more about specifically India, so India, for those of you on the call last quarter, we're just heading into an uncertain period with the PN2 ruling. We did make some changes to our structure to stay in compliance with all regulations. There were a few days of downtime for some of our selection. But for the full quarter the impact was minimal. And we're in compliance and very, very happy with the progress of the business in India. So as far as the growth is concerned in international, we had some noise in Q3 and Q4, if you'll remember with the timing of the Diwali holiday. But we feel pretty good about the Q1 growth there, even despite some downtime in India.", "start": 826, "labels": ["ANSWER"]}, "origin": "manual", "to_name": "text", "from_name": "label-intro"}], "was_cancelled": false, "ground_truth": true, "created_at": "2022-02-04T10:25:34.066628Z", "updated_at": "2022-02-04T10:25:34.066633Z", "lead_time": null, "prediction": {}, "result_count": 0, "task": 18420, "parent_prediction": null, "parent_annotation": null}], "data": {"year": 2019, "company": "AMZN", "my_text": "\nOperator: At this time, we will now open the call up for questions. [Operator Instructions] Thank you. Our first question comes from the line of Mark Mahaney from RBC Capital Markets. You're now live.\nMark Mahaney: Okay. Hey, I'm going to ask two questions, because the first one is really simple. Unit growth of 10%, is this a meaningless metric, just talk through that number. I think it's the lowest unit growth I think we've ever seen, but just talk to us a little bit about that. And then international sales growth decelerated 16%, I know last - ex-FX. I know last quarter you talked about some challenges in the India market. Just give us some color, please, around that growth rate, how do we think about the sustainability of that? Was that negatively impacted by developments in India? Thanks a lot.\nBrian Olsavsky: Sure, Mark. Thanks for your questions. I'd start on unit growth. So unit growth was 10%. Again, as I mentioned last quarter, it is a measurement, excludes a lot of our fastest growing businesses, things like AWS, advertising, subscription services, which cannibalize the unit calculation, things like Kindle Unlimited and Amazon Music Unlimited. And then, also it doesn't include Whole Foods Market. So while it is meaningful, it needs to be understood and caveated. So your question was on international growth. Yeah, talking more about specifically India, so India, for those of you on the call last quarter, we're just heading into an uncertain period with the PN2 ruling. We did make some changes to our structure to stay in compliance with all regulations. There were a few days of downtime for some of our selection. But for the full quarter the impact was minimal. And we're in compliance and very, very happy with the progress of the business in India. So as far as the growth is concerned in international, we had some noise in Q3 and Q4, if you'll remember with the timing of the Diwali holiday. But we feel pretty good about the Q1 growth there, even despite some downtime in India.", "quarter": 1}}