{"id": 17364, "annotations": [{"id": 17467, "completed_by": 2, "result": [{"type": "labels", "value": {"end": 9, "text": "Operator", "start": 0, "labels": ["OPERATOR"]}, "origin": "manual", "to_name": "text", "from_name": "label-intro"}, {"type": "labels", "value": {"end": 134, "text": ": Our next question comes from the line of Justin Post with Bank of America Merrill Lynch. Please proceed with your question.", "start": 10, "labels": ["INTRO"]}, "origin": "manual", "to_name": "text", "from_name": "label-intro"}, {"type": "labels", "value": {"end": 146, "text": "Justin Post", "start": 134, "labels": ["ANALYST"]}, "origin": "manual", "to_name": "text", "from_name": "label-intro"}, {"type": "labels", "value": {"end": 593, "text": ": Thank you. Two questions. Was there any category mix impacts in the quarter on gross margins, that's just a quick one? And then secondly, as you look back at last year, you had some quarters where you really exceeded your guidance on the CSOI line. Maybe looking back or just looking forward, what are the types of things that causes you to come in at the high end versus maybe the low end when you look back or when you look forward? Thank you.", "start": 147, "labels": ["QUESTION"]}, "origin": "manual", "to_name": "text", "from_name": "label-intro"}, {"type": "labels", "value": {"end": 608, "text": "Brian Olsavsky", "start": 593, "labels": ["REPRESENTATIVE"]}, "origin": "manual", "to_name": "text", "from_name": "label-intro"}, {"type": "labels", "value": {"end": 1211, "text": ": Sure. First, on guidance, we keep it pretty consistent process on how we look at guidance and how we value or how we estimate the near-term view of the business. I will point out that Q4 is obviously a very large quarter, the largest revenue quarter by far of the year. There's a lot of demand that comes in the last six weeks of the year as well. So very, very little visibility at the time of guidance when we do recall. So reason our best projections on a lot of fronts. We think it's a similar - we know it's a consistent process and there are times when we under run and sometimes we over run it.", "start": 609, "labels": ["ANSWER"]}, "origin": "manual", "to_name": "text", "from_name": "label-intro"}, {"type": "labels", "value": {"end": 1223, "text": "Phil Hardin", "start": 1211, "labels": ["REPRESENTATIVE"]}, "origin": "manual", "to_name": "text", "from_name": "label-intro"}, {"type": "labels", "value": {"end": 1810, "text": ": On the - this is Phil. On the category mix question, you know, obviously category mix does play a role in the gross margin. I would say, though, that we're much more focused on operating profit dollars and free cash flow dollars, as we've probably talked about before. The gross margins are impacted by first party versus third party mix, as well as AWS mix if you're looking at the total for the company. So we're much more focused on the dollars. And no specific categories we're calling out as a driver for gross margin because, again, we're much more focused on the profit dollars.", "start": 1224, "labels": ["ANSWER"]}, "origin": "manual", "to_name": "text", "from_name": "label-intro"}], "was_cancelled": false, "ground_truth": true, "created_at": "2022-02-04T10:03:51.608240Z", "updated_at": "2022-02-04T10:03:51.608245Z", "lead_time": null, "prediction": {}, "result_count": 0, "task": 17364, "parent_prediction": null, "parent_annotation": null}], "data": {"year": 2015, "company": "AMZN", "my_text": "\nOperator: Our next question comes from the line of Justin Post with Bank of America Merrill Lynch. Please proceed with your question.\nJustin Post: Thank you. Two questions. Was there any category mix impacts in the quarter on gross margins, that's just a quick one? And then secondly, as you look back at last year, you had some quarters where you really exceeded your guidance on the CSOI line. Maybe looking back or just looking forward, what are the types of things that causes you to come in at the high end versus maybe the low end when you look back or when you look forward? Thank you.\nBrian Olsavsky: Sure. First, on guidance, we keep it pretty consistent process on how we look at guidance and how we value or how we estimate the near-term view of the business. I will point out that Q4 is obviously a very large quarter, the largest revenue quarter by far of the year. There's a lot of demand that comes in the last six weeks of the year as well. So very, very little visibility at the time of guidance when we do recall. So reason our best projections on a lot of fronts. We think it's a similar - we know it's a consistent process and there are times when we under run and sometimes we over run it.\nPhil Hardin: On the - this is Phil. On the category mix question, you know, obviously category mix does play a role in the gross margin. I would say, though, that we're much more focused on operating profit dollars and free cash flow dollars, as we've probably talked about before. The gross margins are impacted by first party versus third party mix, as well as AWS mix if you're looking at the total for the company. So we're much more focused on the dollars. And no specific categories we're calling out as a driver for gross margin because, again, we're much more focused on the profit dollars.", "quarter": 4}}