{"id": 18453, "annotations": [{"id": 18556, "completed_by": 2, "result": [{"type": "labels", "value": {"end": 9, "text": "Operator", "start": 0, "labels": ["OPERATOR"]}, "origin": "manual", "to_name": "text", "from_name": "label-intro"}, {"type": "labels", "value": {"end": 112, "text": ": Thank you. Our next question comes from the line of Justin Post with Bank of America. Please proceed.", "start": 10, "labels": ["INTRO"]}, "origin": "manual", "to_name": "text", "from_name": "label-intro"}, {"type": "labels", "value": {"end": 124, "text": "Justin Post", "start": 112, "labels": ["ANALYST"]}, "origin": "manual", "to_name": "text", "from_name": "label-intro"}, {"type": "labels", "value": {"end": 528, "text": ": Great. Thanks. Just wondering if you could go high level, what drove upside to your guidance on revenue in the quarter on the retail side? Anything there that you'd really call out? And then on the AWS investments, obviously you just talked about investments starting in 3Q. Where are you in that investment? Your margins are still below peak. Where are you kind of in that investment cycle? Thank you.", "start": 125, "labels": ["QUESTION"]}, "origin": "manual", "to_name": "text", "from_name": "label-intro"}, {"type": "labels", "value": {"end": 543, "text": "Brian Olsavsky", "start": 528, "labels": ["REPRESENTATIVE"]}, "origin": "manual", "to_name": "text", "from_name": "label-intro"}, {"type": "labels", "value": {"end": 839, "text": ": Sure. Well, as I said, on revenue we came in at $87.4 billion, which exceeded the high end of our range of $86.5 billion. $400 million of -- roughly $400 million of that was due to foreign exchange, but what we saw was essentially very strong holiday performance from the middle of November on.", "start": 544, "labels": ["ANSWER"]}, "origin": "manual", "to_name": "text", "from_name": "label-intro"}], "was_cancelled": false, "ground_truth": true, "created_at": "2022-02-04T10:25:34.068987Z", "updated_at": "2022-02-04T10:25:34.068992Z", "lead_time": null, "prediction": {}, "result_count": 0, "task": 18453, "parent_prediction": null, "parent_annotation": null}], "data": {"year": 2019, "company": "AMZN", "my_text": "\nOperator: Thank you. Our next question comes from the line of Justin Post with Bank of America. Please proceed.\nJustin Post: Great. Thanks. Just wondering if you could go high level, what drove upside to your guidance on revenue in the quarter on the retail side? Anything there that you'd really call out? And then on the AWS investments, obviously you just talked about investments starting in 3Q. Where are you in that investment? Your margins are still below peak. Where are you kind of in that investment cycle? Thank you.\nBrian Olsavsky: Sure. Well, as I said, on revenue we came in at $87.4 billion, which exceeded the high end of our range of $86.5 billion. $400 million of -- roughly $400 million of that was due to foreign exchange, but what we saw was essentially very strong holiday performance from the middle of November on.", "quarter": 4}}