{"id": 17347, "annotations": [{"id": 17450, "completed_by": 2, "result": [{"type": "labels", "value": {"end": 9, "text": "Operator", "start": 0, "labels": ["OPERATOR"]}, "origin": "manual", "to_name": "text", "from_name": "label-intro"}, {"type": "labels", "value": {"end": 70, "text": ": Our next question comes from Ron Josey with JMP Securities.", "start": 10, "labels": ["INTRO"]}, "origin": "manual", "to_name": "text", "from_name": "label-intro"}, {"type": "labels", "value": {"end": 87, "text": "Ron Victor Josey", "start": 70, "labels": ["ANALYST"]}, "origin": "manual", "to_name": "text", "from_name": "label-intro"}, {"type": "labels", "value": {"end": 572, "text": ": Great. Thanks for taking the question. Just real quickly on paid unit growth, accelerated 26% this year. I realize it's easier comps, but anything significantly higher or anything that happened this quarter? I know Prime Day could be it, but wondering if that was the reason. And then on AWS usage, just wondering if you can give an update on usage. I believe last quarter you mentioned usage was growing faster than revenue. I wonder if that's the same case this quarter. Thank you.", "start": 88, "labels": ["QUESTION"]}, "origin": "manual", "to_name": "text", "from_name": "label-intro"}, {"type": "labels", "value": {"end": 584, "text": "Phil Hardin", "start": 572, "labels": ["REPRESENTATIVE"]}, "origin": "manual", "to_name": "text", "from_name": "label-intro"}, {"type": "labels", "value": {"end": 1076, "text": ": So this is Phil. On the unit side, you did see units move at a rate that's highly correlated with revenue there. Keep in mind, AWS and some of the other rental-type offerings don't generate units, so we don't count those. But we did see, certainly saw some additional units as a result of Prime Day. And on a longer-term bigger basis, the continued growth of Prime, the continued selection expansion, is helping with the unit's growth there. Sorry, was there a second part of your question?", "start": 585, "labels": ["ANSWER"]}, "origin": "manual", "to_name": "text", "from_name": "label-intro"}, {"type": "labels", "value": {"end": 1093, "text": "Ron Victor Josey", "start": 1076, "labels": ["ANALYST"]}, "origin": "manual", "to_name": "text", "from_name": "label-intro"}, {"type": "labels", "value": {"end": 1238, "text": ": It was just on AWS unit growth. I think last quarter, you said it was growing faster than revenue. I'm wondering if that's still the case here.", "start": 1094, "labels": ["QUESTION"]}, "origin": "manual", "to_name": "text", "from_name": "label-intro"}, {"type": "labels", "value": {"end": 1250, "text": "Phil Hardin", "start": 1238, "labels": ["REPRESENTATIVE"]}, "origin": "manual", "to_name": "text", "from_name": "label-intro"}, {"type": "labels", "value": {"end": 1651, "text": ": We continue to see really, yeah, sorry. We continue to see really strong usage growth across the board, and it's coming from customers of all sizes. We also have recently announced that Aurora, which is our new database software, is our fastest-growing service ever. So for a long time, we talked about Redshift, and Aurora has now outpaced that. So we're very excited about what we're seeing there.", "start": 1251, "labels": ["ANSWER"]}, "origin": "manual", "to_name": "text", "from_name": "label-intro"}], "was_cancelled": false, "ground_truth": true, "created_at": "2022-02-04T10:03:51.606976Z", "updated_at": "2022-02-04T10:03:51.606981Z", "lead_time": null, "prediction": {}, "result_count": 0, "task": 17347, "parent_prediction": null, "parent_annotation": null}], "data": {"year": 2015, "company": "AMZN", "my_text": "\nOperator: Our next question comes from Ron Josey with JMP Securities.\nRon Victor Josey: Great. Thanks for taking the question. Just real quickly on paid unit growth, accelerated 26% this year. I realize it's easier comps, but anything significantly higher or anything that happened this quarter? I know Prime Day could be it, but wondering if that was the reason. And then on AWS usage, just wondering if you can give an update on usage. I believe last quarter you mentioned usage was growing faster than revenue. I wonder if that's the same case this quarter. Thank you.\nPhil Hardin: So this is Phil. On the unit side, you did see units move at a rate that's highly correlated with revenue there. Keep in mind, AWS and some of the other rental-type offerings don't generate units, so we don't count those. But we did see, certainly saw some additional units as a result of Prime Day. And on a longer-term bigger basis, the continued growth of Prime, the continued selection expansion, is helping with the unit's growth there. Sorry, was there a second part of your question?\nRon Victor Josey: It was just on AWS unit growth. I think last quarter, you said it was growing faster than revenue. I'm wondering if that's still the case here.\nPhil Hardin: We continue to see really, yeah, sorry. We continue to see really strong usage growth across the board, and it's coming from customers of all sizes. We also have recently announced that Aurora, which is our new database software, is our fastest-growing service ever. So for a long time, we talked about Redshift, and Aurora has now outpaced that. So we're very excited about what we're seeing there.", "quarter": 3}}