{"id": 18457, "annotations": [{"id": 18560, "completed_by": 2, "result": [{"type": "labels", "value": {"end": 9, "text": "Operator", "start": 0, "labels": ["OPERATOR"]}, "origin": "manual", "to_name": "text", "from_name": "label-intro"}, {"type": "labels", "value": {"end": 115, "text": ": Thank you. Our next question comes from the line of Dan Salmon with BMO Capital Markets. Please proceed.", "start": 10, "labels": ["INTRO"]}, "origin": "manual", "to_name": "text", "from_name": "label-intro"}, {"type": "labels", "value": {"end": 126, "text": "Dan Salmon", "start": 115, "labels": ["ANALYST"]}, "origin": "manual", "to_name": "text", "from_name": "label-intro"}, {"type": "labels", "value": {"end": 917, "text": ": Thanks for taking the question guys. Brain, just to follow-up on one-day shipping. You noted that you begin to lap the beginning of the initiative here in the second quarter and that naturally costs can flow up with volumes. But just to be clear with you is the idea here is we anniversary at that sort of incremental expansion of one-day shipping either regionally or certain SKUs is functionally finished. I just want to make sure I understand that properly. And then just -- we can see the other number reported. Just any color within there on the advertising business. And in particular would love to hear an update just a bit on some of your brand initiatives there. I know that probably wasn't the focus in the holiday season, but it seems to be an important growing part. Thank you.", "start": 127, "labels": ["QUESTION"]}, "origin": "manual", "to_name": "text", "from_name": "label-intro"}, {"type": "labels", "value": {"end": 932, "text": "Brian Olsavsky", "start": 917, "labels": ["REPRESENTATIVE"]}, "origin": "manual", "to_name": "text", "from_name": "label-intro"}, {"type": "labels", "value": {"end": 1659, "text": ": Sure. Let me start on the one-day. So, yeah, we do see expansion of the one-day program as we move through the year. We've been expanding since we started this effort in Q2 of last year. Expansion means additional cities, additional routes, additional zip codes. But more -- I think what you'll see more in 2020 is also an -- more effort internationally, more costs internationally. We have greatly improved our selection of one-day in -- particularly in Europe and Japan. We started with higher one-day percentage of our shipments in those geographies, but we do have to take steps and are taking steps to increase that. And we expect that to be -- it started to be a little more balanced cost globally as we move into 2020.", "start": 933, "labels": ["ANSWER"]}, "origin": "manual", "to_name": "text", "from_name": "label-intro"}, {"type": "labels", "value": {"end": 1671, "text": "Dave Fildes", "start": 1659, "labels": ["REPRESENTATIVE"]}, "origin": "manual", "to_name": "text", "from_name": "label-intro"}, {"type": "labels", "value": {"end": 3046, "text": ": Yeah, Dan. In terms of your question around brands. We're focused on the certainly brands as an advertising customer set and a lot of focus on providing the products and tools that are going to help customers and really inspire them. So, things that we're really excited about stores, so a brand can customize and curate a multipage store. It allows them to better tell customers who they are share their story. So, we can help deepen the brand engagement and the customer loyalty through that type of option. Some other things like posts, which helps customers discover products and brands. And it's through a curated feed that features the brand's lifestyle content and it's on a mobile detail page. And there's international expansion in some other areas. I think broadly with advertising, so much of this is about having -- developing great relationships with these advertisers, because I think they appreciate the fidelity we can provide around shopping outcomes. We're uniquely positioned to do this given our retail business. On the advertising business, or rather I should say other revenue that line item grew about 41% year-over-year. Advertising is the biggest piece of that. Line item is growing at about the same rate. Advertising revenue is as a subset been growing at about the same rate year-over-year in the fourth quarter than it did in the third quarter.", "start": 1672, "labels": ["ANSWER"]}, "origin": "manual", "to_name": "text", "from_name": "label-intro"}], "was_cancelled": false, "ground_truth": true, "created_at": "2022-02-04T10:25:34.069249Z", "updated_at": "2022-02-04T10:25:34.069254Z", "lead_time": null, "prediction": {}, "result_count": 0, "task": 18457, "parent_prediction": null, "parent_annotation": null}], "data": {"year": 2019, "company": "AMZN", "my_text": "\nOperator: Thank you. Our next question comes from the line of Dan Salmon with BMO Capital Markets. Please proceed.\nDan Salmon: Thanks for taking the question guys. Brain, just to follow-up on one-day shipping. You noted that you begin to lap the beginning of the initiative here in the second quarter and that naturally costs can flow up with volumes. But just to be clear with you is the idea here is we anniversary at that sort of incremental expansion of one-day shipping either regionally or certain SKUs is functionally finished. I just want to make sure I understand that properly. And then just -- we can see the other number reported. Just any color within there on the advertising business. And in particular would love to hear an update just a bit on some of your brand initiatives there. I know that probably wasn't the focus in the holiday season, but it seems to be an important growing part. Thank you.\nBrian Olsavsky: Sure. Let me start on the one-day. So, yeah, we do see expansion of the one-day program as we move through the year. We've been expanding since we started this effort in Q2 of last year. Expansion means additional cities, additional routes, additional zip codes. But more -- I think what you'll see more in 2020 is also an -- more effort internationally, more costs internationally. We have greatly improved our selection of one-day in -- particularly in Europe and Japan. We started with higher one-day percentage of our shipments in those geographies, but we do have to take steps and are taking steps to increase that. And we expect that to be -- it started to be a little more balanced cost globally as we move into 2020.\nDave Fildes: Yeah, Dan. In terms of your question around brands. We're focused on the certainly brands as an advertising customer set and a lot of focus on providing the products and tools that are going to help customers and really inspire them. So, things that we're really excited about stores, so a brand can customize and curate a multipage store. It allows them to better tell customers who they are share their story. So, we can help deepen the brand engagement and the customer loyalty through that type of option. Some other things like posts, which helps customers discover products and brands. And it's through a curated feed that features the brand's lifestyle content and it's on a mobile detail page. And there's international expansion in some other areas. I think broadly with advertising, so much of this is about having -- developing great relationships with these advertisers, because I think they appreciate the fidelity we can provide around shopping outcomes. We're uniquely positioned to do this given our retail business. On the advertising business, or rather I should say other revenue that line item grew about 41% year-over-year. Advertising is the biggest piece of that. Line item is growing at about the same rate. Advertising revenue is as a subset been growing at about the same rate year-over-year in the fourth quarter than it did in the third quarter.", "quarter": 4}}