{"id": 17415, "annotations": [{"id": 17518, "completed_by": 2, "result": [{"type": "labels", "value": {"end": 9, "text": "Operator", "start": 0, "labels": ["OPERATOR"]}, "origin": "manual", "to_name": "text", "from_name": "label-intro"}, {"type": "labels", "value": {"end": 123, "text": ": Thank you. Our next question comes from Colin Sebastian with Robert W. Baird. Please proceed with your question.", "start": 10, "labels": ["INTRO"]}, "origin": "manual", "to_name": "text", "from_name": "label-intro"}, {"type": "labels", "value": {"end": 144, "text": "Colin Alan Sebastian", "start": 123, "labels": ["ANALYST"]}, "origin": "manual", "to_name": "text", "from_name": "label-intro"}, {"type": "labels", "value": {"end": 843, "text": ": Thanks very much. Maybe as a quick follow-up on the quarter, we've heard from other e-commerce companies and retailers about a higher degree of promotional activity during Q4. So I wonder if there was any conscious decision on your part to pull back from some of the more aggressive discounting. And then my whether question is whether you can shed any more light on the motivation to build out the air cargo hub in Cincinnati, understanding the need to support the growth of the core retail business, but also if this gives you more of an opportunity to build out direct connections to suppliers, for example, or a longer-term offer excess capacity or logistics as a service. Thank you very much.", "start": 145, "labels": ["QUESTION"]}, "origin": "manual", "to_name": "text", "from_name": "label-intro"}, {"type": "labels", "value": {"end": 861, "text": "Brian T. Olsavsky", "start": 843, "labels": ["REPRESENTATIVE"]}, "origin": "manual", "to_name": "text", "from_name": "label-intro"}, {"type": "labels", "value": {"end": 2435, "text": ": Sure, Colin. On your first question, holidays are always a very promotional period. So we don't see \u2013 I can't really comment on the year-over-year differential in promotional activities to us. We are always looking to not be beat on price. We want to offer the best options to customers and we saw a lot of great response from customers this holiday season. I think we would be a very trusted holiday partner particularly as you get closer to the holiday. So, on the promotion side, we don't consider it a huge factor either way. It's pretty much a cost of doing business 12 months a year for us. And, sorry, the second question is on the hub in Cincinnati \u2013 or excuse me, in Kentucky. Yes, that is \u2013 I saw the announcement on that. That is a partnership we have to build out the facility at the Hebron, Kentucky airport. I think it'll create thousands of jobs over time. What it does for us is it gives us a base for future growth. It's all about supplementing our existing capacity both our partners and ourselves and essentially building capacity that can handle this top line growth and also the growth in AFN or Amazon Fulfilled Network units which as I just mentioned is even higher than our paid unit growth. So same as some of the investments you saw in airplanes last year, our partnerships with companies that do air cargo. This is about supplying our need for our customers and our sellers. We value the partnership with external, the external providers as well and I think we're all dealing with the problem of having lots of incremental volume year-over-year.", "start": 862, "labels": ["ANSWER"]}, "origin": "manual", "to_name": "text", "from_name": "label-intro"}], "was_cancelled": false, "ground_truth": true, "created_at": "2022-02-04T10:03:51.612085Z", "updated_at": "2022-02-04T10:03:51.612090Z", "lead_time": null, "prediction": {}, "result_count": 0, "task": 17415, "parent_prediction": null, "parent_annotation": null}], "data": {"year": 2016, "company": "AMZN", "my_text": "\nOperator: Thank you. Our next question comes from Colin Sebastian with Robert W. Baird. Please proceed with your question.\nColin Alan Sebastian: Thanks very much. Maybe as a quick follow-up on the quarter, we've heard from other e-commerce companies and retailers about a higher degree of promotional activity during Q4. So I wonder if there was any conscious decision on your part to pull back from some of the more aggressive discounting. And then my whether question is whether you can shed any more light on the motivation to build out the air cargo hub in Cincinnati, understanding the need to support the growth of the core retail business, but also if this gives you more of an opportunity to build out direct connections to suppliers, for example, or a longer-term offer excess capacity or logistics as a service. Thank you very much.\nBrian T. Olsavsky: Sure, Colin. On your first question, holidays are always a very promotional period. So we don't see \u2013 I can't really comment on the year-over-year differential in promotional activities to us. We are always looking to not be beat on price. We want to offer the best options to customers and we saw a lot of great response from customers this holiday season. I think we would be a very trusted holiday partner particularly as you get closer to the holiday. So, on the promotion side, we don't consider it a huge factor either way. It's pretty much a cost of doing business 12 months a year for us. And, sorry, the second question is on the hub in Cincinnati \u2013 or excuse me, in Kentucky. Yes, that is \u2013 I saw the announcement on that. That is a partnership we have to build out the facility at the Hebron, Kentucky airport. I think it'll create thousands of jobs over time. What it does for us is it gives us a base for future growth. It's all about supplementing our existing capacity both our partners and ourselves and essentially building capacity that can handle this top line growth and also the growth in AFN or Amazon Fulfilled Network units which as I just mentioned is even higher than our paid unit growth. So same as some of the investments you saw in airplanes last year, our partnerships with companies that do air cargo. This is about supplying our need for our customers and our sellers. We value the partnership with external, the external providers as well and I think we're all dealing with the problem of having lots of incremental volume year-over-year.", "quarter": 4}}