{"id": 18422, "annotations": [{"id": 18525, "completed_by": 2, "result": [{"type": "labels", "value": {"end": 9, "text": "Operator", "start": 0, "labels": ["OPERATOR"]}, "origin": "manual", "to_name": "text", "from_name": "label-intro"}, {"type": "labels", "value": {"end": 86, "text": ": Our next question is from Justin Post from Merrill Lynch. You are now live.", "start": 10, "labels": ["INTRO"]}, "origin": "manual", "to_name": "text", "from_name": "label-intro"}, {"type": "labels", "value": {"end": 98, "text": "Justin Post", "start": 86, "labels": ["ANALYST"]}, "origin": "manual", "to_name": "text", "from_name": "label-intro"}, {"type": "labels", "value": {"end": 503, "text": ": Great. Thank you. As users consume more services and maybe get less boxes, although I guess you could see a pickup in Q2, what does that mean for customer stickiness? How are you thinking about getting more advertising and getting more subscription services? And maybe you could just give us a little insight into what you're seeing with Prime churn especially in the more mature U.S. market? Thank you.", "start": 99, "labels": ["QUESTION"]}, "origin": "manual", "to_name": "text", "from_name": "label-intro"}, {"type": "labels", "value": {"end": 518, "text": "Brian Olsavsky", "start": 503, "labels": ["REPRESENTATIVE"]}, "origin": "manual", "to_name": "text", "from_name": "label-intro"}, {"type": "labels", "value": {"end": 1304, "text": ": Yeah. Sure. Justin, I would say, as I said, I believe, on the last call, we had more people sign up for Prime in 2018 than any other year before. So we are very happy with the - not only the absolute membership levels of the Prime program, but also the engagement. Our engagement in video benefit - excuse me, Prime benefits, shipping, hours watched on video, hours listened to on music, all of them are trending in the right direction and continue to get more and more sticky. So while I can't share - I wouldn't share with you today the Prime - any Prime - specific Prime statistics about churn, it does remain a very compelling program. I think, the announcement I just made about morphing to a one-day free shipping offer will make it even more the best deal in retail, as we say.", "start": 519, "labels": ["ANSWER"]}, "origin": "manual", "to_name": "text", "from_name": "label-intro"}], "was_cancelled": false, "ground_truth": true, "created_at": "2022-02-04T10:25:34.066794Z", "updated_at": "2022-02-04T10:25:34.066799Z", "lead_time": null, "prediction": {}, "result_count": 0, "task": 18422, "parent_prediction": null, "parent_annotation": null}], "data": {"year": 2019, "company": "AMZN", "my_text": "\nOperator: Our next question is from Justin Post from Merrill Lynch. You are now live.\nJustin Post: Great. Thank you. As users consume more services and maybe get less boxes, although I guess you could see a pickup in Q2, what does that mean for customer stickiness? How are you thinking about getting more advertising and getting more subscription services? And maybe you could just give us a little insight into what you're seeing with Prime churn especially in the more mature U.S. market? Thank you.\nBrian Olsavsky: Yeah. Sure. Justin, I would say, as I said, I believe, on the last call, we had more people sign up for Prime in 2018 than any other year before. So we are very happy with the - not only the absolute membership levels of the Prime program, but also the engagement. Our engagement in video benefit - excuse me, Prime benefits, shipping, hours watched on video, hours listened to on music, all of them are trending in the right direction and continue to get more and more sticky. So while I can't share - I wouldn't share with you today the Prime - any Prime - specific Prime statistics about churn, it does remain a very compelling program. I think, the announcement I just made about morphing to a one-day free shipping offer will make it even more the best deal in retail, as we say.", "quarter": 1}}