{"id": 18348, "annotations": [{"id": 18451, "completed_by": 2, "result": [{"type": "labels", "value": {"end": 9, "text": "Operator", "start": 0, "labels": ["OPERATOR"]}, "origin": "manual", "to_name": "text", "from_name": "label-intro"}, {"type": "labels", "value": {"end": 132, "text": ": Thank you. Our next question comes from Jason Helfstein with Oppenheimer and Company. Please proceed with your questions.", "start": 10, "labels": ["INTRO"]}, "origin": "manual", "to_name": "text", "from_name": "label-intro"}, {"type": "labels", "value": {"end": 148, "text": "Jason Helfstein", "start": 132, "labels": ["ANALYST"]}, "origin": "manual", "to_name": "text", "from_name": "label-intro"}, {"type": "labels", "value": {"end": 587, "text": ": Thanks. So is there just an accounting housekeeping a way to think about stock-based comp? You guys aren't providing that by segment anymore, but the rates of growth kind of differed by the businesses. And so is there just a way to think about, A, will that be in the queue? Or are you not disclosing it anymore? And is there a way to think about what I guess the patterns would be consistent with historical patterns by segment? Thanks.", "start": 149, "labels": ["QUESTION"]}, "origin": "manual", "to_name": "text", "from_name": "label-intro"}, {"type": "labels", "value": {"end": 600, "text": "Darin Manney", "start": 587, "labels": ["REPRESENTATIVE"]}, "origin": "manual", "to_name": "text", "from_name": "label-intro"}, {"type": "labels", "value": {"end": 1041, "text": ": Hi, Jason. This is Darin. Yes, we, a number of quarters back, started breaking out stock-based compensation by segment, and now we have collapsed that in our op income by segment. So it's definitely in there. We do provide some disclosure by P&L line item on a consolidated basis, that helps you identify that stock-based compensation expense in total and you'll see the trend and analysis and the metrics at the back of the press release.", "start": 601, "labels": ["ANSWER"]}, "origin": "manual", "to_name": "text", "from_name": "label-intro"}], "was_cancelled": false, "ground_truth": true, "created_at": "2022-02-04T10:25:34.061297Z", "updated_at": "2022-02-04T10:25:34.061302Z", "lead_time": null, "prediction": {}, "result_count": 0, "task": 18348, "parent_prediction": null, "parent_annotation": null}], "data": {"year": 2017, "company": "AMZN", "my_text": "\nOperator: Thank you. Our next question comes from Jason Helfstein with Oppenheimer and Company. Please proceed with your questions.\nJason Helfstein: Thanks. So is there just an accounting housekeeping a way to think about stock-based comp? You guys aren't providing that by segment anymore, but the rates of growth kind of differed by the businesses. And so is there just a way to think about, A, will that be in the queue? Or are you not disclosing it anymore? And is there a way to think about what I guess the patterns would be consistent with historical patterns by segment? Thanks.\nDarin Manney: Hi, Jason. This is Darin. Yes, we, a number of quarters back, started breaking out stock-based compensation by segment, and now we have collapsed that in our op income by segment. So it's definitely in there. We do provide some disclosure by P&L line item on a consolidated basis, that helps you identify that stock-based compensation expense in total and you'll see the trend and analysis and the metrics at the back of the press release.", "quarter": 1}}