{"id": 17323, "annotations": [{"id": 17426, "completed_by": 2, "result": [{"type": "labels", "value": {"end": 9, "text": "Operator", "start": 0, "labels": ["OPERATOR"]}, "origin": "manual", "to_name": "text", "from_name": "label-intro"}, {"type": "labels", "value": {"end": 78, "text": ": Our next question comes from Youssef Squali with Cantor Fitzgerald.", "start": 10, "labels": ["INTRO"]}, "origin": "manual", "to_name": "text", "from_name": "label-intro"}, {"type": "labels", "value": {"end": 96, "text": "Youssef H. Squali", "start": 78, "labels": ["ANALYST"]}, "origin": "manual", "to_name": "text", "from_name": "label-intro"}, {"type": "labels", "value": {"end": 696, "text": ": Thank you. I guess, another question on AWS if I may. So, I want to go back to something that you said, Brian. You said that you've seen greater efficiency in the business from a cost standpoint. I was wondering if you can maybe parse that out a little more for us. Were you referring to OpEx or CapEx? And if you're referring to CapEx as well, do you feel you that you have reached escape velocity that should allow CapEx as a percentage of revenues, pricing aside, to now allow you for a constant decline in that metric, CapEx as a percentage of revenue for that that particular business? Thanks.", "start": 97, "labels": ["QUESTION"]}, "origin": "manual", "to_name": "text", "from_name": "label-intro"}, {"type": "labels", "value": {"end": 714, "text": "Brian T. Olsavsky", "start": 696, "labels": ["REPRESENTATIVE"]}, "origin": "manual", "to_name": "text", "from_name": "label-intro"}, {"type": "labels", "value": {"end": 1182, "text": ": What I can tell you is we have seen great efficiency on the cost side, the cost to generate the capacity for AWS. I will also say that Amazon is one of the primary large customers of AWS so we see it in the consumer side of the business as well, although that's not included in AWS revenue. It's an inter-company relationship. So, we get a double whammy there. We are getting great efficiency from our external AWS business but also from our own use of AWS services.", "start": 715, "labels": ["ANSWER"]}, "origin": "manual", "to_name": "text", "from_name": "label-intro"}, {"type": "labels", "value": {"end": 1200, "text": "Youssef H. Squali", "start": 1182, "labels": ["ANALYST"]}, "origin": "manual", "to_name": "text", "from_name": "label-intro"}, {"type": "labels", "value": {"end": 1214, "text": ": Okay thanks.", "start": 1201, "labels": ["QUESTION"]}, "origin": "manual", "to_name": "text", "from_name": "label-intro"}], "was_cancelled": false, "ground_truth": true, "created_at": "2022-02-04T10:03:51.605268Z", "updated_at": "2022-02-04T10:03:51.605273Z", "lead_time": null, "prediction": {}, "result_count": 0, "task": 17323, "parent_prediction": null, "parent_annotation": null}], "data": {"year": 2015, "company": "AMZN", "my_text": "\nOperator: Our next question comes from Youssef Squali with Cantor Fitzgerald.\nYoussef H. Squali: Thank you. I guess, another question on AWS if I may. So, I want to go back to something that you said, Brian. You said that you've seen greater efficiency in the business from a cost standpoint. I was wondering if you can maybe parse that out a little more for us. Were you referring to OpEx or CapEx? And if you're referring to CapEx as well, do you feel you that you have reached escape velocity that should allow CapEx as a percentage of revenues, pricing aside, to now allow you for a constant decline in that metric, CapEx as a percentage of revenue for that that particular business? Thanks.\nBrian T. Olsavsky: What I can tell you is we have seen great efficiency on the cost side, the cost to generate the capacity for AWS. I will also say that Amazon is one of the primary large customers of AWS so we see it in the consumer side of the business as well, although that's not included in AWS revenue. It's an inter-company relationship. So, we get a double whammy there. We are getting great efficiency from our external AWS business but also from our own use of AWS services.\nYoussef H. Squali: Okay thanks.", "quarter": 2}}