{"id": 17408, "annotations": [{"id": 17511, "completed_by": 2, "result": [{"id": "pGr0EOYXd_", "type": "labels", "value": {"end": 9, "text": "Operator", "start": 0, "labels": ["OPERATOR"]}, "origin": "manual", "to_name": "text", "from_name": "label-intro"}, {"id": "T5a0YlPpqr", "type": "labels", "value": {"end": 135, "text": " Thank you. Our next question comes from the line of John Blackledge with Cowen & Company. Please proceed with your question.", "start": 10, "labels": ["INTRO"]}, "origin": "manual", "to_name": "text", "from_name": "label-intro"}, {"id": "ebN93HNWUL", "type": "labels", "value": {"end": 151, "text": "John Blackledge", "start": 135, "labels": ["ANALYST"]}, "origin": "manual", "to_name": "text", "from_name": "label-intro"}, {"id": "_ls9XDRbqL", "type": "labels", "value": {"end": 756, "text": " Great. Thanks, just two questions. It seems you're increasing your efforts in the auto vertical with the recent launch of Amazon Vehicles. Just wondering if you could discuss some of the dynamics of the auto industry that make it attractive and maybe how it aligns with the Prime value prop. And also wondering if you had any plans to work directly with auto shops just given your ability to service most areas in one to two days. And then just the second question, on grocery would you consider physical locations in an effort to kind of expand and/or accelerate the growth in that vertical? Thank you.", "start": 152, "labels": ["QUESTION"]}, "origin": "manual", "to_name": "text", "from_name": "label-intro"}, {"id": "eZcuDeYgkk", "type": "labels", "value": {"end": 769, "text": "Darin Manney", "start": 756, "labels": ["REPRESENTATIVE"]}, "origin": "manual", "to_name": "text", "from_name": "label-intro"}, {"id": "AFcMyyOuPN", "type": "labels", "value": {"end": 1840, "text": " Yeah, hi John. This is Darin. On vehicles, Amazon Vehicles is really a car research destination and really builds the automotive community for customers and gets information they need when shopping for vehicles offsite or shopping for parts and accessories onsite. The features include research tools, community engagement where you can talk to other customers, and certainly we'll try to build a one-stop shop for vehicles as an extension to the automotive store which engages customers to add information about their cars in their garage and which makes it actually easier to shop for parts and accessories for your particular vehicle. And so we think there's a lot of opportunity there to add convenience for customers. On the B2B side, certainly we do have a Amazon business offering. Businesses of all shapes and sizes can sign up to be a B2B customer and the selection that we have in our parts and in automotive categories are certainly open to that channel, but I wouldn't speculate on anything we might do in a particular vertical for those business customers.", "start": 770, "labels": ["ANSWER"]}, "origin": "manual", "to_name": "text", "from_name": "label-intro"}, {"id": "PWJnWLLNaw", "type": "labels", "value": {"end": 1858, "text": "Brian T. Olsavsky", "start": 1840, "labels": ["REPRESENTATIVE"]}, "origin": "manual", "to_name": "text", "from_name": "label-intro"}, {"id": "wvnU4w5UC-", "type": "labels", "value": {"end": 2783, "text": " Sure. And your comment on, or question on grocery and physical stores, I can't comment on any rumors or speculations there might be regarding that. But what I will tell you is we have experimented with physical stores. As you may know, we have three physical bookstores, one Seattle, one in San Diego and one in Portland and two more coming, one in Boston and one in Chicago. And what we're finding is they're great places for customers to browse what ends up being a curated selection of books and they also get to try out our devices, which is very beneficial. So they get to touch and try our eReaders, tablets, Fire TV and Echo. So we like what we see with that connection and we also have pop-up stores that you may see and also college pick-up points. So we will try different delivery methods or pick-up points or ways of getting product to customers, but nothing specific to point out on the grocery side right now.", "start": 1859, "labels": ["ANSWER"]}, "origin": "manual", "to_name": "text", "from_name": "label-intro"}], "was_cancelled": false, "ground_truth": true, "created_at": "2022-02-04T10:03:51.611586Z", "updated_at": "2022-05-09T00:38:33.496902Z", "lead_time": 35231.628, "prediction": {}, "result_count": 0, "task": 17408, "parent_prediction": null, "parent_annotation": null}], "data": {"year": 2016, "company": "AMZN", "my_text": "\nOperator: Thank you. Our next question comes from the line of John Blackledge with Cowen & Company. Please proceed with your question.\nJohn Blackledge: Great. Thanks, just two questions. It seems you're increasing your efforts in the auto vertical with the recent launch of Amazon Vehicles. Just wondering if you could discuss some of the dynamics of the auto industry that make it attractive and maybe how it aligns with the Prime value prop. And also wondering if you had any plans to work directly with auto shops just given your ability to service most areas in one to two days. And then just the second question, on grocery would you consider physical locations in an effort to kind of expand and/or accelerate the growth in that vertical? Thank you.\nDarin Manney: Yeah, hi John. This is Darin. On vehicles, Amazon Vehicles is really a car research destination and really builds the automotive community for customers and gets information they need when shopping for vehicles offsite or shopping for parts and accessories onsite. The features include research tools, community engagement where you can talk to other customers, and certainly we'll try to build a one-stop shop for vehicles as an extension to the automotive store which engages customers to add information about their cars in their garage and which makes it actually easier to shop for parts and accessories for your particular vehicle. And so we think there's a lot of opportunity there to add convenience for customers. On the B2B side, certainly we do have a Amazon business offering. Businesses of all shapes and sizes can sign up to be a B2B customer and the selection that we have in our parts and in automotive categories are certainly open to that channel, but I wouldn't speculate on anything we might do in a particular vertical for those business customers.\nBrian T. Olsavsky: Sure. And your comment on, or question on grocery and physical stores, I can't comment on any rumors or speculations there might be regarding that. But what I will tell you is we have experimented with physical stores. As you may know, we have three physical bookstores, one Seattle, one in San Diego and one in Portland and two more coming, one in Boston and one in Chicago. And what we're finding is they're great places for customers to browse what ends up being a curated selection of books and they also get to try out our devices, which is very beneficial. So they get to touch and try our eReaders, tablets, Fire TV and Echo. So we like what we see with that connection and we also have pop-up stores that you may see and also college pick-up points. So we will try different delivery methods or pick-up points or ways of getting product to customers, but nothing specific to point out on the grocery side right now.", "quarter": 3}}