{"id": 17303, "annotations": [{"id": 17406, "completed_by": 2, "result": [{"id": "JF-aSDVID5", "type": "labels", "value": {"end": 9, "text": "Operator", "start": 0, "labels": ["OPERATOR"]}, "origin": "manual", "to_name": "text", "from_name": "label-intro"}, {"id": "oHYVkz-WKN", "type": "labels", "value": {"end": 69, "text": " Our next question comes from Douglas Anmuth with JPMorgan.", "start": 10, "labels": ["INTRO"]}, "origin": "manual", "to_name": "text", "from_name": "label-intro"}, {"id": "QzEOnU64C9", "type": "labels", "value": {"end": 84, "text": "Douglas Anmuth", "start": 69, "labels": ["ANALYST"]}, "origin": "manual", "to_name": "text", "from_name": "label-intro"}, {"id": "IMh4HvWxMd", "type": "labels", "value": {"end": 522, "text": " Thanks for taking the question. Can you guys talk a little bit more just about the international business and kind of the key initiatives here in terms of getting the growth to reaccelerate some of these levels? And then also perhaps little bit more on your strategy. In China how you are thinking about the cost structure there, relative to previous years and some of the key ways you might be able to rationalize things there? Thanks.", "start": 85, "labels": ["QUESTION"]}, "origin": "manual", "to_name": "text", "from_name": "label-intro"}, {"id": "8q1Yl4dAtt", "type": "labels", "value": {"end": 537, "text": "Brian Olsavsky", "start": 522, "labels": ["REPRESENTATIVE"]}, "origin": "manual", "to_name": "text", "from_name": "label-intro"}, {"id": "LgYi_Wl6_7", "type": "labels", "value": {"end": 1482, "text": " Yes, let me start with China. So, I think you'll see a lot invention, you're seeing a lot of invention from us in China right now. Amazon is trusted source of authentic [ph] international products and that\u2019s really what we're doubling down on now with a Amazon global store on our own site, which gives Chinese customers access to over 1 million Amazon products globally. And then the team of flagship store for international brands which you've heard about giving thousands of direct imported products access to \u2013 customer\u2019s access to these products and those happen to be stocked and ready to ship from our fulfillment centers in China. So that\u2019s an added benefit. 25% of those are exclusive \u2013 over 25% of those exclusives to Amazon. So we continue to be selective in our investments there, but we're taking the long-term view and we have hopes for the new initiatives along the global \u2013 with the global store and the team of flagship store.", "start": 538, "labels": ["ANSWER"]}, "origin": "manual", "to_name": "text", "from_name": "label-intro"}, {"id": "7vX_Q3lATu", "type": "labels", "value": {"end": 1494, "text": "Tom Szkutak", "start": 1482, "labels": ["REPRESENTATIVE"]}, "origin": "manual", "to_name": "text", "from_name": "label-intro"}, {"id": "gyEjM50eIC", "type": "labels", "value": {"end": 3382, "text": " In terms of the growth for total international, just maybe some comments first about the current quarter and then I'll elaborate little bit further. But the growth was down 2% on a dollar basis, up 14% on local currency basis. So we did see a little bit of improvement in terms of growth rate acceleration versus last couple of quarters. And in addition to the things that Brian mentioned earlier about the Prime platform, that\u2019s something that we're doing globally. And so we're certainly \u2013 all those things we're working on globally. So those are things that at least in most geographies we have today. One thing to keep in mind also, as you look at growth rate for Q1, is last year Q1 we talked about in April 1st there was a consumption tax increase in Japan. We had some \u2013we think some pre-buys in Q1 and we're overlapping that in Q1 of this year. So it\u2019s a headwind if you think about it for Q1. But we're looking \u2013 we think there is still a big opportunity, as we mentioned last call, big opportunity with Prime. Prime is growing at a faster rate. We think there is still a great opportunity to add unique selection to \u2013 for category expansion. And again, so we're going to continue feed the Prime platform as we talked about, continue to add selection in a lot of categories. We're also very excited about India, if you take a look at our results for \u2013 from an operating profit standpoint, you see that it was approximately negative 76 million on a dollar basis. If you back out exchange that\u2019s approximately breakeven, included in there we certainly have a sizeable step up in investment in India. And we're super excited from what we see there right now. We think its very big opportunity and we're investing appropriately for that big opportunity. So those are some of things that we're working on and we think there \u2013 we still have a lot of opportunity there moving forward.", "start": 1495, "labels": ["ANSWER"]}, "origin": "manual", "to_name": "text", "from_name": "label-intro"}], "was_cancelled": false, "ground_truth": true, "created_at": "2022-02-04T10:03:51.603697Z", "updated_at": "2022-03-17T17:50:31.339102Z", "lead_time": 1355.502, "prediction": {}, "result_count": 0, "task": 17303, "parent_prediction": null, "parent_annotation": null}], "data": {"year": 2015, "company": "AMZN", "my_text": "\nOperator: Our next question comes from Douglas Anmuth with JPMorgan.\nDouglas Anmuth: Thanks for taking the question. Can you guys talk a little bit more just about the international business and kind of the key initiatives here in terms of getting the growth to reaccelerate some of these levels? And then also perhaps little bit more on your strategy. In China how you are thinking about the cost structure there, relative to previous years and some of the key ways you might be able to rationalize things there? Thanks.\nBrian Olsavsky: Yes, let me start with China. So, I think you'll see a lot invention, you're seeing a lot of invention from us in China right now. Amazon is trusted source of authentic [ph] international products and that\u2019s really what we're doubling down on now with a Amazon global store on our own site, which gives Chinese customers access to over 1 million Amazon products globally. And then the team of flagship store for international brands which you've heard about giving thousands of direct imported products access to \u2013 customer\u2019s access to these products and those happen to be stocked and ready to ship from our fulfillment centers in China. So that\u2019s an added benefit. 25% of those are exclusive \u2013 over 25% of those exclusives to Amazon. So we continue to be selective in our investments there, but we're taking the long-term view and we have hopes for the new initiatives along the global \u2013 with the global store and the team of flagship store.\nTom Szkutak: In terms of the growth for total international, just maybe some comments first about the current quarter and then I'll elaborate little bit further. But the growth was down 2% on a dollar basis, up 14% on local currency basis. So we did see a little bit of improvement in terms of growth rate acceleration versus last couple of quarters. And in addition to the things that Brian mentioned earlier about the Prime platform, that\u2019s something that we're doing globally. And so we're certainly \u2013 all those things we're working on globally. So those are things that at least in most geographies we have today. One thing to keep in mind also, as you look at growth rate for Q1, is last year Q1 we talked about in April 1st there was a consumption tax increase in Japan. We had some \u2013we think some pre-buys in Q1 and we're overlapping that in Q1 of this year. So it\u2019s a headwind if you think about it for Q1. But we're looking \u2013 we think there is still a big opportunity, as we mentioned last call, big opportunity with Prime. Prime is growing at a faster rate. We think there is still a great opportunity to add unique selection to \u2013 for category expansion. And again, so we're going to continue feed the Prime platform as we talked about, continue to add selection in a lot of categories. We're also very excited about India, if you take a look at our results for \u2013 from an operating profit standpoint, you see that it was approximately negative 76 million on a dollar basis. If you back out exchange that\u2019s approximately breakeven, included in there we certainly have a sizeable step up in investment in India. And we're super excited from what we see there right now. We think its very big opportunity and we're investing appropriately for that big opportunity. So those are some of things that we're working on and we think there \u2013 we still have a lot of opportunity there moving forward.", "quarter": 1}}