{"id": 17339, "annotations": [{"id": 17442, "completed_by": 2, "result": [{"id": "lk_8M7iniP", "type": "labels", "value": {"end": 9, "text": "Operator", "start": 0, "labels": ["OPERATOR"]}, "origin": "manual", "to_name": "text", "from_name": "label-intro"}, {"id": "kkJzhgg1In", "type": "labels", "value": {"end": 72, "text": " Our next question comes from Brian Nowak with Morgan Stanley.", "start": 10, "labels": ["INTRO"]}, "origin": "manual", "to_name": "text", "from_name": "label-intro"}, {"id": "5GD7JUzyrz", "type": "labels", "value": {"end": 84, "text": "Brian Nowak", "start": 72, "labels": ["ANALYST"]}, "origin": "manual", "to_name": "text", "from_name": "label-intro"}, {"id": "42ihZEHt2r", "type": "labels", "value": {"end": 677, "text": " Thanks for taking my questions. You guys have had the Kindle Store in Brazil since December of 2012. Just curious about the learnings around that and kind of what benchmarks are you analyzing as you kind of try to determine whether or not to invest further in a larger Brazil store? And then the second one, just curious for comments on International Prime sub growth. It sounds like Prime subs are growing really well. I think a couple of quarters ago, you mentioned how they're growing over 50%. Is that still the case? And if so, what's driving that faster International Prime sub-growth?", "start": 85, "labels": ["QUESTION"]}, "origin": "manual", "to_name": "text", "from_name": "label-intro"}, {"id": "mxB6r9vkuP", "type": "labels", "value": {"end": 689, "text": "Phil Hardin", "start": 677, "labels": ["REPRESENTATIVE"]}, "origin": "manual", "to_name": "text", "from_name": "label-intro"}, {"id": "8yCtQ1cnM0", "type": "labels", "value": {"end": 1260, "text": " So, on the Brazil side \u2013 this is Phil \u2013 we've had the Kindle Store in Brazil for a while. I think we look at all of our investments with an eye towards trying to maximize long-term free cash flow at strong returns on invested capital. So that's across the board. That's kind of the criteria we're using, making sure we're building things that customers love that can have attractive financial returns over time, and can persist for a long time. And if they work, can be big. And so, that's the metrics we're using. There's nothing specific to call out to Brazil though.", "start": 690, "labels": ["ANSWER"]}, "origin": "manual", "to_name": "text", "from_name": "label-intro"}, {"id": "H41jHv40AQ", "type": "labels", "value": {"end": 1278, "text": "Brian T. Olsavsky", "start": 1260, "labels": ["REPRESENTATIVE"]}, "origin": "manual", "to_name": "text", "from_name": "label-intro"}, {"id": "4QCrVl9XDK", "type": "labels", "value": {"end": 2140, "text": " And this is Brian. We're not going to update our Prime subscription growth beyond what we said last year at the end of last year, which last year in a year when we raised prices early in 2014. The global growth rate was 53% and North America growth rate was 50%. So, by default, the International growth rate was higher. We like the adoption of Prime internationally. It's helped by additional selection that's available for fast track shipment, including FBA. So that flywheel is working. We've also launched video benefits most recently in Japan, but we have them in the U.K. and Germany. We continue to launch other Prime benefits, Amazon Pantry in Japan and Germany this quarter. We launch Prime Now in the U.K. So, it's very similar to the U.S. story, potentially time lagged a bit, but we are seeing the same customer adoption and impact on growth rates.", "start": 1279, "labels": ["ANSWER"]}, "origin": "manual", "to_name": "text", "from_name": "label-intro"}], "was_cancelled": false, "ground_truth": true, "created_at": "2022-02-04T10:03:51.606433Z", "updated_at": "2022-04-14T14:35:16.705516Z", "lead_time": 2340.171, "prediction": {}, "result_count": 0, "task": 17339, "parent_prediction": null, "parent_annotation": null}], "data": {"year": 2015, "company": "AMZN", "my_text": "\nOperator: Our next question comes from Brian Nowak with Morgan Stanley.\nBrian Nowak: Thanks for taking my questions. You guys have had the Kindle Store in Brazil since December of 2012. Just curious about the learnings around that and kind of what benchmarks are you analyzing as you kind of try to determine whether or not to invest further in a larger Brazil store? And then the second one, just curious for comments on International Prime sub growth. It sounds like Prime subs are growing really well. I think a couple of quarters ago, you mentioned how they're growing over 50%. Is that still the case? And if so, what's driving that faster International Prime sub-growth?\nPhil Hardin: So, on the Brazil side \u2013 this is Phil \u2013 we've had the Kindle Store in Brazil for a while. I think we look at all of our investments with an eye towards trying to maximize long-term free cash flow at strong returns on invested capital. So that's across the board. That's kind of the criteria we're using, making sure we're building things that customers love that can have attractive financial returns over time, and can persist for a long time. And if they work, can be big. And so, that's the metrics we're using. There's nothing specific to call out to Brazil though.\nBrian T. Olsavsky: And this is Brian. We're not going to update our Prime subscription growth beyond what we said last year at the end of last year, which last year in a year when we raised prices early in 2014. The global growth rate was 53% and North America growth rate was 50%. So, by default, the International growth rate was higher. We like the adoption of Prime internationally. It's helped by additional selection that's available for fast track shipment, including FBA. So that flywheel is working. We've also launched video benefits most recently in Japan, but we have them in the U.K. and Germany. We continue to launch other Prime benefits, Amazon Pantry in Japan and Germany this quarter. We launch Prime Now in the U.K. So, it's very similar to the U.S. story, potentially time lagged a bit, but we are seeing the same customer adoption and impact on growth rates.", "quarter": 3}}