{"id": 18411, "annotations": [{"id": 18514, "completed_by": 2, "result": [{"type": "labels", "value": {"end": 9, "text": "Operator", "start": 0, "labels": ["OPERATOR"]}, "origin": "manual", "to_name": "text", "from_name": "label-intro"}, {"type": "labels", "value": {"end": 89, "text": ": Thank you. Our next question comes from the line of Doug Anmuth with JPMorgan.", "start": 10, "labels": ["INTRO"]}, "origin": "manual", "to_name": "text", "from_name": "label-intro"}, {"type": "labels", "value": {"end": 101, "text": "Doug Anmuth", "start": 89, "labels": ["ANALYST"]}, "origin": "manual", "to_name": "text", "from_name": "label-intro"}, {"type": "labels", "value": {"end": 504, "text": ": Great. Thank you. I just wanted to follow up on India, just bigger picture, Brian, do the new policies change your view at all of the attractiveness or the potential of operating in India and how do you think about your investment strategy there in the near term? And then also just hoping you could talk about some of the impact in the US and UK from free shipping during the fourth quarter holidays?", "start": 102, "labels": ["QUESTION"]}, "origin": "manual", "to_name": "text", "from_name": "label-intro"}, {"type": "labels", "value": {"end": 519, "text": "Brian Olsavsky", "start": 504, "labels": ["REPRESENTATIVE"]}, "origin": "manual", "to_name": "text", "from_name": "label-intro"}, {"type": "labels", "value": {"end": 1011, "text": ": Yeah. Really, we're still evaluating the situation in India. We feel very good about the long term prospects in India and doing a good job for both Indian customers and Indian sellers. The new regulations need to be interpreted, need to be -- need to make sure they don't have unintended consequences. And again, I don't think it's necessarily consistent with better price, better selection and better convenience for the Indian customer. So it's not all we can say on that topic right now.", "start": 520, "labels": ["ANSWER"]}, "origin": "manual", "to_name": "text", "from_name": "label-intro"}, {"type": "labels", "value": {"end": 1023, "text": "Dave Fildes", "start": 1011, "labels": ["REPRESENTATIVE"]}, "origin": "manual", "to_name": "text", "from_name": "label-intro"}, {"type": "labels", "value": {"end": 1785, "text": ": Yeah. And I think Doug, your second point was just around shipping, some of the shipping offers in the holiday. We did lower the free shipping threshold ahead in to the fourth quarter, so customers took advantage of that and that was a great offer for them in the holidays. Brian talked a little bit about it before, but pleased with the holiday season, both from sort of a first party side, but also sellers continuing to do well. As part of the holiday offering, we sold a number of record breaking number of Alexa devices as well and I think just in that shipping vein, really pleased with the continued engagement from Prime members, we had the most ever number of Prime members sign up this quarter than any quarter we've had. So really pleased with that.", "start": 1024, "labels": ["ANSWER"]}, "origin": "manual", "to_name": "text", "from_name": "label-intro"}], "was_cancelled": false, "ground_truth": true, "created_at": "2022-02-04T10:25:34.065969Z", "updated_at": "2022-02-04T10:25:34.065974Z", "lead_time": null, "prediction": {}, "result_count": 0, "task": 18411, "parent_prediction": null, "parent_annotation": null}], "data": {"year": 2018, "company": "AMZN", "my_text": "\nOperator: Thank you. Our next question comes from the line of Doug Anmuth with JPMorgan.\nDoug Anmuth: Great. Thank you. I just wanted to follow up on India, just bigger picture, Brian, do the new policies change your view at all of the attractiveness or the potential of operating in India and how do you think about your investment strategy there in the near term? And then also just hoping you could talk about some of the impact in the US and UK from free shipping during the fourth quarter holidays?\nBrian Olsavsky: Yeah. Really, we're still evaluating the situation in India. We feel very good about the long term prospects in India and doing a good job for both Indian customers and Indian sellers. The new regulations need to be interpreted, need to be -- need to make sure they don't have unintended consequences. And again, I don't think it's necessarily consistent with better price, better selection and better convenience for the Indian customer. So it's not all we can say on that topic right now.\nDave Fildes: Yeah. And I think Doug, your second point was just around shipping, some of the shipping offers in the holiday. We did lower the free shipping threshold ahead in to the fourth quarter, so customers took advantage of that and that was a great offer for them in the holidays. Brian talked a little bit about it before, but pleased with the holiday season, both from sort of a first party side, but also sellers continuing to do well. As part of the holiday offering, we sold a number of record breaking number of Alexa devices as well and I think just in that shipping vein, really pleased with the continued engagement from Prime members, we had the most ever number of Prime members sign up this quarter than any quarter we've had. So really pleased with that.", "quarter": 4}}