{"id": 17313, "annotations": [{"id": 17416, "completed_by": 2, "result": [{"type": "labels", "value": {"end": 9, "text": "Operator", "start": 0, "labels": ["OPERATOR"]}, "origin": "manual", "to_name": "text", "from_name": "label-intro"}, {"type": "labels", "value": {"end": 73, "text": ": Our next question comes from Jason Helfstein with Oppenheimer.", "start": 10, "labels": ["INTRO"]}, "origin": "manual", "to_name": "text", "from_name": "label-intro"}, {"type": "labels", "value": {"end": 89, "text": "Jason Helfstein", "start": 73, "labels": ["ANALYST"]}, "origin": "manual", "to_name": "text", "from_name": "label-intro"}, {"type": "labels", "value": {"end": 408, "text": ": Thanks. So can you talk about how the impact on available third-party SKUs impacts the business, particular in Europe and ultimately what you could do to drive more SKUs through the platform, whether it's lowering third-party rates or is it other factors to try to get more SKUs on their after a third-party?. Thanks.", "start": 90, "labels": ["QUESTION"]}, "origin": "manual", "to_name": "text", "from_name": "label-intro"}, {"type": "labels", "value": {"end": 420, "text": "Tom Szkutak", "start": 408, "labels": ["REPRESENTATIVE"]}, "origin": "manual", "to_name": "text", "from_name": "label-intro"}, {"type": "labels", "value": {"end": 1490, "text": ": We spent a tremendous amount of time on our seller business over the years and trying to improve both the experience for sellers, as well as customers. And we've done a lot of interesting things to help sellers and that\u2019s why you see the results that we're seeing today 44% of our units today, as of this quarter, our third party units, that\u2019s up about 400 basis points from last year. Certainly one of the things that we've talked about its most, that\u2019s notable is fulfillment by Amazon. And so the benefit for sellers is they get to take advantage of our multi newer fulfillment network globally, we have a 109 fulfillment centers globally, as well as our customers get to take advantage of that as prime numbers where we offer in those geography. So it\u2019s really a great benefit for sellers, its good for sellers, its good for customers and we believe good for share owners too. So again, we're very excited, number of different things we're working on, but certainly one of the drivers along with all of the things that I mentioned is certainly FBA is very helpful.", "start": 421, "labels": ["ANSWER"]}, "origin": "manual", "to_name": "text", "from_name": "label-intro"}], "was_cancelled": false, "ground_truth": true, "created_at": "2022-02-04T10:03:51.604506Z", "updated_at": "2022-02-04T10:03:51.604511Z", "lead_time": null, "prediction": {}, "result_count": 0, "task": 17313, "parent_prediction": null, "parent_annotation": null}], "data": {"year": 2015, "company": "AMZN", "my_text": "\nOperator: Our next question comes from Jason Helfstein with Oppenheimer.\nJason Helfstein: Thanks. So can you talk about how the impact on available third-party SKUs impacts the business, particular in Europe and ultimately what you could do to drive more SKUs through the platform, whether it's lowering third-party rates or is it other factors to try to get more SKUs on their after a third-party?. Thanks.\nTom Szkutak: We spent a tremendous amount of time on our seller business over the years and trying to improve both the experience for sellers, as well as customers. And we've done a lot of interesting things to help sellers and that\u2019s why you see the results that we're seeing today 44% of our units today, as of this quarter, our third party units, that\u2019s up about 400 basis points from last year. Certainly one of the things that we've talked about its most, that\u2019s notable is fulfillment by Amazon. And so the benefit for sellers is they get to take advantage of our multi newer fulfillment network globally, we have a 109 fulfillment centers globally, as well as our customers get to take advantage of that as prime numbers where we offer in those geography. So it\u2019s really a great benefit for sellers, its good for sellers, its good for customers and we believe good for share owners too. So again, we're very excited, number of different things we're working on, but certainly one of the drivers along with all of the things that I mentioned is certainly FBA is very helpful.", "quarter": 1}}