{"id": 18369, "annotations": [{"id": 18472, "completed_by": 2, "result": [{"type": "labels", "value": {"end": 9, "text": "Operator", "start": 0, "labels": ["OPERATOR"]}, "origin": "manual", "to_name": "text", "from_name": "label-intro"}, {"type": "labels", "value": {"end": 131, "text": ": Thank you. Our next question comes from the line of Jason Helfstein with Oppenheimer. Please proceed with your question.", "start": 10, "labels": ["INTRO"]}, "origin": "manual", "to_name": "text", "from_name": "label-intro"}, {"type": "labels", "value": {"end": 147, "text": "Jason Helfstein", "start": 131, "labels": ["ANALYST"]}, "origin": "manual", "to_name": "text", "from_name": "label-intro"}, {"type": "labels", "value": {"end": 393, "text": ": Thanks. I'll actually ask two, if I can. Just any way you can comment on the increase in Whole Foods traffic after the close? And then second, talk about your desire to have an ad supported business on Fire TV or through Prime Video? Thank you.", "start": 148, "labels": ["QUESTION"]}, "origin": "manual", "to_name": "text", "from_name": "label-intro"}, {"type": "labels", "value": {"end": 411, "text": "Brian T. Olsavsky", "start": 393, "labels": ["REPRESENTATIVE"]}, "origin": "manual", "to_name": "text", "from_name": "label-intro"}, {"type": "labels", "value": {"end": 804, "text": ": Let me start on traffic. So we're not disclosing traffic figures. Whole Foods will be issuing a final 10-K early next month. So you'll see a better perspective on the entire quarter. The quarter that, or the four week period that you see running through the Amazon P&L this quarter is pretty hard to draw conclusions on other than revenue at this point. But Dave, do you have more on the...?", "start": 412, "labels": ["ANSWER"]}, "origin": "manual", "to_name": "text", "from_name": "label-intro"}, {"type": "labels", "value": {"end": 816, "text": "Dave Fildes", "start": 804, "labels": ["REPRESENTATIVE"]}, "origin": "manual", "to_name": "text", "from_name": "label-intro"}, {"type": "labels", "value": {"end": 1354, "text": ": Yeah, Jason, this is Dave. On the ad supported question, I think what you've seen to-date is really particularly as you're looking as a customer, as a Prime Video member and watching content, we view that as you've paid into that service and able to watch those shows ad free. There may be instances where you're viewing a first episode and there's an ad leading into that if it's the first free episode, but generally we like to have that as customers have paid into that program and they'll be able to enjoy that without interruption.", "start": 817, "labels": ["ANSWER"]}, "origin": "manual", "to_name": "text", "from_name": "label-intro"}], "was_cancelled": false, "ground_truth": true, "created_at": "2022-02-04T10:25:34.062951Z", "updated_at": "2022-02-04T10:25:34.062956Z", "lead_time": null, "prediction": {}, "result_count": 0, "task": 18369, "parent_prediction": null, "parent_annotation": null}], "data": {"year": 2017, "company": "AMZN", "my_text": "\nOperator: Thank you. Our next question comes from the line of Jason Helfstein with Oppenheimer. Please proceed with your question.\nJason Helfstein: Thanks. I'll actually ask two, if I can. Just any way you can comment on the increase in Whole Foods traffic after the close? And then second, talk about your desire to have an ad supported business on Fire TV or through Prime Video? Thank you.\nBrian T. Olsavsky: Let me start on traffic. So we're not disclosing traffic figures. Whole Foods will be issuing a final 10-K early next month. So you'll see a better perspective on the entire quarter. The quarter that, or the four week period that you see running through the Amazon P&L this quarter is pretty hard to draw conclusions on other than revenue at this point. But Dave, do you have more on the...?\nDave Fildes: Yeah, Jason, this is Dave. On the ad supported question, I think what you've seen to-date is really particularly as you're looking as a customer, as a Prime Video member and watching content, we view that as you've paid into that service and able to watch those shows ad free. There may be instances where you're viewing a first episode and there's an ad leading into that if it's the first free episode, but generally we like to have that as customers have paid into that program and they'll be able to enjoy that without interruption.", "quarter": 3}}