{"id": 17372, "annotations": [{"id": 17475, "completed_by": 2, "result": [{"type": "labels", "value": {"end": 9, "text": "Operator", "start": 0, "labels": ["OPERATOR"]}, "origin": "manual", "to_name": "text", "from_name": "label-intro"}, {"type": "labels", "value": {"end": 104, "text": ": Our next question comes from Mark Mahaney of RBC Capital Markets. Please state your question.", "start": 10, "labels": ["INTRO"]}, "origin": "manual", "to_name": "text", "from_name": "label-intro"}, {"type": "labels", "value": {"end": 117, "text": "Mark Mahaney", "start": 104, "labels": ["ANALYST"]}, "origin": "manual", "to_name": "text", "from_name": "label-intro"}, {"type": "labels", "value": {"end": 709, "text": ": Great. Two questions related to Prime overseas. Could you talk about the status of Prime in international markets? How far rolled out it is in most of your major markets? And then, you talk about Prime flywheels, and you did last year. But it seems likes those flywheels spun faster than you expected in the fourth quarter of last year that caused some near-term expense issues for you? Can you talk about how you're thinking about planning against that as the Prime flywheels are getting broader for you, how do you try to get ahead of that into the peak season later this year? Thank you.", "start": 118, "labels": ["QUESTION"]}, "origin": "manual", "to_name": "text", "from_name": "label-intro"}, {"type": "labels", "value": {"end": 727, "text": "Brian T. Olsavsky", "start": 709, "labels": ["REPRESENTATIVE"]}, "origin": "manual", "to_name": "text", "from_name": "label-intro"}, {"type": "labels", "value": {"end": 1565, "text": ": Yeah, sure. Let me \u2013 this is Brian. Let me start with the second question first. It wasn't necessarily the Prime flywheel that was the issue, it was more the FBA demand that we had from FBA sellers for space in our warehouses. We were very full. It was a high-class problem to have. But it \u2013 as I mentioned last quarter, it did result in higher fulfillment costs in the fourth quarter as a result, and I think you'll see some of that dissipated now in Q1, so you could tell it was a Q4 issue. We learn from every Q4, this one was no exception. We are already making plans for a smoother Q4 next year. We will continue to add fulfillment capacity, we will work with FBA sellers on inventory stocking and timing and we think that there's things that we can do better as we do every year, come out of fourth quarter with immense learnings.", "start": 728, "labels": ["ANSWER"]}, "origin": "manual", "to_name": "text", "from_name": "label-intro"}, {"type": "labels", "value": {"end": 1577, "text": "Phil Hardin", "start": 1565, "labels": ["REPRESENTATIVE"]}, "origin": "manual", "to_name": "text", "from_name": "label-intro"}, {"type": "labels", "value": {"end": 2431, "text": ": This is Phil. On the Prime question, we launched Prime in the U.S. in 2005, followed that in 2007 with U.K., Germany, Japan, and then other countries after. We have Prime in all of the countries where we have Marketplaces with the exception of Mexico, China and India. And Prime is really in varying stages in those countries. We have some kind of an expedited shipping offer in all of them. Here in the U.S., we've been talking quite a bit about Prime Now, that's also in Italy and Japan and the U.K. at this point and not others, also varying levels of digital benefits as well. So, generally, the international countries are not as far along with selection or the fullness of the digital offers. We've got Prime Video in the U.K., in Germany and Japan. Music is not fully rolled out yet to all of the others there. So that's where we are with Prime.", "start": 1578, "labels": ["ANSWER"]}, "origin": "manual", "to_name": "text", "from_name": "label-intro"}], "was_cancelled": false, "ground_truth": true, "created_at": "2022-02-04T10:03:51.608902Z", "updated_at": "2022-02-04T10:03:51.608907Z", "lead_time": null, "prediction": {}, "result_count": 0, "task": 17372, "parent_prediction": null, "parent_annotation": null}], "data": {"year": 2016, "company": "AMZN", "my_text": "\nOperator: Our next question comes from Mark Mahaney of RBC Capital Markets. Please state your question.\nMark Mahaney: Great. Two questions related to Prime overseas. Could you talk about the status of Prime in international markets? How far rolled out it is in most of your major markets? And then, you talk about Prime flywheels, and you did last year. But it seems likes those flywheels spun faster than you expected in the fourth quarter of last year that caused some near-term expense issues for you? Can you talk about how you're thinking about planning against that as the Prime flywheels are getting broader for you, how do you try to get ahead of that into the peak season later this year? Thank you.\nBrian T. Olsavsky: Yeah, sure. Let me \u2013 this is Brian. Let me start with the second question first. It wasn't necessarily the Prime flywheel that was the issue, it was more the FBA demand that we had from FBA sellers for space in our warehouses. We were very full. It was a high-class problem to have. But it \u2013 as I mentioned last quarter, it did result in higher fulfillment costs in the fourth quarter as a result, and I think you'll see some of that dissipated now in Q1, so you could tell it was a Q4 issue. We learn from every Q4, this one was no exception. We are already making plans for a smoother Q4 next year. We will continue to add fulfillment capacity, we will work with FBA sellers on inventory stocking and timing and we think that there's things that we can do better as we do every year, come out of fourth quarter with immense learnings.\nPhil Hardin: This is Phil. On the Prime question, we launched Prime in the U.S. in 2005, followed that in 2007 with U.K., Germany, Japan, and then other countries after. We have Prime in all of the countries where we have Marketplaces with the exception of Mexico, China and India. And Prime is really in varying stages in those countries. We have some kind of an expedited shipping offer in all of them. Here in the U.S., we've been talking quite a bit about Prime Now, that's also in Italy and Japan and the U.K. at this point and not others, also varying levels of digital benefits as well. So, generally, the international countries are not as far along with selection or the fullness of the digital offers. We've got Prime Video in the U.K., in Germany and Japan. Music is not fully rolled out yet to all of the others there. So that's where we are with Prime.", "quarter": 1}}