{"id": 18433, "annotations": [{"id": 18536, "completed_by": 2, "result": [{"type": "labels", "value": {"end": 9, "text": "Operator", "start": 0, "labels": ["OPERATOR"]}, "origin": "manual", "to_name": "text", "from_name": "label-intro"}, {"type": "labels", "value": {"end": 95, "text": ": Thank you. Our next question is from Justin Post with Merrill Lynch. Please proceed.", "start": 10, "labels": ["INTRO"]}, "origin": "manual", "to_name": "text", "from_name": "label-intro"}, {"type": "labels", "value": {"end": 107, "text": "Justin Post", "start": 95, "labels": ["ANALYST"]}, "origin": "manual", "to_name": "text", "from_name": "label-intro"}, {"type": "labels", "value": {"end": 663, "text": ": Great. Couple of questions. I guess, the first question is just happens with the customer behavior when they do have one-day availability? I'm assuming units go up, but can you give us any details on what happens or a category that switches to one-day what happens? And the second question, we've heard from some smaller checks that some of the smaller merchants are moving to 3P, not getting orders on the one piece side as much. Is there any change in your business there to really kind of focus more towards third-party from first-party? Thanks a lot.", "start": 108, "labels": ["QUESTION"]}, "origin": "manual", "to_name": "text", "from_name": "label-intro"}, {"type": "labels", "value": {"end": 678, "text": "Brian Olsavsky", "start": 663, "labels": ["REPRESENTATIVE"]}, "origin": "manual", "to_name": "text", "from_name": "label-intro"}, {"type": "labels", "value": {"end": 2476, "text": ": Sure. No, we don't have category specifics to really share with you today on the move to one-day. I did say that generally in Q2 the unit volume was greater than revenue volume. So we did see some lower ASPs. But I think what you're saying is just a lot more products enter the consideration set for our customers. So things that maybe they can't wait two days on, they can wait one day, and it lights up a whole separate usefulness for the Amazon site. I've noticed that personally myself that just -- with one-day shipments, it's here before you know it. So what categories that hits specifically, we'll have to see over time. On your comment, I assume you meant vendors not merchants, but on the move from 1P to 3P, but no there shouldn't be -- I can't highlight anything related shifting in channel there, but I would say that we remain in different on whether -- we're focused on price convenience and selection for our customers. And whether product is a retail offering or third-party offering is not that important to us. As long as it's in stock, as long as it's priced competitively. So, as you know our 3P selection has -- our 3P percent of units has been increasing over time and increased again in this quarter to 54% of units. We continue to invest very heavily in our systems both for retail vendors and also for third-party merchants invest billions of dollars a year on behalf of then making Amazon a better place for customers to buy and increasingly not only vendor sales, but also third-party merchant sales. In particular on Prime Day, I think you'll see that we had -- over in the press release, we had more than $2 billion of products were bought from small and medium-sized businesses. So when we win, we win together with our vendor partners and also our seller partners.", "start": 679, "labels": ["ANSWER"]}, "origin": "manual", "to_name": "text", "from_name": "label-intro"}], "was_cancelled": false, "ground_truth": true, "created_at": "2022-02-04T10:25:34.067580Z", "updated_at": "2022-02-04T10:25:34.067585Z", "lead_time": null, "prediction": {}, "result_count": 0, "task": 18433, "parent_prediction": null, "parent_annotation": null}], "data": {"year": 2019, "company": "AMZN", "my_text": "\nOperator: Thank you. Our next question is from Justin Post with Merrill Lynch. Please proceed.\nJustin Post: Great. Couple of questions. I guess, the first question is just happens with the customer behavior when they do have one-day availability? I'm assuming units go up, but can you give us any details on what happens or a category that switches to one-day what happens? And the second question, we've heard from some smaller checks that some of the smaller merchants are moving to 3P, not getting orders on the one piece side as much. Is there any change in your business there to really kind of focus more towards third-party from first-party? Thanks a lot.\nBrian Olsavsky: Sure. No, we don't have category specifics to really share with you today on the move to one-day. I did say that generally in Q2 the unit volume was greater than revenue volume. So we did see some lower ASPs. But I think what you're saying is just a lot more products enter the consideration set for our customers. So things that maybe they can't wait two days on, they can wait one day, and it lights up a whole separate usefulness for the Amazon site. I've noticed that personally myself that just -- with one-day shipments, it's here before you know it. So what categories that hits specifically, we'll have to see over time. On your comment, I assume you meant vendors not merchants, but on the move from 1P to 3P, but no there shouldn't be -- I can't highlight anything related shifting in channel there, but I would say that we remain in different on whether -- we're focused on price convenience and selection for our customers. And whether product is a retail offering or third-party offering is not that important to us. As long as it's in stock, as long as it's priced competitively. So, as you know our 3P selection has -- our 3P percent of units has been increasing over time and increased again in this quarter to 54% of units. We continue to invest very heavily in our systems both for retail vendors and also for third-party merchants invest billions of dollars a year on behalf of then making Amazon a better place for customers to buy and increasingly not only vendor sales, but also third-party merchant sales. In particular on Prime Day, I think you'll see that we had -- over in the press release, we had more than $2 billion of products were bought from small and medium-sized businesses. So when we win, we win together with our vendor partners and also our seller partners.", "quarter": 2}}