{"id": 18342, "annotations": [{"id": 18445, "completed_by": 2, "result": [{"type": "labels", "value": {"end": 9, "text": "Operator", "start": 0, "labels": ["OPERATOR"]}, "origin": "manual", "to_name": "text", "from_name": "label-intro"}, {"type": "labels", "value": {"end": 464, "text": ": Thank you. Our next question comes from Steven Ju with Credit Suisse. Please proceed with your question. Stephen Ju - Credit Suisse Securities (USA) LLC Thank you. So you periodically disclosed usage growth for AWS. But it has been some time since we saw one. So we're wondering if you can update us in terms of where you are now. If not, I mean, should we think about the growth in your cash deployment as an indicator of the ongoing growth? Thank you.", "start": 10, "labels": ["INTRO"]}, "origin": "manual", "to_name": "text", "from_name": "label-intro"}, {"type": "labels", "value": {"end": 482, "text": "Brian T. Olsavsky", "start": 464, "labels": ["REPRESENTATIVE"]}, "origin": "manual", "to_name": "text", "from_name": "label-intro"}, {"type": "labels", "value": {"end": 1250, "text": ": Yes. Sorry, I don't have a usage number to share with you today. If it will help, I will tell you that, again, we're now over $14 billion run rate. You clearly see our \u2013 we break out very clearly our AWS segment revenue and operating income, and you'll also keep in mind that there's price decreases that are part of the business, and we're pretty public when we do those. And if you remember last call, I mentioned that we had seven price decreases that were timed for December 1. So, about a third of the impact of those was seen in Q4, and then again that's one element of the sequential operating margin. But in general, we're very happy with that team and the progress they're making. And we're deploying more capital as you can see to support the usage growth.", "start": 483, "labels": ["ANSWER"]}, "origin": "manual", "to_name": "text", "from_name": "label-intro"}], "was_cancelled": false, "ground_truth": true, "created_at": "2022-02-04T10:25:34.060904Z", "updated_at": "2022-02-04T10:25:34.060909Z", "lead_time": null, "prediction": {}, "result_count": 0, "task": 18342, "parent_prediction": null, "parent_annotation": null}], "data": {"year": 2017, "company": "AMZN", "my_text": "\nOperator: Thank you. Our next question comes from Steven Ju with Credit Suisse. Please proceed with your question. Stephen Ju - Credit Suisse Securities (USA) LLC Thank you. So you periodically disclosed usage growth for AWS. But it has been some time since we saw one. So we're wondering if you can update us in terms of where you are now. If not, I mean, should we think about the growth in your cash deployment as an indicator of the ongoing growth? Thank you.\nBrian T. Olsavsky: Yes. Sorry, I don't have a usage number to share with you today. If it will help, I will tell you that, again, we're now over $14 billion run rate. You clearly see our \u2013 we break out very clearly our AWS segment revenue and operating income, and you'll also keep in mind that there's price decreases that are part of the business, and we're pretty public when we do those. And if you remember last call, I mentioned that we had seven price decreases that were timed for December 1. So, about a third of the impact of those was seen in Q4, and then again that's one element of the sequential operating margin. But in general, we're very happy with that team and the progress they're making. And we're deploying more capital as you can see to support the usage growth.", "quarter": 1}}