{"id": 17363, "annotations": [{"id": 17466, "completed_by": 2, "result": [{"type": "labels", "value": {"end": 9, "text": "Operator", "start": 0, "labels": ["OPERATOR"]}, "origin": "manual", "to_name": "text", "from_name": "label-intro"}, {"type": "labels", "value": {"end": 120, "text": ": Our next question comes from the line of Gene Munster with Piper Jaffray. Please proceed with your questions.", "start": 10, "labels": ["INTRO"]}, "origin": "manual", "to_name": "text", "from_name": "label-intro"}, {"type": "labels", "value": {"end": 133, "text": "Gene Munster", "start": 120, "labels": ["ANALYST"]}, "origin": "manual", "to_name": "text", "from_name": "label-intro"}, {"type": "labels", "value": {"end": 586, "text": ": Hey, good afternoon. I want to just quickly revisit the margin pendulum question and some of your comments, as you mentioned that to kind of expect it to ebb and flow. Could you tell us if you expect it to ebb and flow, but moving higher or is ebb and flow just mean that, that it's kind of undetermined in 2016? And then second follow up is the Robotics, any update in terms of number of robots or how you see that expansion going forward? Thank you.", "start": 134, "labels": ["QUESTION"]}, "origin": "manual", "to_name": "text", "from_name": "label-intro"}, {"type": "labels", "value": {"end": 601, "text": "Brian Olsavsky", "start": 586, "labels": ["REPRESENTATIVE"]}, "origin": "manual", "to_name": "text", "from_name": "label-intro"}, {"type": "labels", "value": {"end": 1370, "text": ": Yes, my comment on ebb and flow was more about the investment and also including capital expenditures and capital leases, so not around gross margins. And merely I was pointing out that, again, we've laid out all the invested areas where we're seeing heavy investment. We continue - we see continuation of that certainly into 2016 and beyond. There are quarter-to-quarter and even year-to-year fluctuations in some accounts, and some investment areas. But generally we're pretty transparent on where we're investing our dollars. And then against that backdrop, we are always looking for efficiency and the nice thing about growing the top line at such a high clip is we have a lot more areas for opportunity to save money year-over-year and we always look to do that.", "start": 602, "labels": ["ANSWER"]}, "origin": "manual", "to_name": "text", "from_name": "label-intro"}, {"type": "labels", "value": {"end": 1382, "text": "Phil Hardin", "start": 1370, "labels": ["REPRESENTATIVE"]}, "origin": "manual", "to_name": "text", "from_name": "label-intro"}, {"type": "labels", "value": {"end": 1766, "text": ": And this is Phil. On the Kiva question, the last update we've given is more than 30,000 robots. We continue to be really pleased with the program and like what it does in the warehouse, both from a density of storage, as well as from making the jobs easier for the associates who are picking packages, by bringing the packages actually to the associates. But no new numbers on that.", "start": 1383, "labels": ["ANSWER"]}, "origin": "manual", "to_name": "text", "from_name": "label-intro"}], "was_cancelled": false, "ground_truth": true, "created_at": "2022-02-04T10:03:51.608164Z", "updated_at": "2022-02-04T10:03:51.608169Z", "lead_time": null, "prediction": {}, "result_count": 0, "task": 17363, "parent_prediction": null, "parent_annotation": null}], "data": {"year": 2015, "company": "AMZN", "my_text": "\nOperator: Our next question comes from the line of Gene Munster with Piper Jaffray. Please proceed with your questions.\nGene Munster: Hey, good afternoon. I want to just quickly revisit the margin pendulum question and some of your comments, as you mentioned that to kind of expect it to ebb and flow. Could you tell us if you expect it to ebb and flow, but moving higher or is ebb and flow just mean that, that it's kind of undetermined in 2016? And then second follow up is the Robotics, any update in terms of number of robots or how you see that expansion going forward? Thank you.\nBrian Olsavsky: Yes, my comment on ebb and flow was more about the investment and also including capital expenditures and capital leases, so not around gross margins. And merely I was pointing out that, again, we've laid out all the invested areas where we're seeing heavy investment. We continue - we see continuation of that certainly into 2016 and beyond. There are quarter-to-quarter and even year-to-year fluctuations in some accounts, and some investment areas. But generally we're pretty transparent on where we're investing our dollars. And then against that backdrop, we are always looking for efficiency and the nice thing about growing the top line at such a high clip is we have a lot more areas for opportunity to save money year-over-year and we always look to do that.\nPhil Hardin: And this is Phil. On the Kiva question, the last update we've given is more than 30,000 robots. We continue to be really pleased with the program and like what it does in the warehouse, both from a density of storage, as well as from making the jobs easier for the associates who are picking packages, by bringing the packages actually to the associates. But no new numbers on that.", "quarter": 4}}