{"id": 17373, "annotations": [{"id": 17476, "completed_by": 2, "result": [{"type": "labels", "value": {"end": 9, "text": "Operator", "start": 0, "labels": ["OPERATOR"]}, "origin": "manual", "to_name": "text", "from_name": "label-intro"}, {"type": "labels", "value": {"end": 98, "text": ": Our next question comes from Carlos Kirjner with Bernstein. Please state your question.", "start": 10, "labels": ["INTRO"]}, "origin": "manual", "to_name": "text", "from_name": "label-intro"}, {"type": "labels", "value": {"end": 118, "text": "Carlos Kirjner-Neto", "start": 98, "labels": ["ANALYST"]}, "origin": "manual", "to_name": "text", "from_name": "label-intro"}, {"type": "labels", "value": {"end": 947, "text": ": Thank you. I have two. I think it's the first time since 1Q 2011 that we see tech and content as a percentage of revenue declining or flat. Is this just a sign of your inability to increase investment in line with revenue growth? Or is there something else going on and if yes, what? And secondly, Brian, you said that the growth of Prime has been driven by investments you have made and are making. And you gave the examples of devices that you guys are selling. I think it's a mathematical certainty that Prime subscribers will decelerate in North America at some point from 50% growth. As penetration increases and growth slows, will we see a deceleration in the investment levels? And in other words, how do we think about the effect of deceleration in Prime on the North American margin structure in the future? Thank you.", "start": 119, "labels": ["QUESTION"]}, "origin": "manual", "to_name": "text", "from_name": "label-intro"}, {"type": "labels", "value": {"end": 965, "text": "Brian T. Olsavsky", "start": 947, "labels": ["REPRESENTATIVE"]}, "origin": "manual", "to_name": "text", "from_name": "label-intro"}, {"type": "labels", "value": {"end": 1861, "text": ": Sure. Let me start with that second one. So we think there's a lot of room to grow in not only our international countries, but also in the U.S. So we plan on continuing to build the benefits of the Prime program from music to video, to two-day shipping, to same-day shipping, to Prime Now. So I don't see that dissipating. And again, it remains the best deal in retail. So hopefully everyone signs up for that. On the tech and content question, I don't have a lot to call out in the quarter. I would say there's no let-up in the pace of invention here, particularly on the AWS side. We usually quote the number of new features and services to you each quarter, we had 214 in Q1, up from 170 the first quarter of last year. So over 26% growth in this quarter alone coming off a year where I believe the number was 722 significant new features and services delivered for AWS customers last year.", "start": 966, "labels": ["ANSWER"]}, "origin": "manual", "to_name": "text", "from_name": "label-intro"}], "was_cancelled": false, "ground_truth": true, "created_at": "2022-02-04T10:03:51.608973Z", "updated_at": "2022-02-04T10:03:51.608980Z", "lead_time": null, "prediction": {}, "result_count": 0, "task": 17373, "parent_prediction": null, "parent_annotation": null}], "data": {"year": 2016, "company": "AMZN", "my_text": "\nOperator: Our next question comes from Carlos Kirjner with Bernstein. Please state your question.\nCarlos Kirjner-Neto: Thank you. I have two. I think it's the first time since 1Q 2011 that we see tech and content as a percentage of revenue declining or flat. Is this just a sign of your inability to increase investment in line with revenue growth? Or is there something else going on and if yes, what? And secondly, Brian, you said that the growth of Prime has been driven by investments you have made and are making. And you gave the examples of devices that you guys are selling. I think it's a mathematical certainty that Prime subscribers will decelerate in North America at some point from 50% growth. As penetration increases and growth slows, will we see a deceleration in the investment levels? And in other words, how do we think about the effect of deceleration in Prime on the North American margin structure in the future? Thank you.\nBrian T. Olsavsky: Sure. Let me start with that second one. So we think there's a lot of room to grow in not only our international countries, but also in the U.S. So we plan on continuing to build the benefits of the Prime program from music to video, to two-day shipping, to same-day shipping, to Prime Now. So I don't see that dissipating. And again, it remains the best deal in retail. So hopefully everyone signs up for that. On the tech and content question, I don't have a lot to call out in the quarter. I would say there's no let-up in the pace of invention here, particularly on the AWS side. We usually quote the number of new features and services to you each quarter, we had 214 in Q1, up from 170 the first quarter of last year. So over 26% growth in this quarter alone coming off a year where I believe the number was 722 significant new features and services delivered for AWS customers last year.", "quarter": 1}}