{"id": 17337, "annotations": [{"id": 17440, "completed_by": 2, "result": [{"type": "labels", "value": {"end": 9, "text": "Operator", "start": 0, "labels": ["OPERATOR"]}, "origin": "manual", "to_name": "text", "from_name": "label-intro"}, {"type": "labels", "value": {"end": 66, "text": ": Our next question comes from Robert Peck with SunTrust.", "start": 10, "labels": ["INTRO"]}, "origin": "manual", "to_name": "text", "from_name": "label-intro"}, {"type": "labels", "value": {"end": 81, "text": "Kunal Madhukar", "start": 66, "labels": ["ANALYST"]}, "origin": "manual", "to_name": "text", "from_name": "label-intro"}, {"type": "labels", "value": {"end": 302, "text": ": Hi. Thanks for letting me ask a question. This is Kunal for Bob. Quick question on India. Is there any change or any indication that there might be a change in the regulatory framework that would allow you to go direct?", "start": 82, "labels": ["QUESTION"]}, "origin": "manual", "to_name": "text", "from_name": "label-intro"}, {"type": "labels", "value": {"end": 314, "text": "Phil Hardin", "start": 302, "labels": ["REPRESENTATIVE"]}, "origin": "manual", "to_name": "text", "from_name": "label-intro"}, {"type": "labels", "value": {"end": 387, "text": ": This is Phil. I don't know that we have anything to comment on on that.", "start": 315, "labels": ["ANSWER"]}, "origin": "manual", "to_name": "text", "from_name": "label-intro"}, {"type": "labels", "value": {"end": 402, "text": "Kunal Madhukar", "start": 387, "labels": ["ANALYST"]}, "origin": "manual", "to_name": "text", "from_name": "label-intro"}, {"type": "labels", "value": {"end": 411, "text": ": Thanks.", "start": 403, "labels": ["QUESTION"]}, "origin": "manual", "to_name": "text", "from_name": "label-intro"}], "was_cancelled": false, "ground_truth": true, "created_at": "2022-02-04T10:03:51.606286Z", "updated_at": "2022-02-04T10:03:51.606291Z", "lead_time": null, "prediction": {}, "result_count": 0, "task": 17337, "parent_prediction": null, "parent_annotation": null}], "data": {"year": 2015, "company": "AMZN", "my_text": "\nOperator: Our next question comes from Robert Peck with SunTrust.\nKunal Madhukar: Hi. Thanks for letting me ask a question. This is Kunal for Bob. Quick question on India. Is there any change or any indication that there might be a change in the regulatory framework that would allow you to go direct?\nPhil Hardin: This is Phil. I don't know that we have anything to comment on on that.\nKunal Madhukar: Thanks.", "quarter": 3}}