{"id": 18397, "annotations": [{"id": 18500, "completed_by": 2, "result": [{"type": "labels", "value": {"end": 9, "text": "Operator", "start": 0, "labels": ["OPERATOR"]}, "origin": "manual", "to_name": "text", "from_name": "label-intro"}, {"type": "labels", "value": {"end": 133, "text": ": Thank you. Our next question comes from Youssef Squali with SunTrust Robinson Humphrey. Please proceed with your question.", "start": 10, "labels": ["INTRO"]}, "origin": "manual", "to_name": "text", "from_name": "label-intro"}, {"type": "labels", "value": {"end": 148, "text": "Youssef Squali", "start": 133, "labels": ["ANALYST"]}, "origin": "manual", "to_name": "text", "from_name": "label-intro"}, {"type": "labels", "value": {"end": 739, "text": ": Thank you very much. On the new Supreme Court decision, you guys have been collecting state taxes in all 45 states where it's applicable for a 1P. And for a 3P, I think, it was in two states. Have you seen any slowdown to growth in these two states since you began collecting taxes? I think, you started maybe last 12 months or so. When will you start collecting taxes in the rest of the country, and will you charge for it? Because my understanding is that, in those two states you do not collect or you do not charge to help these 3P sellers file taxes or collect state taxes. Thank you.", "start": 149, "labels": ["QUESTION"]}, "origin": "manual", "to_name": "text", "from_name": "label-intro"}, {"type": "labels", "value": {"end": 751, "text": "Dave Fildes", "start": 739, "labels": ["REPRESENTATIVE"]}, "origin": "manual", "to_name": "text", "from_name": "label-intro"}, {"type": "labels", "value": {"end": 1282, "text": ": Yeah. Hey, Youssef this is Dave. So right now, as you mentioned 45 states that have state-imposed sales tax, first-party products we do our own collection on that. For 3P sellers right now, it's three states. So Washington State started as of January 1, Pennsylvania as of April 1, and most recently Oklahoma on July 1. So those are the ones where we're collecting and remitting. We haven't said \u2013 and to your second point we've not talked about any kind of trends. As you could imagine some of these are still really early days.", "start": 752, "labels": ["ANSWER"]}, "origin": "manual", "to_name": "text", "from_name": "label-intro"}], "was_cancelled": false, "ground_truth": true, "created_at": "2022-02-04T10:25:34.064995Z", "updated_at": "2022-02-04T10:25:34.065000Z", "lead_time": null, "prediction": {}, "result_count": 0, "task": 18397, "parent_prediction": null, "parent_annotation": null}], "data": {"year": 2018, "company": "AMZN", "my_text": "\nOperator: Thank you. Our next question comes from Youssef Squali with SunTrust Robinson Humphrey. Please proceed with your question.\nYoussef Squali: Thank you very much. On the new Supreme Court decision, you guys have been collecting state taxes in all 45 states where it's applicable for a 1P. And for a 3P, I think, it was in two states. Have you seen any slowdown to growth in these two states since you began collecting taxes? I think, you started maybe last 12 months or so. When will you start collecting taxes in the rest of the country, and will you charge for it? Because my understanding is that, in those two states you do not collect or you do not charge to help these 3P sellers file taxes or collect state taxes. Thank you.\nDave Fildes: Yeah. Hey, Youssef this is Dave. So right now, as you mentioned 45 states that have state-imposed sales tax, first-party products we do our own collection on that. For 3P sellers right now, it's three states. So Washington State started as of January 1, Pennsylvania as of April 1, and most recently Oklahoma on July 1. So those are the ones where we're collecting and remitting. We haven't said \u2013 and to your second point we've not talked about any kind of trends. As you could imagine some of these are still really early days.", "quarter": 2}}