{"id": 18447, "annotations": [{"id": 18550, "completed_by": 2, "result": [{"type": "labels", "value": {"end": 9, "text": "Operator", "start": 0, "labels": ["OPERATOR"]}, "origin": "manual", "to_name": "text", "from_name": "label-intro"}, {"type": "labels", "value": {"end": 98, "text": ": Thank you. Our next question is from Lloyd Walmsley with Deutsche Bank. Please proceed.", "start": 10, "labels": ["INTRO"]}, "origin": "manual", "to_name": "text", "from_name": "label-intro"}, {"type": "labels", "value": {"end": 113, "text": "Lloyd Walmsley", "start": 98, "labels": ["ANALYST"]}, "origin": "manual", "to_name": "text", "from_name": "label-intro"}, {"type": "labels", "value": {"end": 522, "text": ": Thanks. Can you talk about the key drivers of the acceleration in what looks like advertising revenue within other and related to that, the press release mentions I think you are now $37 million Fire Stick users worldwide. So can you talk about maybe how much ad inventory you\u2019ve been able to get inside of networks within that and how meaningful is this to the overall kind of advertising strategy. Thanks.", "start": 114, "labels": ["QUESTION"]}, "origin": "manual", "to_name": "text", "from_name": "label-intro"}, {"type": "labels", "value": {"end": 537, "text": "Brian Olsavsky", "start": 522, "labels": ["REPRESENTATIVE"]}, "origin": "manual", "to_name": "text", "from_name": "label-intro"}, {"type": "labels", "value": {"end": 1415, "text": ": Yes, so let me start with the first question on advertising. So other revenue, which is principally advertising grew 45% this quarter, up from 37% last quarter and the biggest thing in there is advertising and advertising grew at a rate higher than that 45%.  So we are very happy with the progress in the advertising business, continue to focus on advancing advertising experiences there, helpful for customers, helping them to see new products, we want to empower our businesses to find attracting and engage these customers and it\u2019s increasingly popular with vendor sellers and third-party advertisers. So it\u2019s still early and what we\u2019re focused on really at this point is relevancy, making sure that the ads are relevant to our customers, helpful to our customers, and to do that, we use machine learning and that\u2019s helping us to drive better, better and better relevancy.", "start": 538, "labels": ["ANSWER"]}, "origin": "manual", "to_name": "text", "from_name": "label-intro"}, {"type": "labels", "value": {"end": 1427, "text": "Dave Fildes", "start": 1415, "labels": ["REPRESENTATIVE"]}, "origin": "manual", "to_name": "text", "from_name": "label-intro"}, {"type": "labels", "value": {"end": 2615, "text": ": Yeah. And then Lloyd, this is Dave. Just quickly on Fire TV. I mean I have to start with the fact that we did recently introduce 20 new Fire TV products, so that includes the new \u2013 and the first Fire TV Edition Sound Bar, Fire TV Cube. So a number of things have come out recently. We\u2019re really excited to get into customers\u2019 hands, so more to come there.  I think specifically on the advertising side and the opportunity with that, we are continuing to see some increased adoption. You know one of our areas of focus is expanding our video and OTT offerings for brands. It\u2019s still early in this space, but we\u2019ve done a few things with IMDb TV, Live Sports, things like adding more inventory through Fire TV apps, and as I said IMDb TV, adding more OTT video supply through Amazon Publisher Services or APS integrations and streamlining access for third party apps and really just making it easier for advertisers to manage their campaigns and provide better results. So, as I said early days, but I think with the engagement of the device community, the fact that we\u2019re really excited with the progress and improvements of these devices, I think yeah, again a lot of opportunity there.", "start": 1428, "labels": ["ANSWER"]}, "origin": "manual", "to_name": "text", "from_name": "label-intro"}], "was_cancelled": false, "ground_truth": true, "created_at": "2022-02-04T10:25:34.068586Z", "updated_at": "2022-02-04T10:25:34.068591Z", "lead_time": null, "prediction": {}, "result_count": 0, "task": 18447, "parent_prediction": null, "parent_annotation": null}], "data": {"year": 2019, "company": "AMZN", "my_text": "\nOperator: Thank you. Our next question is from Lloyd Walmsley with Deutsche Bank. Please proceed.\nLloyd Walmsley: Thanks. Can you talk about the key drivers of the acceleration in what looks like advertising revenue within other and related to that, the press release mentions I think you are now $37 million Fire Stick users worldwide. So can you talk about maybe how much ad inventory you\u2019ve been able to get inside of networks within that and how meaningful is this to the overall kind of advertising strategy. Thanks.\nBrian Olsavsky: Yes, so let me start with the first question on advertising. So other revenue, which is principally advertising grew 45% this quarter, up from 37% last quarter and the biggest thing in there is advertising and advertising grew at a rate higher than that 45%.  So we are very happy with the progress in the advertising business, continue to focus on advancing advertising experiences there, helpful for customers, helping them to see new products, we want to empower our businesses to find attracting and engage these customers and it\u2019s increasingly popular with vendor sellers and third-party advertisers. So it\u2019s still early and what we\u2019re focused on really at this point is relevancy, making sure that the ads are relevant to our customers, helpful to our customers, and to do that, we use machine learning and that\u2019s helping us to drive better, better and better relevancy.\nDave Fildes: Yeah. And then Lloyd, this is Dave. Just quickly on Fire TV. I mean I have to start with the fact that we did recently introduce 20 new Fire TV products, so that includes the new \u2013 and the first Fire TV Edition Sound Bar, Fire TV Cube. So a number of things have come out recently. We\u2019re really excited to get into customers\u2019 hands, so more to come there.  I think specifically on the advertising side and the opportunity with that, we are continuing to see some increased adoption. You know one of our areas of focus is expanding our video and OTT offerings for brands. It\u2019s still early in this space, but we\u2019ve done a few things with IMDb TV, Live Sports, things like adding more inventory through Fire TV apps, and as I said IMDb TV, adding more OTT video supply through Amazon Publisher Services or APS integrations and streamlining access for third party apps and really just making it easier for advertisers to manage their campaigns and provide better results. So, as I said early days, but I think with the engagement of the device community, the fact that we\u2019re really excited with the progress and improvements of these devices, I think yeah, again a lot of opportunity there.", "quarter": 3}}