{"id": 17379, "annotations": [{"id": 17482, "completed_by": 2, "result": [{"type": "labels", "value": {"end": 9, "text": "Operator", "start": 0, "labels": ["OPERATOR"]}, "origin": "manual", "to_name": "text", "from_name": "label-intro"}, {"type": "labels", "value": {"end": 805, "text": ": Our next question comes from Stephen Ju of Credit Suisse. Please state your question. Steve D. Ju - Credit Suisse Securities (USA) LLC (Broker) Okay. Hi. Thanks. So your capital lease-driven property and equipment acquisitions is down again year-over-year. So, will you help tie this to perhaps the overall usage growth at AWS? Or maybe the changing nature of how your enterprise customers may be using the platform to be more compute versus storage or database-heavy? And I think historically on the e-commerce side, you guys have been price followers as opposed to price leaders. AWS, you have been price leaders for the most part for actively taking down price. So, now, given your leadership position, do you think you'll continue to be price leaders? Or do you think it's now time (35:09)?", "start": 10, "labels": ["INTRO"]}, "origin": "manual", "to_name": "text", "from_name": "label-intro"}, {"type": "labels", "value": {"end": 823, "text": "Brian T. Olsavsky", "start": 805, "labels": ["REPRESENTATIVE"]}, "origin": "manual", "to_name": "text", "from_name": "label-intro"}, {"type": "labels", "value": {"end": 1911, "text": ": Let me start with your CapEx question. So we like to look at both capital expenditures and capital leases because they are both essentially levels with our level of investment. Those totaled $9.5 billion in the trailing 12 months, and it was up 7% from the 12-month period ending this quarter last year. I will point out that the prior year was $6.1 billion. So we have stepped up investment, although it did not go up as much year-over-year this quarter, we are still spending almost $10 billion on what essentially is fulfillment capacity in support of really strong growth, unit growth and FBA, and global expansion and then also on AWS, additional capacity for existing customers as they grow their business and also new regions. We've been working and continue to work very hard on capital productivity. It's very important to us, and I attribute a good piece of the ability to keep that at a modest growth rate year-over-year to our capital efficiency, and better purchasing across all capital and capital leases quite frankly. But again, we are spending almost $10 billion. So...", "start": 824, "labels": ["ANSWER"]}, "origin": "manual", "to_name": "text", "from_name": "label-intro"}, {"type": "labels", "value": {"end": 1923, "text": "Phil Hardin", "start": 1911, "labels": ["REPRESENTATIVE"]}, "origin": "manual", "to_name": "text", "from_name": "label-intro"}, {"type": "labels", "value": {"end": 2359, "text": ": And, Stephen, this is Phil. Just to jump on the usage growth comment, we continue to see really strong usage growth. We are not in the business of raising prices, we lower prices for AWS, so there can be mix for products, but by and large, if you see our revenue growth, know that we are also lowering prices which means that by math, we are typically going to be growing usage at a very strong rate. So I just wanted to jump on that.", "start": 1924, "labels": ["ANSWER"]}, "origin": "manual", "to_name": "text", "from_name": "label-intro"}], "was_cancelled": false, "ground_truth": true, "created_at": "2022-02-04T10:03:51.609422Z", "updated_at": "2022-02-04T10:03:51.609428Z", "lead_time": null, "prediction": {}, "result_count": 0, "task": 17379, "parent_prediction": null, "parent_annotation": null}], "data": {"year": 2016, "company": "AMZN", "my_text": "\nOperator: Our next question comes from Stephen Ju of Credit Suisse. Please state your question. Steve D. Ju - Credit Suisse Securities (USA) LLC (Broker) Okay. Hi. Thanks. So your capital lease-driven property and equipment acquisitions is down again year-over-year. So, will you help tie this to perhaps the overall usage growth at AWS? Or maybe the changing nature of how your enterprise customers may be using the platform to be more compute versus storage or database-heavy? And I think historically on the e-commerce side, you guys have been price followers as opposed to price leaders. AWS, you have been price leaders for the most part for actively taking down price. So, now, given your leadership position, do you think you'll continue to be price leaders? Or do you think it's now time (35:09)?\nBrian T. Olsavsky: Let me start with your CapEx question. So we like to look at both capital expenditures and capital leases because they are both essentially levels with our level of investment. Those totaled $9.5 billion in the trailing 12 months, and it was up 7% from the 12-month period ending this quarter last year. I will point out that the prior year was $6.1 billion. So we have stepped up investment, although it did not go up as much year-over-year this quarter, we are still spending almost $10 billion on what essentially is fulfillment capacity in support of really strong growth, unit growth and FBA, and global expansion and then also on AWS, additional capacity for existing customers as they grow their business and also new regions. We've been working and continue to work very hard on capital productivity. It's very important to us, and I attribute a good piece of the ability to keep that at a modest growth rate year-over-year to our capital efficiency, and better purchasing across all capital and capital leases quite frankly. But again, we are spending almost $10 billion. So...\nPhil Hardin: And, Stephen, this is Phil. Just to jump on the usage growth comment, we continue to see really strong usage growth. We are not in the business of raising prices, we lower prices for AWS, so there can be mix for products, but by and large, if you see our revenue growth, know that we are also lowering prices which means that by math, we are typically going to be growing usage at a very strong rate. So I just wanted to jump on that.", "quarter": 1}}