{"id": 18452, "annotations": [{"id": 18555, "completed_by": 2, "result": [{"id": "XmN76STXQo", "type": "labels", "value": {"end": 9, "text": "Operator", "start": 0, "labels": ["OPERATOR"]}, "origin": "manual", "to_name": "text", "from_name": "label-intro"}, {"id": "MryMgq7Uk8", "type": "labels", "value": {"end": 116, "text": " Thank you. Our next question comes from the line of Colin Sebastian with Robert W. Baird. Please proceed.", "start": 10, "labels": ["INTRO"]}, "origin": "manual", "to_name": "text", "from_name": "label-intro"}, {"id": "M8T5EB5idi", "type": "labels", "value": {"end": 132, "text": "Colin Sebastian", "start": 116, "labels": ["ANALYST"]}, "origin": "manual", "to_name": "text", "from_name": "label-intro"}, {"id": "4DVhHHwuUR", "type": "labels", "value": {"end": 395, "text": " Great. Thank you. Was just hoping you guys could disaggregate a bit the strength in seller services, how much of that was third-party marketplace commission specifically? And are you seeing more of an uptick in some of the other content and services? Thank you.", "start": 133, "labels": ["QUESTION"]}, "origin": "manual", "to_name": "text", "from_name": "label-intro"}, {"id": "MFYAkpJw6C", "type": "labels", "value": {"end": 410, "text": "Brian Olsavsky", "start": 395, "labels": ["REPRESENTATIVE"]}, "origin": "manual", "to_name": "text", "from_name": "label-intro"}, {"id": "Ck5cOVfT8a", "type": "labels", "value": {"end": 940, "text": " On seller services, I would say it was just a very strong quarter if that's what you're referring to 31% growth in revenue. It was strong on a unit basis. And as you said, there's probably additional strength in FBA which has higher fee set than MFN does. So -- but in general, if you step away, I think what you're seeing is more and more participation of third-party sellers in our one-day delivery program as we move through the year. That was particularly strong in Q4, and I think you'll see that more as we move into 2020.", "start": 411, "labels": ["ANSWER"]}, "origin": "manual", "to_name": "text", "from_name": "label-intro"}], "was_cancelled": false, "ground_truth": true, "created_at": "2022-02-04T10:25:34.068924Z", "updated_at": "2022-06-12T19:10:01.551487Z", "lead_time": 17.266, "prediction": {}, "result_count": 0, "task": 18452, "parent_prediction": null, "parent_annotation": null}], "data": {"year": 2019, "company": "AMZN", "my_text": "\nOperator: Thank you. Our next question comes from the line of Colin Sebastian with Robert W. Baird. Please proceed.\nColin Sebastian: Great. Thank you. Was just hoping you guys could disaggregate a bit the strength in seller services, how much of that was third-party marketplace commission specifically? And are you seeing more of an uptick in some of the other content and services? Thank you.\nBrian Olsavsky: On seller services, I would say it was just a very strong quarter if that's what you're referring to 31% growth in revenue. It was strong on a unit basis. And as you said, there's probably additional strength in FBA which has higher fee set than MFN does. So -- but in general, if you step away, I think what you're seeing is more and more participation of third-party sellers in our one-day delivery program as we move through the year. That was particularly strong in Q4, and I think you'll see that more as we move into 2020.", "quarter": 4}}