{"id": 18394, "annotations": [{"id": 18497, "completed_by": 2, "result": [{"type": "labels", "value": {"end": 9, "text": "Operator", "start": 0, "labels": ["OPERATOR"]}, "origin": "manual", "to_name": "text", "from_name": "label-intro"}, {"type": "labels", "value": {"end": 118, "text": ": Thank you. Our next question comes from Brian Nowak with Morgan Stanley. Please proceed with your question.", "start": 10, "labels": ["INTRO"]}, "origin": "manual", "to_name": "text", "from_name": "label-intro"}, {"type": "labels", "value": {"end": 130, "text": "Brian Nowak", "start": 118, "labels": ["ANALYST"]}, "origin": "manual", "to_name": "text", "from_name": "label-intro"}, {"type": "labels", "value": {"end": 900, "text": ": Thanks for taking my questions, I have two. The first one on the ad business, Brian, I was just wondering, could you give us some examples of some products you've had particular success with on the ad side? And I know you guys are always focused on removing customer friction points and solving pain points for customers, maybe talk to us about some of the still existing pain points for your advertiser customers you're looking to address with the advertising product? And the second one, I know it's an accounting question, but we're going to be asked it a lot. On revenue accounting, can you just sort of walk us through any of the accounting changes that any of the revenue lines had in the current quarter because of the multiple accounting moving pieces? Thanks.", "start": 131, "labels": ["QUESTION"]}, "origin": "manual", "to_name": "text", "from_name": "label-intro"}, {"type": "labels", "value": {"end": 918, "text": "Brian T. Olsavsky", "start": 900, "labels": ["REPRESENTATIVE"]}, "origin": "manual", "to_name": "text", "from_name": "label-intro"}, {"type": "labels", "value": {"end": 2110, "text": ": Yeah, let me give Dave a chance afterwards to talk about that piece, but I'll start with advertising. So conceptually stepping back, it's now a multi-billion dollar business for us. We're seeing strong adoption across a number of fronts. Amazon vendors, sellers, authors as well as third-party advertisers who want to reach Amazon customers. So we have hundreds of thousands of emerging and established advertisers. And they're using our services to achieve their marketing goals to \u2013 whether that's to drive new brand awareness, discovery or ultimately purchase decisions on our site. Pain points and improvements, I would say, our priorities include improving the usability of our tools for advertisers, helping make smarter recommendations for customers. Automating, we're doing a lot of work on automating the activities that the advertisers need to do, and continue to invent new products for those advertisers. We also think measurement is going to be important so we're focused on our measurement capabilities, so advertisers understand what outcomes they're driving on our properties. And we think that we're uniquely positioned to show them the direct benefit of their advertising.", "start": 919, "labels": ["ANSWER"]}, "origin": "manual", "to_name": "text", "from_name": "label-intro"}, {"type": "labels", "value": {"end": 2122, "text": "Dave Fildes", "start": 2110, "labels": ["REPRESENTATIVE"]}, "origin": "manual", "to_name": "text", "from_name": "label-intro"}, {"type": "labels", "value": {"end": 3085, "text": ": Yeah. And Brian, this is Dave. Just on the accounting piece, specifically to Q2, the impact of the Accounting Standards Update, revenue recognition changes we did starting in the first part of year, it's a $640 million increase to other revenue, specifically related to how we treat some of the advertising service. So you remember as part of the adoption beginning in 2018, certainly the advertising services were classified as revenue rather than cost of sales. So $640 million more is in other revenue this second quarter. You'd see that in that line item, which is about $2.2 billion here in the second quarter. In addition to that, some of the other factors I talked about last quarter, some of the treatment of gross to net changes in some sales of apps and app content, digital media costs, some of that shift created a headwind for online stores revenue. So that year-over-year growth rate for that line item would have been higher, but for that change.", "start": 2123, "labels": ["ANSWER"]}, "origin": "manual", "to_name": "text", "from_name": "label-intro"}], "was_cancelled": false, "ground_truth": true, "created_at": "2022-02-04T10:25:34.064781Z", "updated_at": "2022-02-04T10:25:34.064786Z", "lead_time": null, "prediction": {}, "result_count": 0, "task": 18394, "parent_prediction": null, "parent_annotation": null}], "data": {"year": 2018, "company": "AMZN", "my_text": "\nOperator: Thank you. Our next question comes from Brian Nowak with Morgan Stanley. Please proceed with your question.\nBrian Nowak: Thanks for taking my questions, I have two. The first one on the ad business, Brian, I was just wondering, could you give us some examples of some products you've had particular success with on the ad side? And I know you guys are always focused on removing customer friction points and solving pain points for customers, maybe talk to us about some of the still existing pain points for your advertiser customers you're looking to address with the advertising product? And the second one, I know it's an accounting question, but we're going to be asked it a lot. On revenue accounting, can you just sort of walk us through any of the accounting changes that any of the revenue lines had in the current quarter because of the multiple accounting moving pieces? Thanks.\nBrian T. Olsavsky: Yeah, let me give Dave a chance afterwards to talk about that piece, but I'll start with advertising. So conceptually stepping back, it's now a multi-billion dollar business for us. We're seeing strong adoption across a number of fronts. Amazon vendors, sellers, authors as well as third-party advertisers who want to reach Amazon customers. So we have hundreds of thousands of emerging and established advertisers. And they're using our services to achieve their marketing goals to \u2013 whether that's to drive new brand awareness, discovery or ultimately purchase decisions on our site. Pain points and improvements, I would say, our priorities include improving the usability of our tools for advertisers, helping make smarter recommendations for customers. Automating, we're doing a lot of work on automating the activities that the advertisers need to do, and continue to invent new products for those advertisers. We also think measurement is going to be important so we're focused on our measurement capabilities, so advertisers understand what outcomes they're driving on our properties. And we think that we're uniquely positioned to show them the direct benefit of their advertising.\nDave Fildes: Yeah. And Brian, this is Dave. Just on the accounting piece, specifically to Q2, the impact of the Accounting Standards Update, revenue recognition changes we did starting in the first part of year, it's a $640 million increase to other revenue, specifically related to how we treat some of the advertising service. So you remember as part of the adoption beginning in 2018, certainly the advertising services were classified as revenue rather than cost of sales. So $640 million more is in other revenue this second quarter. You'd see that in that line item, which is about $2.2 billion here in the second quarter. In addition to that, some of the other factors I talked about last quarter, some of the treatment of gross to net changes in some sales of apps and app content, digital media costs, some of that shift created a headwind for online stores revenue. So that year-over-year growth rate for that line item would have been higher, but for that change.", "quarter": 2}}