{"id": 18414, "annotations": [{"id": 18517, "completed_by": 2, "result": [{"type": "labels", "value": {"end": 9, "text": "Operator", "start": 0, "labels": ["OPERATOR"]}, "origin": "manual", "to_name": "text", "from_name": "label-intro"}, {"type": "labels", "value": {"end": 84, "text": ": Our next question comes from the line of Brian Nowak with Morgan Stanley.", "start": 10, "labels": ["INTRO"]}, "origin": "manual", "to_name": "text", "from_name": "label-intro"}, {"type": "labels", "value": {"end": 96, "text": "Brian Nowak", "start": 84, "labels": ["ANALYST"]}, "origin": "manual", "to_name": "text", "from_name": "label-intro"}, {"type": "labels", "value": {"end": 656, "text": ": Thanks for taking my questions. I have two. Just -- the first one is to go back to the fourth quarter gross margins. I think if we try to back out AWS, it looks like there was a little more gross margin pressure. Can you just talk to any of the puts and takes we should know about from a gross margin perspective in the fourth quarter and then that other line that I think includes the advertising business, can you just help us, any help at all on the growth of the advertising business or the impact of any of the accounting changes in the quarter? Thanks.", "start": 97, "labels": ["QUESTION"]}, "origin": "manual", "to_name": "text", "from_name": "label-intro"}, {"type": "labels", "value": {"end": 671, "text": "Brian Olsavsky", "start": 656, "labels": ["REPRESENTATIVE"]}, "origin": "manual", "to_name": "text", "from_name": "label-intro"}, {"type": "labels", "value": {"end": 1841, "text": ": Yes. Sure. I\u2019m sorry I skipped over that gross margin question earlier, but yeah, gross margins were well up 180 basis points year-over-year, were not up as much as prior quarters. I would say the positive tailwinds still remain, AWS has strong growth of 46% on an FX neutral basis. Third party units continue to grow, advertising dollars continue to grow very well. Some of the headwinds, I would say, were outbound shipping cost, including the free shipping that we did, but mostly, it was the higher Amazon fulfilled units and the greater use of Amazon logistics. And I would also say retail was very strong. We had a, as I think Dave mentioned, the Echo Dot was the highest selling unit globally, so devices had very strong sales in the quarter. We discussed how we don't price devices to make money. We usually will expand our content, expanding our device and usage. There are a group of customers who use our devices and then we monetize that in different ways to commitment to Amazon and the video and everything else. So a bit of it was mix, but I would say this retail, which has a lower gross margin more because of the revenue treatment was stronger in Q4.", "start": 672, "labels": ["ANSWER"]}, "origin": "manual", "to_name": "text", "from_name": "label-intro"}, {"type": "labels", "value": {"end": 1853, "text": "Dave Fildes", "start": 1841, "labels": ["REPRESENTATIVE"]}, "origin": "manual", "to_name": "text", "from_name": "label-intro"}, {"type": "labels", "value": {"end": 2298, "text": ": Yeah. And just on the other revenue piece, Brian, just to get back to the accounting side. We did adopt that revenue recognition standard in 2018 as I mentioned. As part of the adoption, certain advertising services were classified as revenue rather than a reduction of cost of sales. So specific to Q4, the impact of that change was an increase of approximately $1 billion to other revenue, so you will see that in the other revenue in total.", "start": 1854, "labels": ["ANSWER"]}, "origin": "manual", "to_name": "text", "from_name": "label-intro"}], "was_cancelled": false, "ground_truth": true, "created_at": "2022-02-04T10:25:34.066189Z", "updated_at": "2022-02-04T10:25:34.066194Z", "lead_time": null, "prediction": {}, "result_count": 0, "task": 18414, "parent_prediction": null, "parent_annotation": null}], "data": {"year": 2018, "company": "AMZN", "my_text": "\nOperator: Our next question comes from the line of Brian Nowak with Morgan Stanley.\nBrian Nowak: Thanks for taking my questions. I have two. Just -- the first one is to go back to the fourth quarter gross margins. I think if we try to back out AWS, it looks like there was a little more gross margin pressure. Can you just talk to any of the puts and takes we should know about from a gross margin perspective in the fourth quarter and then that other line that I think includes the advertising business, can you just help us, any help at all on the growth of the advertising business or the impact of any of the accounting changes in the quarter? Thanks.\nBrian Olsavsky: Yes. Sure. I\u2019m sorry I skipped over that gross margin question earlier, but yeah, gross margins were well up 180 basis points year-over-year, were not up as much as prior quarters. I would say the positive tailwinds still remain, AWS has strong growth of 46% on an FX neutral basis. Third party units continue to grow, advertising dollars continue to grow very well. Some of the headwinds, I would say, were outbound shipping cost, including the free shipping that we did, but mostly, it was the higher Amazon fulfilled units and the greater use of Amazon logistics. And I would also say retail was very strong. We had a, as I think Dave mentioned, the Echo Dot was the highest selling unit globally, so devices had very strong sales in the quarter. We discussed how we don't price devices to make money. We usually will expand our content, expanding our device and usage. There are a group of customers who use our devices and then we monetize that in different ways to commitment to Amazon and the video and everything else. So a bit of it was mix, but I would say this retail, which has a lower gross margin more because of the revenue treatment was stronger in Q4.\nDave Fildes: Yeah. And just on the other revenue piece, Brian, just to get back to the accounting side. We did adopt that revenue recognition standard in 2018 as I mentioned. As part of the adoption, certain advertising services were classified as revenue rather than a reduction of cost of sales. So specific to Q4, the impact of that change was an increase of approximately $1 billion to other revenue, so you will see that in the other revenue in total.", "quarter": 4}}