{"id": 18364, "annotations": [{"id": 18467, "completed_by": 2, "result": [{"type": "labels", "value": {"end": 9, "text": "Operator", "start": 0, "labels": ["OPERATOR"]}, "origin": "manual", "to_name": "text", "from_name": "label-intro"}, {"type": "labels", "value": {"end": 127, "text": ": Thank you. Our next question comes from the line of Douglas Anmuth with JPMorgan. Please proceed with your question.", "start": 10, "labels": ["INTRO"]}, "origin": "manual", "to_name": "text", "from_name": "label-intro"}, {"type": "labels", "value": {"end": 145, "text": "Douglas T. Anmuth", "start": 127, "labels": ["ANALYST"]}, "origin": "manual", "to_name": "text", "from_name": "label-intro"}, {"type": "labels", "value": {"end": 623, "text": ": Thanks for taking the question. Brian, I was hoping you could help us understand how, at this point, you're prioritizing expansion into new product categories. In particular, there's a lot of talk now about potentially using Whole Foods stores for a physical pharmacy presence and also that you've perhaps gotten approvals across multiple states in that category. Can you just help us understand the approach in general to new categories and pharmacy in particular? Thank you.", "start": 146, "labels": ["QUESTION"]}, "origin": "manual", "to_name": "text", "from_name": "label-intro"}, {"type": "labels", "value": {"end": 641, "text": "Brian T. Olsavsky", "start": 623, "labels": ["REPRESENTATIVE"]}, "origin": "manual", "to_name": "text", "from_name": "label-intro"}, {"type": "labels", "value": {"end": 1778, "text": ": Yeah, I can't confirm or deny any of the rumors related to pharmacy or anything else. I will say we do see a lot of opportunity with Whole Foods. As I said, there will be a lot of work together between Prime Now, AmazonFresh, Whole Foods, Whole Foods products on the Amazon site, Amazon Lockers at the Whole Foods stores. So, there will be a lot of integration, a lot of touch points and a lot of working together as we go forward. And we think we'll be also developing new store formats and everything else just as we talked about in the past before Whole Foods. Amazon Books stores, Amazon Go, and the opportunity that that technology presents. We have on campus bookstores. So, we are experimenting with a lot of formats. I think that Whole Foods really gives us a vast headstart on that and a great base. And a great team to work with who has a lot of history and a lot of \u2013 they probably have 10 years to 20 years of learnings that we don't have and wouldn't have. So, we're really excited about that and I think working together, will bring our different strengths to the table and really be able to build on behalf of customers.", "start": 642, "labels": ["ANSWER"]}, "origin": "manual", "to_name": "text", "from_name": "label-intro"}, {"type": "labels", "value": {"end": 1796, "text": "Douglas T. Anmuth", "start": 1778, "labels": ["ANALYST"]}, "origin": "manual", "to_name": "text", "from_name": "label-intro"}, {"type": "labels", "value": {"end": 1822, "text": ": Great. Thank you, Brian.", "start": 1797, "labels": ["QUESTION"]}, "origin": "manual", "to_name": "text", "from_name": "label-intro"}], "was_cancelled": false, "ground_truth": true, "created_at": "2022-02-04T10:25:34.062575Z", "updated_at": "2022-02-04T10:25:34.062580Z", "lead_time": null, "prediction": {}, "result_count": 0, "task": 18364, "parent_prediction": null, "parent_annotation": null}], "data": {"year": 2017, "company": "AMZN", "my_text": "\nOperator: Thank you. Our next question comes from the line of Douglas Anmuth with JPMorgan. Please proceed with your question.\nDouglas T. Anmuth: Thanks for taking the question. Brian, I was hoping you could help us understand how, at this point, you're prioritizing expansion into new product categories. In particular, there's a lot of talk now about potentially using Whole Foods stores for a physical pharmacy presence and also that you've perhaps gotten approvals across multiple states in that category. Can you just help us understand the approach in general to new categories and pharmacy in particular? Thank you.\nBrian T. Olsavsky: Yeah, I can't confirm or deny any of the rumors related to pharmacy or anything else. I will say we do see a lot of opportunity with Whole Foods. As I said, there will be a lot of work together between Prime Now, AmazonFresh, Whole Foods, Whole Foods products on the Amazon site, Amazon Lockers at the Whole Foods stores. So, there will be a lot of integration, a lot of touch points and a lot of working together as we go forward. And we think we'll be also developing new store formats and everything else just as we talked about in the past before Whole Foods. Amazon Books stores, Amazon Go, and the opportunity that that technology presents. We have on campus bookstores. So, we are experimenting with a lot of formats. I think that Whole Foods really gives us a vast headstart on that and a great base. And a great team to work with who has a lot of history and a lot of \u2013 they probably have 10 years to 20 years of learnings that we don't have and wouldn't have. So, we're really excited about that and I think working together, will bring our different strengths to the table and really be able to build on behalf of customers.\nDouglas T. Anmuth: Great. Thank you, Brian.", "quarter": 3}}