{"id": 18392, "annotations": [{"id": 18495, "completed_by": 2, "result": [{"type": "labels", "value": {"end": 9, "text": "Operator", "start": 0, "labels": ["OPERATOR"]}, "origin": "manual", "to_name": "text", "from_name": "label-intro"}, {"type": "labels", "value": {"end": 105, "text": ": Thank you. Our next question comes from Mark May with Citi. Please proceed with your question.", "start": 10, "labels": ["INTRO"]}, "origin": "manual", "to_name": "text", "from_name": "label-intro"}, {"type": "labels", "value": {"end": 117, "text": "Mark A. May", "start": 105, "labels": ["ANALYST"]}, "origin": "manual", "to_name": "text", "from_name": "label-intro"}, {"type": "labels", "value": {"end": 446, "text": ": Thanks. On AWS, does the backlog there give you confidence in the ability for this business to continue to post the type of robust growth that you've seen of late? And on Alexa, now that you're reaching a meaningful number of Alexa users, I wondered if you could discuss a bit more about how Alexa is impacting retail business?", "start": 118, "labels": ["QUESTION"]}, "origin": "manual", "to_name": "text", "from_name": "label-intro"}, {"type": "labels", "value": {"end": 464, "text": "Brian T. Olsavsky", "start": 446, "labels": ["REPRESENTATIVE"]}, "origin": "manual", "to_name": "text", "from_name": "label-intro"}, {"type": "labels", "value": {"end": 1976, "text": ": Sure. Let me start with AWS. Yeah, we're very happy with the results we're seeing, and the backlog that we see, and the new contracts and new customers and the expansion of existing customer business that we see. Again, the business has accelerated the last three quarters, and we're seeing great signs in a number of areas. We've added 800 new services and features so far this year; that's an accelerated pace from last year, which was a record year. We see customers have migrated more than 80,000 databases using the AWS Database Migration Service. And customers are just branching out to a lot of new products from us. There are new areas like machine learning, artificial intelligence, Internet of Things, serverless computing and database and analytics are really big. So we think that, when you look at it, why do people come to us? It's essentially set functionality and pace of innovation that we've demonstrated for multiple years. We've built a very strong partner and customer ecosystem. And frankly we've the most proven reliability of security and performance, and we've been at this longer than anyone else. So again, we continue to deliver for customers. We continue to use feedback from customers to develop new services and features. The operating margin itself will fluctuate quarter-to-quarter, a very strong performance this quarter. Obviously, part of that was in the capital leases being flat year-over-year, and the team's ability to really run the data centers at a higher efficiency.", "start": 465, "labels": ["ANSWER"]}, "origin": "manual", "to_name": "text", "from_name": "label-intro"}, {"type": "labels", "value": {"end": 1988, "text": "Dave Fildes", "start": 1976, "labels": ["REPRESENTATIVE"]}, "origin": "manual", "to_name": "text", "from_name": "label-intro"}, {"type": "labels", "value": {"end": 2501, "text": ": Yeah. And I think, the second question was just related to how is Alexa impacting the business, overall. And \u2013 hey, this is Dave. I mean, I think, we're having a lot of success with devices and customers are enjoying those. We talked to coming out of Prime Day, had some good success and happy customers enjoying some of the devices there. So I think, that's a lot of \u2013 the focus now is really having a good and exciting roadmap of recent revises and more to come ahead, and getting those into customers' hands.", "start": 1989, "labels": ["ANSWER"]}, "origin": "manual", "to_name": "text", "from_name": "label-intro"}], "was_cancelled": false, "ground_truth": true, "created_at": "2022-02-04T10:25:34.064627Z", "updated_at": "2022-02-04T10:25:34.064633Z", "lead_time": null, "prediction": {}, "result_count": 0, "task": 18392, "parent_prediction": null, "parent_annotation": null}], "data": {"year": 2018, "company": "AMZN", "my_text": "\nOperator: Thank you. Our next question comes from Mark May with Citi. Please proceed with your question.\nMark A. May: Thanks. On AWS, does the backlog there give you confidence in the ability for this business to continue to post the type of robust growth that you've seen of late? And on Alexa, now that you're reaching a meaningful number of Alexa users, I wondered if you could discuss a bit more about how Alexa is impacting retail business?\nBrian T. Olsavsky: Sure. Let me start with AWS. Yeah, we're very happy with the results we're seeing, and the backlog that we see, and the new contracts and new customers and the expansion of existing customer business that we see. Again, the business has accelerated the last three quarters, and we're seeing great signs in a number of areas. We've added 800 new services and features so far this year; that's an accelerated pace from last year, which was a record year. We see customers have migrated more than 80,000 databases using the AWS Database Migration Service. And customers are just branching out to a lot of new products from us. There are new areas like machine learning, artificial intelligence, Internet of Things, serverless computing and database and analytics are really big. So we think that, when you look at it, why do people come to us? It's essentially set functionality and pace of innovation that we've demonstrated for multiple years. We've built a very strong partner and customer ecosystem. And frankly we've the most proven reliability of security and performance, and we've been at this longer than anyone else. So again, we continue to deliver for customers. We continue to use feedback from customers to develop new services and features. The operating margin itself will fluctuate quarter-to-quarter, a very strong performance this quarter. Obviously, part of that was in the capital leases being flat year-over-year, and the team's ability to really run the data centers at a higher efficiency.\nDave Fildes: Yeah. And I think, the second question was just related to how is Alexa impacting the business, overall. And \u2013 hey, this is Dave. I mean, I think, we're having a lot of success with devices and customers are enjoying those. We talked to coming out of Prime Day, had some good success and happy customers enjoying some of the devices there. So I think, that's a lot of \u2013 the focus now is really having a good and exciting roadmap of recent revises and more to come ahead, and getting those into customers' hands.", "quarter": 2}}