{"id": 17345, "annotations": [{"id": 17448, "completed_by": 2, "result": [{"type": "labels", "value": {"end": 9, "text": "Operator", "start": 0, "labels": ["OPERATOR"]}, "origin": "manual", "to_name": "text", "from_name": "label-intro"}, {"type": "labels", "value": {"end": 600, "text": ": Our next question is from Ben Schachter with Macquarie Equities Research. Ben Schachter - Macquarie Capital (USA), Inc. Hey, guys. So Prime has done remarkably well with folks willing to pay $99 up front. But do you expect to have different offerings for different cohorts? In other words, right now, Prime is sort of a one-size-fits-all model. Could we see different pricing models for different demographics in the future? And then separately, can you also talk about how shipping leverage changes during the holiday season when shoppers tend to order more items per transaction? Thanks.", "start": 10, "labels": ["INTRO"]}, "origin": "manual", "to_name": "text", "from_name": "label-intro"}, {"type": "labels", "value": {"end": 612, "text": "Phil Hardin", "start": 600, "labels": ["REPRESENTATIVE"]}, "origin": "manual", "to_name": "text", "from_name": "label-intro"}, {"type": "labels", "value": {"end": 1779, "text": ": Sure. So this is Phil. On the Prime pricing, we do have a few different programs for different demographics today with programs like Prime Student or Prime Family, which we're very excited about. Can't speculate as to what we'd do in the future, but Prime is a program that's really important for us, and we're working hard every day to continue to build selection there and to continue to make Prime better. And so hopefully, you see that in the list of things we've launched recently and the continued cadence of making the services we have better. We just added a lot of new music in our Prime Music program. And as Brian mentioned, some of the upcoming programming should be pretty good in the fall. The Man in the High Castle was actually our most-watched pilot, so we're excited about that one as well. So continuing to work on Prime. On the shipping side, I would say it's a difficult equation. Yes, order size can go up, but we ship a lot of toys and bigger items. So it's hard to predict what that looks like. But having the density, having the sort centers has certainly helped our cost structure in that area and having inventory closer to our customers.", "start": 613, "labels": ["ANSWER"]}, "origin": "manual", "to_name": "text", "from_name": "label-intro"}], "was_cancelled": false, "ground_truth": true, "created_at": "2022-02-04T10:03:51.606838Z", "updated_at": "2022-02-04T10:03:51.606843Z", "lead_time": null, "prediction": {}, "result_count": 0, "task": 17345, "parent_prediction": null, "parent_annotation": null}], "data": {"year": 2015, "company": "AMZN", "my_text": "\nOperator: Our next question is from Ben Schachter with Macquarie Equities Research. Ben Schachter - Macquarie Capital (USA), Inc. Hey, guys. So Prime has done remarkably well with folks willing to pay $99 up front. But do you expect to have different offerings for different cohorts? In other words, right now, Prime is sort of a one-size-fits-all model. Could we see different pricing models for different demographics in the future? And then separately, can you also talk about how shipping leverage changes during the holiday season when shoppers tend to order more items per transaction? Thanks.\nPhil Hardin: Sure. So this is Phil. On the Prime pricing, we do have a few different programs for different demographics today with programs like Prime Student or Prime Family, which we're very excited about. Can't speculate as to what we'd do in the future, but Prime is a program that's really important for us, and we're working hard every day to continue to build selection there and to continue to make Prime better. And so hopefully, you see that in the list of things we've launched recently and the continued cadence of making the services we have better. We just added a lot of new music in our Prime Music program. And as Brian mentioned, some of the upcoming programming should be pretty good in the fall. The Man in the High Castle was actually our most-watched pilot, so we're excited about that one as well. So continuing to work on Prime. On the shipping side, I would say it's a difficult equation. Yes, order size can go up, but we ship a lot of toys and bigger items. So it's hard to predict what that looks like. But having the density, having the sort centers has certainly helped our cost structure in that area and having inventory closer to our customers.", "quarter": 3}}