{"id": 17322, "annotations": [{"id": 17425, "completed_by": 2, "result": [{"type": "labels", "value": {"end": 9, "text": "Operator", "start": 0, "labels": ["OPERATOR"]}, "origin": "manual", "to_name": "text", "from_name": "label-intro"}, {"type": "labels", "value": {"end": 87, "text": ": Our next question comes from Heath Terry with Goldman Sachs. Please proceed.", "start": 10, "labels": ["INTRO"]}, "origin": "manual", "to_name": "text", "from_name": "label-intro"}, {"type": "labels", "value": {"end": 102, "text": "Heath P. Terry", "start": 87, "labels": ["ANALYST"]}, "origin": "manual", "to_name": "text", "from_name": "label-intro"}, {"type": "labels", "value": {"end": 616, "text": ": Great. Thanks, guys. I'm wondering if you can touch a little bit more on AWS margins. Is there a level particularly when you've been able to maintain pricing strength the way you have been, where you feel like margins start to become and that the leverage you have there start to become a catalyst for lowering prices? Or is that purely a competitive decision? And as you think about sort of AWS longer-term, is there a framework or structure that you use to think about where margins in that business should be?", "start": 103, "labels": ["QUESTION"]}, "origin": "manual", "to_name": "text", "from_name": "label-intro"}, {"type": "labels", "value": {"end": 634, "text": "Brian T. Olsavsky", "start": 616, "labels": ["REPRESENTATIVE"]}, "origin": "manual", "to_name": "text", "from_name": "label-intro"}, {"type": "labels", "value": {"end": 1506, "text": ": Sure. Thanks for your question Heath. I will point out that we have continued to lower prices. We've had multiple price cuts this year. We are now up to 49 since launch in 2006, so it is a fundamental part of our business model. So is innovation. As I said, we have over 350 new features and services \u2013 also significant features and services that have launched this year. And as we were just talking with Carlos, the capital investment is very large as well, so we continue to fund it. And we are super excited with the customer reception that we are getting and the feedback we get from large customers so we are thrilled with the business. And price reductions are part of that model. And again, as I said earlier, we're in the long haul. We're in this for the long haul. We are looking for return on invested capital, free cash flow, and happy customers in the space.", "start": 635, "labels": ["ANSWER"]}, "origin": "manual", "to_name": "text", "from_name": "label-intro"}, {"type": "labels", "value": {"end": 1521, "text": "Heath P. Terry", "start": 1506, "labels": ["ANALYST"]}, "origin": "manual", "to_name": "text", "from_name": "label-intro"}, {"type": "labels", "value": {"end": 1561, "text": ": Great, thanks. I really appreciate it.", "start": 1522, "labels": ["QUESTION"]}, "origin": "manual", "to_name": "text", "from_name": "label-intro"}], "was_cancelled": false, "ground_truth": true, "created_at": "2022-02-04T10:03:51.605194Z", "updated_at": "2022-02-04T10:03:51.605199Z", "lead_time": null, "prediction": {}, "result_count": 0, "task": 17322, "parent_prediction": null, "parent_annotation": null}], "data": {"year": 2015, "company": "AMZN", "my_text": "\nOperator: Our next question comes from Heath Terry with Goldman Sachs. Please proceed.\nHeath P. Terry: Great. Thanks, guys. I'm wondering if you can touch a little bit more on AWS margins. Is there a level particularly when you've been able to maintain pricing strength the way you have been, where you feel like margins start to become and that the leverage you have there start to become a catalyst for lowering prices? Or is that purely a competitive decision? And as you think about sort of AWS longer-term, is there a framework or structure that you use to think about where margins in that business should be?\nBrian T. Olsavsky: Sure. Thanks for your question Heath. I will point out that we have continued to lower prices. We've had multiple price cuts this year. We are now up to 49 since launch in 2006, so it is a fundamental part of our business model. So is innovation. As I said, we have over 350 new features and services \u2013 also significant features and services that have launched this year. And as we were just talking with Carlos, the capital investment is very large as well, so we continue to fund it. And we are super excited with the customer reception that we are getting and the feedback we get from large customers so we are thrilled with the business. And price reductions are part of that model. And again, as I said earlier, we're in the long haul. We're in this for the long haul. We are looking for return on invested capital, free cash flow, and happy customers in the space.\nHeath P. Terry: Great, thanks. I really appreciate it.", "quarter": 2}}