{"id": 18455, "annotations": [{"id": 18558, "completed_by": 2, "result": [{"type": "labels", "value": {"end": 9, "text": "Operator", "start": 0, "labels": ["OPERATOR"]}, "origin": "manual", "to_name": "text", "from_name": "label-intro"}, {"type": "labels", "value": {"end": 109, "text": ": Thank you. Our next question comes from the line of Stephen Ju with Credit Suisse. Please proceed.", "start": 10, "labels": ["INTRO"]}, "origin": "manual", "to_name": "text", "from_name": "label-intro"}, {"type": "labels", "value": {"end": 120, "text": "Stephen Ju", "start": 109, "labels": ["ANALYST"]}, "origin": "manual", "to_name": "text", "from_name": "label-intro"}, {"type": "labels", "value": {"end": 769, "text": ": Okay. So thank you. I wanted to switch it up a little bit. I guess you guys called this out in your press release, but I'm wondering if you could talk about your efforts to get the SMBs and the micro SMBs online in India. What exactly is involved from a practical perspective? Do you need to have door-to-door sales folks? And what can do to reduce friction between logistics payments and some of the other factors there? And second, what are these SMBs selling? Is it like long-tail inventory? Is it merchandise that you can get to exports to global buyer base? And do you think this could be content that could be exclusive to Amazon? Thank you.", "start": 121, "labels": ["QUESTION"]}, "origin": "manual", "to_name": "text", "from_name": "label-intro"}, {"type": "labels", "value": {"end": 781, "text": "Dave Fildes", "start": 769, "labels": ["REPRESENTATIVE"]}, "origin": "manual", "to_name": "text", "from_name": "label-intro"}, {"type": "labels", "value": {"end": 1799, "text": ": Yes Stephen, this is Dave. Thanks for the question. As you said, I think as we mentioned this in the release, we're definitely continuing to improve the experience in India for customers and sellers, excited by some of the response we've seen. We are continuing to invest meaningfully in digitizing those say MSMBs micro-small and medium-sized businesses. We did pledge to invest $1 billion to help digitize traders and those micro and small businesses across India. And we've got a goal of bringing more than 10 million online by 2025. So, this $1 billion investment will help to enable $10 billion in cumulative Indian exports by 2025. A lot of different facets to those types of investments, won't go into too much for specifics, but a lot of work being done there. We're also focused on job growth, job creation over there. Since we launched over in India in 2013, we've created over 700,000 direct and indirect jobs. So -- we also recently announced plans to create additional one million jobs in India by 2025.", "start": 782, "labels": ["ANSWER"]}, "origin": "manual", "to_name": "text", "from_name": "label-intro"}], "was_cancelled": false, "ground_truth": true, "created_at": "2022-02-04T10:25:34.069113Z", "updated_at": "2022-02-04T10:25:34.069118Z", "lead_time": null, "prediction": {}, "result_count": 0, "task": 18455, "parent_prediction": null, "parent_annotation": null}], "data": {"year": 2019, "company": "AMZN", "my_text": "\nOperator: Thank you. Our next question comes from the line of Stephen Ju with Credit Suisse. Please proceed.\nStephen Ju: Okay. So thank you. I wanted to switch it up a little bit. I guess you guys called this out in your press release, but I'm wondering if you could talk about your efforts to get the SMBs and the micro SMBs online in India. What exactly is involved from a practical perspective? Do you need to have door-to-door sales folks? And what can do to reduce friction between logistics payments and some of the other factors there? And second, what are these SMBs selling? Is it like long-tail inventory? Is it merchandise that you can get to exports to global buyer base? And do you think this could be content that could be exclusive to Amazon? Thank you.\nDave Fildes: Yes Stephen, this is Dave. Thanks for the question. As you said, I think as we mentioned this in the release, we're definitely continuing to improve the experience in India for customers and sellers, excited by some of the response we've seen. We are continuing to invest meaningfully in digitizing those say MSMBs micro-small and medium-sized businesses. We did pledge to invest $1 billion to help digitize traders and those micro and small businesses across India. And we've got a goal of bringing more than 10 million online by 2025. So, this $1 billion investment will help to enable $10 billion in cumulative Indian exports by 2025. A lot of different facets to those types of investments, won't go into too much for specifics, but a lot of work being done there. We're also focused on job growth, job creation over there. Since we launched over in India in 2013, we've created over 700,000 direct and indirect jobs. So -- we also recently announced plans to create additional one million jobs in India by 2025.", "quarter": 4}}