{"id": 17383, "annotations": [{"id": 17486, "completed_by": 2, "result": [{"type": "labels", "value": {"end": 9, "text": "Operator", "start": 0, "labels": ["OPERATOR"]}, "origin": "manual", "to_name": "text", "from_name": "label-intro"}, {"type": "labels", "value": {"end": 94, "text": ": Our final question will come from Bob Peck of SunTrust. Please state your question.", "start": 10, "labels": ["INTRO"]}, "origin": "manual", "to_name": "text", "from_name": "label-intro"}, {"type": "labels", "value": {"end": 109, "text": "Robert S. Peck", "start": 94, "labels": ["ANALYST"]}, "origin": "manual", "to_name": "text", "from_name": "label-intro"}, {"type": "labels", "value": {"end": 542, "text": ": Yes. Hi. Thank you. Just two quick ones. Just back to India for a second, I was wondering if you could talk about the regulatory environment there and particularly how it pertains to Amazon Cloudtail. And then number two, on logistics, could you talk about excess capacity in logistics as you build out air, freight, sea, et cetera. And would you ever entertain delivering other companies' items, i.e., like a FedEx or UPS? Thanks.", "start": 110, "labels": ["QUESTION"]}, "origin": "manual", "to_name": "text", "from_name": "label-intro"}, {"type": "labels", "value": {"end": 554, "text": "Phil Hardin", "start": 542, "labels": ["REPRESENTATIVE"]}, "origin": "manual", "to_name": "text", "from_name": "label-intro"}, {"type": "labels", "value": {"end": 728, "text": ": This is Phil. I'll take the India question. We're happy to see the recent clarifications and we're happy to operate in any regime. So frankly, the more clarity, the better.", "start": 555, "labels": ["ANSWER"]}, "origin": "manual", "to_name": "text", "from_name": "label-intro"}, {"type": "labels", "value": {"end": 746, "text": "Brian T. Olsavsky", "start": 728, "labels": ["REPRESENTATIVE"]}, "origin": "manual", "to_name": "text", "from_name": "label-intro"}, {"type": "labels", "value": {"end": 1213, "text": ": And then on the logistics question, stepping back, the reason we add logistics capability and transportation capability is so we can serve our customers faster and faster delivery speeds and we've needed to add more of our own capacity to supplement our carriers and our partners. They're still, again, great partners, have been and will continue to be for the future, but we see opportunities where we need to add additional capacity and we're filling those voids.", "start": 747, "labels": ["ANSWER"]}, "origin": "manual", "to_name": "text", "from_name": "label-intro"}, {"type": "labels", "value": {"end": 1225, "text": "Phil Hardin", "start": 1213, "labels": ["REPRESENTATIVE"]}, "origin": "manual", "to_name": "text", "from_name": "label-intro"}, {"type": "labels", "value": {"end": 1494, "text": ": Thank you for joining us on the call today and for your questions. A replay will be available on our Investor Relations website at least through the end of the quarter. We appreciate your interest in Amazon.com and look forward to talking with you again next quarter.", "start": 1226, "labels": ["ANSWER"]}, "origin": "manual", "to_name": "text", "from_name": "label-intro"}], "was_cancelled": false, "ground_truth": true, "created_at": "2022-02-04T10:03:51.609744Z", "updated_at": "2022-02-04T10:03:51.609749Z", "lead_time": null, "prediction": {}, "result_count": 0, "task": 17383, "parent_prediction": null, "parent_annotation": null}], "data": {"year": 2016, "company": "AMZN", "my_text": "\nOperator: Our final question will come from Bob Peck of SunTrust. Please state your question.\nRobert S. Peck: Yes. Hi. Thank you. Just two quick ones. Just back to India for a second, I was wondering if you could talk about the regulatory environment there and particularly how it pertains to Amazon Cloudtail. And then number two, on logistics, could you talk about excess capacity in logistics as you build out air, freight, sea, et cetera. And would you ever entertain delivering other companies' items, i.e., like a FedEx or UPS? Thanks.\nPhil Hardin: This is Phil. I'll take the India question. We're happy to see the recent clarifications and we're happy to operate in any regime. So frankly, the more clarity, the better.\nBrian T. Olsavsky: And then on the logistics question, stepping back, the reason we add logistics capability and transportation capability is so we can serve our customers faster and faster delivery speeds and we've needed to add more of our own capacity to supplement our carriers and our partners. They're still, again, great partners, have been and will continue to be for the future, but we see opportunities where we need to add additional capacity and we're filling those voids.\nPhil Hardin: Thank you for joining us on the call today and for your questions. A replay will be available on our Investor Relations website at least through the end of the quarter. We appreciate your interest in Amazon.com and look forward to talking with you again next quarter.", "quarter": 1}}