{"id": 18356, "annotations": [{"id": 18459, "completed_by": 2, "result": [{"type": "labels", "value": {"end": 9, "text": "Operator", "start": 0, "labels": ["OPERATOR"]}, "origin": "manual", "to_name": "text", "from_name": "label-intro"}, {"type": "labels", "value": {"end": 118, "text": ": Thank you. Our next question comes from Brian Nowak with Morgan Stanley. Please proceed with your question.", "start": 10, "labels": ["INTRO"]}, "origin": "manual", "to_name": "text", "from_name": "label-intro"}, {"type": "labels", "value": {"end": 130, "text": "Brian Nowak", "start": 118, "labels": ["ANALYST"]}, "origin": "manual", "to_name": "text", "from_name": "label-intro"}, {"type": "labels", "value": {"end": 796, "text": ": Thanks for taking my questions. I have two. The first one, as you continue to add more Prime Now markets with one to two-hour shipping, can you just talk to some of the logistical challenges that you've already encountered and worked through? And talk to kind of if you really do see one to two-hour shipping become a larger piece of the business over the next year, what's the biggest challenge you have to make sure that you manage? And the second one on the subscription revenue, it looks like subscription revenue growth was strong again, over 50%. Could you just talk to what drove that acceleration? Was it Prime? Or is there something else in there? Thanks.", "start": 131, "labels": ["QUESTION"]}, "origin": "manual", "to_name": "text", "from_name": "label-intro"}, {"type": "labels", "value": {"end": 814, "text": "Brian T. Olsavsky", "start": 796, "labels": ["REPRESENTATIVE"]}, "origin": "manual", "to_name": "text", "from_name": "label-intro"}, {"type": "labels", "value": {"end": 2072, "text": ": Sure. Let me start with your second question on the subscription revenue. It grew 53% year-over-year versus 52% in Q1. So, we continue to see strong Prime membership growth. That is the main thing. There's also \u2013 in that line item are also other monthly fees associated with some of our other subscription services like audiobooks, e-books, digital video and digital music. Again, I would say that we're very happy with the Prime membership growth and it has remained pretty consistent both in Q4 and then through Q1 and Q2 of this year. On your second question on Prime Now, so Prime Now is now available in 50 cities across eight countries. We do learn. It's something to do in every city and have different \u2013 slightly different shapes and sizes of those buildings and different density profiles. And so we are learning as we go, learn as we grow internationally as well. That is a service that customers love. That's not an inexpensive service, though, and we also have \u2013 so we're constantly working on our cost of delivery and our route densities. And again, we like what we see and we'll continue to expand that and we'll be working very hard on making that not only a valuable Prime offering, a Prime benefit, but also a lower-cost operation as well.", "start": 815, "labels": ["ANSWER"]}, "origin": "manual", "to_name": "text", "from_name": "label-intro"}], "was_cancelled": false, "ground_truth": true, "created_at": "2022-02-04T10:25:34.061853Z", "updated_at": "2022-02-04T10:25:34.061858Z", "lead_time": null, "prediction": {}, "result_count": 0, "task": 18356, "parent_prediction": null, "parent_annotation": null}], "data": {"year": 2017, "company": "AMZN", "my_text": "\nOperator: Thank you. Our next question comes from Brian Nowak with Morgan Stanley. Please proceed with your question.\nBrian Nowak: Thanks for taking my questions. I have two. The first one, as you continue to add more Prime Now markets with one to two-hour shipping, can you just talk to some of the logistical challenges that you've already encountered and worked through? And talk to kind of if you really do see one to two-hour shipping become a larger piece of the business over the next year, what's the biggest challenge you have to make sure that you manage? And the second one on the subscription revenue, it looks like subscription revenue growth was strong again, over 50%. Could you just talk to what drove that acceleration? Was it Prime? Or is there something else in there? Thanks.\nBrian T. Olsavsky: Sure. Let me start with your second question on the subscription revenue. It grew 53% year-over-year versus 52% in Q1. So, we continue to see strong Prime membership growth. That is the main thing. There's also \u2013 in that line item are also other monthly fees associated with some of our other subscription services like audiobooks, e-books, digital video and digital music. Again, I would say that we're very happy with the Prime membership growth and it has remained pretty consistent both in Q4 and then through Q1 and Q2 of this year. On your second question on Prime Now, so Prime Now is now available in 50 cities across eight countries. We do learn. It's something to do in every city and have different \u2013 slightly different shapes and sizes of those buildings and different density profiles. And so we are learning as we go, learn as we grow internationally as well. That is a service that customers love. That's not an inexpensive service, though, and we also have \u2013 so we're constantly working on our cost of delivery and our route densities. And again, we like what we see and we'll continue to expand that and we'll be working very hard on making that not only a valuable Prime offering, a Prime benefit, but also a lower-cost operation as well.", "quarter": 2}}