{"id": 18446, "annotations": [{"id": 18549, "completed_by": 2, "result": [{"type": "labels", "value": {"end": 9, "text": "Operator", "start": 0, "labels": ["OPERATOR"]}, "origin": "manual", "to_name": "text", "from_name": "label-intro"}, {"type": "labels", "value": {"end": 97, "text": ": Thank you. Our next question comes from Stephen Ju with Credit Suisse. Please proceed.", "start": 10, "labels": ["INTRO"]}, "origin": "manual", "to_name": "text", "from_name": "label-intro"}, {"type": "labels", "value": {"end": 108, "text": "Stephen Ju", "start": 97, "labels": ["ANALYST"]}, "origin": "manual", "to_name": "text", "from_name": "label-intro"}, {"type": "labels", "value": {"end": 593, "text": ": Okay, thank you. So Brian, I\u2019m wondering if you can weigh in on the puts and takes on the long-term potential margin for AWS? When this was first launched it pretty much sold itself and now you are employing a greater number of salespeople, and with that I guess the incremental marketing dollars. But on the other hand it seems like the engineering talent hiring should slow down over time. So I\u2019m just wondering if you can weigh in on what\u2019s coming in or what\u2019s coming out. Thanks.", "start": 109, "labels": ["QUESTION"]}, "origin": "manual", "to_name": "text", "from_name": "label-intro"}, {"type": "labels", "value": {"end": 608, "text": "Brian Olsavsky", "start": 593, "labels": ["REPRESENTATIVE"]}, "origin": "manual", "to_name": "text", "from_name": "label-intro"}, {"type": "labels", "value": {"end": 2064, "text": ": Yeah, sure. I would say the margins \u2013 our margins expectations are that we will price competitively and continue to pass along pricing reductions to customers both in the form of absolute price reductions and also in the form of new products that will in effect cannibalize the old ones.  And we also see a point out that you know increasingly what we\u2019re doing is renegotiating or negotiating incremental price decreases for customers who then commit to us long term. And if you look at our disclosure on our 10-Q, it shows that we have $27 billion in future commitments for AWS, from AWS customers and that\u2019s up 54% year-over-year. So that\u2019s another thing to watch, it\u2019s not only the short-term commitment, but also the long-term commitment that we see. On the rest of the P&L, there again we have, I believe some of the best infrastructure people in the industry. If not the best, we are continually driving up efficiency and lowering costs and we see that in our bottom line.  The sales and marketing investment, we\u2019re chasing a large opportunity here and that will be, you know as we say bumpy as we go along, but we are fully confident that that will be a very leveraged cost as we get to scale.  And then on the technology side, as you said, yes we will continue and invest in SDEs and software engineers to build these you know products that customers love, continue to respond to their demands, and that will push or inform our product portfolio.", "start": 609, "labels": ["ANSWER"]}, "origin": "manual", "to_name": "text", "from_name": "label-intro"}], "was_cancelled": false, "ground_truth": true, "created_at": "2022-02-04T10:25:34.068512Z", "updated_at": "2022-02-04T10:25:34.068517Z", "lead_time": null, "prediction": {}, "result_count": 0, "task": 18446, "parent_prediction": null, "parent_annotation": null}], "data": {"year": 2019, "company": "AMZN", "my_text": "\nOperator: Thank you. Our next question comes from Stephen Ju with Credit Suisse. Please proceed.\nStephen Ju: Okay, thank you. So Brian, I\u2019m wondering if you can weigh in on the puts and takes on the long-term potential margin for AWS? When this was first launched it pretty much sold itself and now you are employing a greater number of salespeople, and with that I guess the incremental marketing dollars. But on the other hand it seems like the engineering talent hiring should slow down over time. So I\u2019m just wondering if you can weigh in on what\u2019s coming in or what\u2019s coming out. Thanks.\nBrian Olsavsky: Yeah, sure. I would say the margins \u2013 our margins expectations are that we will price competitively and continue to pass along pricing reductions to customers both in the form of absolute price reductions and also in the form of new products that will in effect cannibalize the old ones.  And we also see a point out that you know increasingly what we\u2019re doing is renegotiating or negotiating incremental price decreases for customers who then commit to us long term. And if you look at our disclosure on our 10-Q, it shows that we have $27 billion in future commitments for AWS, from AWS customers and that\u2019s up 54% year-over-year. So that\u2019s another thing to watch, it\u2019s not only the short-term commitment, but also the long-term commitment that we see. On the rest of the P&L, there again we have, I believe some of the best infrastructure people in the industry. If not the best, we are continually driving up efficiency and lowering costs and we see that in our bottom line.  The sales and marketing investment, we\u2019re chasing a large opportunity here and that will be, you know as we say bumpy as we go along, but we are fully confident that that will be a very leveraged cost as we get to scale.  And then on the technology side, as you said, yes we will continue and invest in SDEs and software engineers to build these you know products that customers love, continue to respond to their demands, and that will push or inform our product portfolio.", "quarter": 3}}