{"id": 17306, "annotations": [{"id": 17409, "completed_by": 2, "result": [{"id": "lrqeIamAvq", "type": "labels", "value": {"end": 9, "text": "Operator", "start": 0, "labels": ["OPERATOR"]}, "origin": "manual", "to_name": "text", "from_name": "label-intro"}, {"id": "nCmHEL9K1e", "type": "labels", "value": {"end": 59, "text": " Our next question comes from Mark May with Citi.", "start": 10, "labels": ["INTRO"]}, "origin": "manual", "to_name": "text", "from_name": "label-intro"}, {"id": "rZ1IJQAQAD", "type": "labels", "value": {"end": 68, "text": "Mark May", "start": 59, "labels": ["ANALYST"]}, "origin": "manual", "to_name": "text", "from_name": "label-intro"}, {"id": "EnX87xZqzL", "type": "labels", "value": {"end": 856, "text": " Thanks for taking my questions. On the international revenue I believe there is probably \u2013 there's a real distinction here between some of your more established countries and some of your more emerging countries. I wonder if you could talk a little bit about for Germany and the UK and Japan and some of the more established markets, what the profit profile of those markets look like and just how much of the international segment results are being \u2013 losses being held back by a handful of the more emerging markets. And then a question on AWS pricing. It seemed like the pricing environment was pretty competitive last year. What are you seeing in the market this year and what are your expectations going forward? Are you expecting a bit more of a stable pricing environment? Thanks.", "start": 69, "labels": ["QUESTION"]}, "origin": "manual", "to_name": "text", "from_name": "label-intro"}, {"id": "TXqU8n03rk", "type": "labels", "value": {"end": 868, "text": "Tom Szkutak", "start": 856, "labels": ["REPRESENTATIVE"]}, "origin": "manual", "to_name": "text", "from_name": "label-intro"}, {"id": "WwK-fKWCxX", "type": "labels", "value": {"end": 1468, "text": " Yes, in terms of International, we're not breaking out individual country results. The one thing that could mentioned around from a country perspective was India in terms of which \u2013 it certainly stepped up our investment. And if you look at it year-over-year, so that\u2019s certainly reflected in the numbers that you are seeing. In terms of AWS, we've had 48 price decreases since inception. The team is doing a terrific job in terms of working on behalf of customers to pass on savings as they see it. But in terms of any comment on what to expect going forward there is not really much to add there.", "start": 869, "labels": ["ANSWER"]}, "origin": "manual", "to_name": "text", "from_name": "label-intro"}, {"id": "qgDElelcN1", "type": "labels", "value": {"end": 1483, "text": "Brian Olsavsky", "start": 1468, "labels": ["REPRESENTATIVE"]}, "origin": "manual", "to_name": "text", "from_name": "label-intro"}, {"id": "2IeJbP8xtW", "type": "labels", "value": {"end": 1878, "text": " Its probably is worth adding that, although prices are factor, the primary factor for customers choosing with AWS is really around their ability to move quickly and to be nimble and agile. And so we're very pleased with the kind of continued adoption and usage growth we've seen and obviously the benefits of AWS around their ability \u2013 customers ability to be nimble as a primary factor there.", "start": 1484, "labels": ["ANSWER"]}, "origin": "manual", "to_name": "text", "from_name": "label-intro"}], "was_cancelled": false, "ground_truth": true, "created_at": "2022-02-04T10:03:51.603931Z", "updated_at": "2022-03-22T17:23:38.590372Z", "lead_time": 844.805, "prediction": {}, "result_count": 0, "task": 17306, "parent_prediction": null, "parent_annotation": null}], "data": {"year": 2015, "company": "AMZN", "my_text": "\nOperator: Our next question comes from Mark May with Citi.\nMark May: Thanks for taking my questions. On the international revenue I believe there is probably \u2013 there's a real distinction here between some of your more established countries and some of your more emerging countries. I wonder if you could talk a little bit about for Germany and the UK and Japan and some of the more established markets, what the profit profile of those markets look like and just how much of the international segment results are being \u2013 losses being held back by a handful of the more emerging markets. And then a question on AWS pricing. It seemed like the pricing environment was pretty competitive last year. What are you seeing in the market this year and what are your expectations going forward? Are you expecting a bit more of a stable pricing environment? Thanks.\nTom Szkutak: Yes, in terms of International, we're not breaking out individual country results. The one thing that could mentioned around from a country perspective was India in terms of which \u2013 it certainly stepped up our investment. And if you look at it year-over-year, so that\u2019s certainly reflected in the numbers that you are seeing. In terms of AWS, we've had 48 price decreases since inception. The team is doing a terrific job in terms of working on behalf of customers to pass on savings as they see it. But in terms of any comment on what to expect going forward there is not really much to add there.\nBrian Olsavsky: Its probably is worth adding that, although prices are factor, the primary factor for customers choosing with AWS is really around their ability to move quickly and to be nimble and agile. And so we're very pleased with the kind of continued adoption and usage growth we've seen and obviously the benefits of AWS around their ability \u2013 customers ability to be nimble as a primary factor there.", "quarter": 1}}