{"id": 18399, "annotations": [{"id": 18502, "completed_by": 2, "result": [{"type": "labels", "value": {"end": 9, "text": "Operator", "start": 0, "labels": ["OPERATOR"]}, "origin": "manual", "to_name": "text", "from_name": "label-intro"}, {"type": "labels", "value": {"end": 113, "text": ": Thank you. Our next question comes from line of Mark Mahaney with RBC Capital Markets. Please proceed.", "start": 10, "labels": ["INTRO"]}, "origin": "manual", "to_name": "text", "from_name": "label-intro"}, {"type": "labels", "value": {"end": 126, "text": "Mark Mahaney", "start": 113, "labels": ["ANALYST"]}, "origin": "manual", "to_name": "text", "from_name": "label-intro"}, {"type": "labels", "value": {"end": 461, "text": ": Okay. I was going to also then ask you to drill down a little bit on the international retail business. That seemed to slow down, I guess that whatever, 15% or something year-over-year. Any particularly color? Any markets that would have led to that? Though the comp was tougher, but anything else you'd call out there? Thanks a lot.", "start": 127, "labels": ["QUESTION"]}, "origin": "manual", "to_name": "text", "from_name": "label-intro"}, {"type": "labels", "value": {"end": 479, "text": "Brian T. Olsavsky", "start": 461, "labels": ["REPRESENTATIVE"]}, "origin": "manual", "to_name": "text", "from_name": "label-intro"}, {"type": "labels", "value": {"end": 1667, "text": ": Sure. On a year-over-year basis, I think you have to look at two things. We did the Souq acquisition last year in May. So the full pickup on that year-over-year was in 2017 and now we're lapping that. There's also material change in the Diwali calendar in India. About half of our Diwali sales last year were in Q3. This year they'll be fully in Q4. So those are a couple factors that hit the international growth area in particularly. But I also point out that we launched Turkey in the quarter and now we have 17 Amazon websites globally. So we're still very pleased again with the international business, continue to invest in Prime benefits, international expansion as I just mentioned, and we're still seeing very good pickup. Story is different country-by-country obviously. Some are much further along than others, but overall we're very happy. India, although Diwali moved into Q4, so far that's going really well. We've seen great response from customers. We've had 60% growth in new customers during the period. Orders are coming in from 99% of the pin codes in the country. So, great first wave of the, what we call the Amazon's Great Indian Festival, which lead into Diwali.", "start": 480, "labels": ["ANSWER"]}, "origin": "manual", "to_name": "text", "from_name": "label-intro"}], "was_cancelled": false, "ground_truth": true, "created_at": "2022-02-04T10:25:34.065143Z", "updated_at": "2022-02-04T10:25:34.065148Z", "lead_time": null, "prediction": {}, "result_count": 0, "task": 18399, "parent_prediction": null, "parent_annotation": null}], "data": {"year": 2018, "company": "AMZN", "my_text": "\nOperator: Thank you. Our next question comes from line of Mark Mahaney with RBC Capital Markets. Please proceed.\nMark Mahaney: Okay. I was going to also then ask you to drill down a little bit on the international retail business. That seemed to slow down, I guess that whatever, 15% or something year-over-year. Any particularly color? Any markets that would have led to that? Though the comp was tougher, but anything else you'd call out there? Thanks a lot.\nBrian T. Olsavsky: Sure. On a year-over-year basis, I think you have to look at two things. We did the Souq acquisition last year in May. So the full pickup on that year-over-year was in 2017 and now we're lapping that. There's also material change in the Diwali calendar in India. About half of our Diwali sales last year were in Q3. This year they'll be fully in Q4. So those are a couple factors that hit the international growth area in particularly. But I also point out that we launched Turkey in the quarter and now we have 17 Amazon websites globally. So we're still very pleased again with the international business, continue to invest in Prime benefits, international expansion as I just mentioned, and we're still seeing very good pickup. Story is different country-by-country obviously. Some are much further along than others, but overall we're very happy. India, although Diwali moved into Q4, so far that's going really well. We've seen great response from customers. We've had 60% growth in new customers during the period. Orders are coming in from 99% of the pin codes in the country. So, great first wave of the, what we call the Amazon's Great Indian Festival, which lead into Diwali.", "quarter": 3}}