{"id": 17344, "annotations": [{"id": 17447, "completed_by": 2, "result": [{"id": "VSvIpJ2stf", "type": "labels", "value": {"end": 9, "text": "Operator", "start": 0, "labels": ["OPERATOR"]}, "origin": "manual", "to_name": "text", "from_name": "label-intro"}, {"id": "1Ri6smrCFz", "type": "labels", "value": {"end": 76, "text": " Our next question comes from Brian Pitz with Jefferies & Company.", "start": 10, "labels": ["INTRO"]}, "origin": "manual", "to_name": "text", "from_name": "label-intro"}, {"id": "iBmy_EZC5k", "type": "labels", "value": {"end": 90, "text": "Brian J. Pitz", "start": 76, "labels": ["ANALYST"]}, "origin": "manual", "to_name": "text", "from_name": "label-intro"}, {"id": "RDfbmv0H8m", "type": "labels", "value": {"end": 383, "text": " Thanks. Some questions on video. Any color such as engagement on the recent launch of video products in Japan, including the Fire TV, the Fire TV Stick, and Prime Video? And also, any general updates on your video content strategy or view on standalone streaming separate from Prime. Thanks.", "start": 91, "labels": ["QUESTION"]}, "origin": "manual", "to_name": "text", "from_name": "label-intro"}, {"id": "8OE8E0R25m", "type": "labels", "value": {"end": 401, "text": "Brian T. Olsavsky", "start": 383, "labels": ["REPRESENTATIVE"]}, "origin": "manual", "to_name": "text", "from_name": "label-intro"}, {"id": "yEnIZR-wnT", "type": "labels", "value": {"end": 1178, "text": " Yeah, I'll take that one. This is Brian. So no specific callouts in Japan. I would say that we are still very bullish on our Prime Instant Video, especially our new original content we've created. We think it's being critically acclaimed and also a big hit with customers. Man in the High Castle is coming out shortly, as is the second season of Transparent which won Emmys this year. So we're really excited about the creative team we've assembled and the products that they've been able to bring to Prime customers. And we still like the customer reaction. Free trial conversion rates are higher when Prime members stream, and they also renew at a higher rate their annual subscriptions. So, again, that's very important to us as well and we're very happy with the results.", "start": 402, "labels": ["ANSWER"]}, "origin": "manual", "to_name": "text", "from_name": "label-intro"}], "was_cancelled": false, "ground_truth": true, "created_at": "2022-02-04T10:03:51.606777Z", "updated_at": "2022-04-14T13:18:39.664536Z", "lead_time": 311846.191, "prediction": {}, "result_count": 0, "task": 17344, "parent_prediction": null, "parent_annotation": null}], "data": {"year": 2015, "company": "AMZN", "my_text": "\nOperator: Our next question comes from Brian Pitz with Jefferies & Company.\nBrian J. Pitz: Thanks. Some questions on video. Any color such as engagement on the recent launch of video products in Japan, including the Fire TV, the Fire TV Stick, and Prime Video? And also, any general updates on your video content strategy or view on standalone streaming separate from Prime. Thanks.\nBrian T. Olsavsky: Yeah, I'll take that one. This is Brian. So no specific callouts in Japan. I would say that we are still very bullish on our Prime Instant Video, especially our new original content we've created. We think it's being critically acclaimed and also a big hit with customers. Man in the High Castle is coming out shortly, as is the second season of Transparent which won Emmys this year. So we're really excited about the creative team we've assembled and the products that they've been able to bring to Prime customers. And we still like the customer reaction. Free trial conversion rates are higher when Prime members stream, and they also renew at a higher rate their annual subscriptions. So, again, that's very important to us as well and we're very happy with the results.", "quarter": 3}}