{"id": 17342, "annotations": [{"id": 17445, "completed_by": 2, "result": [{"id": "AKJOAZpD7x", "type": "labels", "value": {"end": 9, "text": "Operator", "start": 0, "labels": ["OPERATOR"]}, "origin": "manual", "to_name": "text", "from_name": "label-intro"}, {"id": "aDFxoh3m5p", "type": "labels", "value": {"end": 68, "text": " Our next question is from Heath Terry with Goldman Sachs.", "start": 10, "labels": ["INTRO"]}, "origin": "manual", "to_name": "text", "from_name": "label-intro"}, {"id": "JkSXGz1Wtd", "type": "labels", "value": {"end": 88, "text": "Heath Patrick Terry", "start": 68, "labels": ["ANALYST"]}, "origin": "manual", "to_name": "text", "from_name": "label-intro"}, {"id": "-c05LtMCQI", "type": "labels", "value": {"end": 575, "text": " Great. Thanks. I was wondering if you could give us a sense how some of the recent announcements from FedEx and UPS about pricing during the holidays and the structure of some of the third party relationships might impact you? And given the investments that you've made in your own fulfillment infrastructure, how much of a competitive advantage you feel like you've got during the holiday season as other retailers that are more directly exposed to these changes have to deal with it.", "start": 89, "labels": ["QUESTION"]}, "origin": "manual", "to_name": "text", "from_name": "label-intro"}, {"id": "DntZifHpbP", "type": "labels", "value": {"end": 593, "text": "Brian T. Olsavsky", "start": 575, "labels": ["REPRESENTATIVE"]}, "origin": "manual", "to_name": "text", "from_name": "label-intro"}, {"id": "UNKmEy5UTm", "type": "labels", "value": {"end": 878, "text": " No comment on the pricing. I would say that we have 23 sort centers, which allows us to control a lot more of our shipments for longer. But we certainly value our relationships with USPS, FedEx, UPS and other global carriers. So \u2013 and we're looking forward to a great holiday season.", "start": 594, "labels": ["ANSWER"]}, "origin": "manual", "to_name": "text", "from_name": "label-intro"}], "was_cancelled": false, "ground_truth": true, "created_at": "2022-02-04T10:03:51.606644Z", "updated_at": "2022-04-14T13:21:35.700355Z", "lead_time": 312022.448, "prediction": {}, "result_count": 0, "task": 17342, "parent_prediction": null, "parent_annotation": null}], "data": {"year": 2015, "company": "AMZN", "my_text": "\nOperator: Our next question is from Heath Terry with Goldman Sachs.\nHeath Patrick Terry: Great. Thanks. I was wondering if you could give us a sense how some of the recent announcements from FedEx and UPS about pricing during the holidays and the structure of some of the third party relationships might impact you? And given the investments that you've made in your own fulfillment infrastructure, how much of a competitive advantage you feel like you've got during the holiday season as other retailers that are more directly exposed to these changes have to deal with it.\nBrian T. Olsavsky: No comment on the pricing. I would say that we have 23 sort centers, which allows us to control a lot more of our shipments for longer. But we certainly value our relationships with USPS, FedEx, UPS and other global carriers. So \u2013 and we're looking forward to a great holiday season.", "quarter": 3}}