{"id": 17350, "annotations": [{"id": 17453, "completed_by": 2, "result": [{"id": "APjmjCOUPD", "type": "labels", "value": {"end": 9, "text": "Operator", "start": 0, "labels": ["OPERATOR"]}, "origin": "manual", "to_name": "text", "from_name": "label-intro"}, {"id": "c_NM6KSzgr", "type": "labels", "value": {"end": 124, "text": " Thank you. Our next question is from analyst Jason Helfstein with Oppenheimer. Please proceed with your question.", "start": 10, "labels": ["INTRO"]}, "origin": "manual", "to_name": "text", "from_name": "label-intro"}, {"id": "J1AGhGUCFG", "type": "labels", "value": {"end": 140, "text": "Jason Helfstein", "start": 124, "labels": ["ANALYST"]}, "origin": "manual", "to_name": "text", "from_name": "label-intro"}, {"id": "aoJ7crAAcU", "type": "labels", "value": {"end": 418, "text": " Thank you. Can you talk a little bit about the dynamics in fourth quarter eCommerce, particularly in the US? Did we see more aggressive promotional activity and maybe talk about how you tried to work that to continue to drive the Prime number of members going forward? Thanks.", "start": 141, "labels": ["QUESTION"]}, "origin": "manual", "to_name": "text", "from_name": "label-intro"}, {"id": "T0OIoq0L5s", "type": "labels", "value": {"end": 433, "text": "Brian Olsavsky", "start": 418, "labels": ["REPRESENTATIVE"]}, "origin": "manual", "to_name": "text", "from_name": "label-intro"}, {"id": "GjrR4SMA-h", "type": "labels", "value": {"end": 1161, "text": " Sure. Well, what I can say is our approach to pricing has not changed. And through Q4 [ph] we did everything we could to have the best prices available for customers and in stock in time for the holiday. Another dynamic of Q4 was that it was a huge FBA quarter, nearly 50% of our third party units were FBA and our third party units were also up to 47% of our paid units, up 400 basis points year-over-year. So a really strong quarter for our FBA sellers using our FBA services. It did put a lot of demands on our warehouses and we were full. It was a very busy quarter and it did increase some of our variable costs as a result, primarily in the US, but a very strong quarter for FBA. It exceeded our - even our expectations.", "start": 434, "labels": ["ANSWER"]}, "origin": "manual", "to_name": "text", "from_name": "label-intro"}, {"id": "n1o8_-M3ek", "type": "labels", "value": {"end": 1177, "text": "Jason Helfstein", "start": 1161, "labels": ["ANALYST"]}, "origin": "manual", "to_name": "text", "from_name": "label-intro"}, {"id": "wSQR81qSfJ", "type": "labels", "value": {"end": 1246, "text": " Perhaps how are you able to integrate that into holiday promotions?", "start": 1178, "labels": ["QUESTION"]}, "origin": "manual", "to_name": "text", "from_name": "label-intro"}, {"id": "b70ZH_gKLw", "type": "labels", "value": {"end": 1261, "text": "Brian Olsavsky", "start": 1246, "labels": ["REPRESENTATIVE"]}, "origin": "manual", "to_name": "text", "from_name": "label-intro"}, {"id": "BVRS2pCnXS", "type": "labels", "value": {"end": 1324, "text": " I'm sorry. You cut off there. Could you repeat your question?", "start": 1262, "labels": ["ANSWER"]}, "origin": "manual", "to_name": "text", "from_name": "label-intro"}, {"id": "5FzmyLGfdQ", "type": "labels", "value": {"end": 1340, "text": "Jason Helfstein", "start": 1324, "labels": ["ANALYST"]}, "origin": "manual", "to_name": "text", "from_name": "label-intro"}, {"id": "ryya7hnyi0", "type": "labels", "value": {"end": 1451, "text": " Sure. Just any additional color around Prime and how you were able to integrate that into holiday promotions?", "start": 1341, "labels": ["QUESTION"]}, "origin": "manual", "to_name": "text", "from_name": "label-intro"}, {"id": "FCJTLpGhty", "type": "labels", "value": {"end": 1466, "text": "Brian Olsavsky", "start": 1451, "labels": ["REPRESENTATIVE"]}, "origin": "manual", "to_name": "text", "from_name": "label-intro"}, {"id": "54G7U3OENG", "type": "labels", "value": {"end": 1749, "text": " Nothing specific. I will say, you know, one interesting enhancement this year was our Prime Now service, which allowed people order in selected markets up until 11.59 on New Year, excuse me, Christmas Eve. So that was a valuable service to many late shoppers, last-minute shoppers.", "start": 1467, "labels": ["ANSWER"]}, "origin": "manual", "to_name": "text", "from_name": "label-intro"}], "was_cancelled": false, "ground_truth": true, "created_at": "2022-02-04T10:03:51.607225Z", "updated_at": "2022-04-26T15:04:53.902151Z", "lead_time": 3207.319, "prediction": {}, "result_count": 0, "task": 17350, "parent_prediction": null, "parent_annotation": null}], "data": {"year": 2015, "company": "AMZN", "my_text": "\nOperator: Thank you. Our next question is from analyst Jason Helfstein with Oppenheimer. Please proceed with your question.\nJason Helfstein: Thank you. Can you talk a little bit about the dynamics in fourth quarter eCommerce, particularly in the US? Did we see more aggressive promotional activity and maybe talk about how you tried to work that to continue to drive the Prime number of members going forward? Thanks.\nBrian Olsavsky: Sure. Well, what I can say is our approach to pricing has not changed. And through Q4 [ph] we did everything we could to have the best prices available for customers and in stock in time for the holiday. Another dynamic of Q4 was that it was a huge FBA quarter, nearly 50% of our third party units were FBA and our third party units were also up to 47% of our paid units, up 400 basis points year-over-year. So a really strong quarter for our FBA sellers using our FBA services. It did put a lot of demands on our warehouses and we were full. It was a very busy quarter and it did increase some of our variable costs as a result, primarily in the US, but a very strong quarter for FBA. It exceeded our - even our expectations.\nJason Helfstein: Perhaps how are you able to integrate that into holiday promotions?\nBrian Olsavsky: I'm sorry. You cut off there. Could you repeat your question?\nJason Helfstein: Sure. Just any additional color around Prime and how you were able to integrate that into holiday promotions?\nBrian Olsavsky: Nothing specific. I will say, you know, one interesting enhancement this year was our Prime Now service, which allowed people order in selected markets up until 11.59 on New Year, excuse me, Christmas Eve. So that was a valuable service to many late shoppers, last-minute shoppers.", "quarter": 4}}