{"id": 17220, "annotations": [{"id": 17323, "completed_by": 2, "result": [{"id": "8Dv9t22wcB", "type": "labels", "value": {"end": 9, "text": "Operator", "start": 0, "labels": ["OPERATOR"]}, "origin": "manual", "to_name": "text", "from_name": "label-intro"}, {"id": "qdDnri-6IT", "type": "labels", "value": {"end": 95, "text": " Your next question is from Mark Mahaney with RBC Capital Markets. Your line is open.", "start": 10, "labels": ["INTRO"]}, "origin": "manual", "to_name": "text", "from_name": "label-intro"}, {"id": "y-ASCvzE9d", "type": "labels", "value": {"end": 111, "text": "Mark S. Mahaney", "start": 95, "labels": ["ANALYST"]}, "origin": "manual", "to_name": "text", "from_name": "label-intro"}, {"id": "SRbmAGGST-", "type": "labels", "value": {"end": 1031, "text": " Great. Thanks. Two questions. David, the sales and marketing expenses this quarter were almost flattish sequentially. You don't normally see that in your business. Is there anything, any particular reason behind that why you didn't have that area grow? I assume it will continue to grow going forwards. And then, Mark, you made a comment about. I think you were referring to Instagram becoming one of the best places to get a real-time snapshot of the world. And it kind of reminds me or makes me think about some other leading platforms on the Internet. And I wonder how does that happen with Instagram? Is that something that you're already seeing users use Instagram to make that happen? Or is that something that you have to kind of tweak the user interface and change the product a little bit in order to try to have people think about it that way? How does it become that real-time snapshot of the world? Thanks.", "start": 112, "labels": ["QUESTION"]}, "origin": "manual", "to_name": "text", "from_name": "label-intro"}, {"id": "BuApsAbrPP", "type": "labels", "value": {"end": 1047, "text": "David M. Wehner", "start": 1031, "labels": ["REPRESENTATIVE"]}, "origin": "manual", "to_name": "text", "from_name": "label-intro"}, {"id": "p6TWfWvirX", "type": "labels", "value": {"end": 1594, "text": " So on the sales and marketing expenses, Mark, I think you're going to see that be lumpy. That's just due to product marketing and that's just not going to necessarily be a steady quarter-to-quarter trend. So you're going to see that be lumpy. But, yes, we are investing more in general in sales and marketing over time, so you'd expect to see that line grow in line with the expense guidance that we're giving. So it's definitely an area that we'll be investing in on an ongoing basis and I wouldn't read too much into the quarterly trend there.", "start": 1048, "labels": ["ANSWER"]}, "origin": "manual", "to_name": "text", "from_name": "label-intro"}, {"id": "qMY_LpLRR_", "type": "labels", "value": {"end": 1617, "text": "Mark Elliot Zuckerberg", "start": 1594, "labels": ["REPRESENTATIVE"]}, "origin": "manual", "to_name": "text", "from_name": "label-intro"}, {"id": "DW__M1PArE", "type": "labels", "value": {"end": 2298, "text": " Yeah, and in terms of Instagram, I just think Kevin and the team are doing amazing work. The clarity of focus and clarity of the vision that Kevin and Mike have has been exceptional. And this is something that they've always focused on. They've cared deeply about it since the first conversations I've had with Kevin. And I think it takes real composure as a leader to scale something to many x where it was just a few years ago and build up the organization and be able to continue pushing the products forward every day to be able to do that. And I think it's rare that you get someone who's as talented as the folks who are leading this. And they're just doing an amazing job.", "start": 1618, "labels": ["ANSWER"]}, "origin": "manual", "to_name": "text", "from_name": "label-intro"}], "was_cancelled": false, "ground_truth": true, "created_at": "2022-02-04T10:03:51.597181Z", "updated_at": "2022-04-07T17:56:20.642099Z", "lead_time": 183624.851, "prediction": {}, "result_count": 0, "task": 17220, "parent_prediction": null, "parent_annotation": null}], "data": {"year": 2015, "company": "FB", "my_text": "\nOperator: Your next question is from Mark Mahaney with RBC Capital Markets. Your line is open.\nMark S. Mahaney: Great. Thanks. Two questions. David, the sales and marketing expenses this quarter were almost flattish sequentially. You don't normally see that in your business. Is there anything, any particular reason behind that why you didn't have that area grow? I assume it will continue to grow going forwards. And then, Mark, you made a comment about. I think you were referring to Instagram becoming one of the best places to get a real-time snapshot of the world. And it kind of reminds me or makes me think about some other leading platforms on the Internet. And I wonder how does that happen with Instagram? Is that something that you're already seeing users use Instagram to make that happen? Or is that something that you have to kind of tweak the user interface and change the product a little bit in order to try to have people think about it that way? How does it become that real-time snapshot of the world? Thanks.\nDavid M. Wehner: So on the sales and marketing expenses, Mark, I think you're going to see that be lumpy. That's just due to product marketing and that's just not going to necessarily be a steady quarter-to-quarter trend. So you're going to see that be lumpy. But, yes, we are investing more in general in sales and marketing over time, so you'd expect to see that line grow in line with the expense guidance that we're giving. So it's definitely an area that we'll be investing in on an ongoing basis and I wouldn't read too much into the quarterly trend there.\nMark Elliot Zuckerberg: Yeah, and in terms of Instagram, I just think Kevin and the team are doing amazing work. The clarity of focus and clarity of the vision that Kevin and Mike have has been exceptional. And this is something that they've always focused on. They've cared deeply about it since the first conversations I've had with Kevin. And I think it takes real composure as a leader to scale something to many x where it was just a few years ago and build up the organization and be able to continue pushing the products forward every day to be able to do that. And I think it's rare that you get someone who's as talented as the folks who are leading this. And they're just doing an amazing job.", "quarter": 2}}