{"id": 17689, "annotations": [{"id": 17792, "completed_by": 2, "result": [{"type": "labels", "value": {"end": 9, "text": "Operator", "start": 0, "labels": ["OPERATOR"]}, "origin": "manual", "to_name": "text", "from_name": "label-intro"}, {"type": "labels", "value": {"end": 72, "text": ": Your next question comes from the line of Mark May from Citi.", "start": 10, "labels": ["INTRO"]}, "origin": "manual", "to_name": "text", "from_name": "label-intro"}, {"type": "labels", "value": {"end": 84, "text": "Mark A. May", "start": 72, "labels": ["ANALYST"]}, "origin": "manual", "to_name": "text", "from_name": "label-intro"}, {"type": "labels", "value": {"end": 770, "text": ": Thanks. Just following up on the comments, Sheryl mentioned that there's really no meaningful impact on GDPR to the ad business, at least as of now. But then, Dave, I think you mentioned that because you're giving people more control over their privacy and data that this is one of the reasons why you're expecting the meaningful decel in the second half; so just trying to recognize those two things. Maybe the questions have been too specific around the impact of GDPR and should be more broad around data and privacy? And I guess, ultimately, the question is what impact, if any, these greater controls that you're giving users having on ad revenue growth and monetization? Thanks.", "start": 85, "labels": ["QUESTION"]}, "origin": "manual", "to_name": "text", "from_name": "label-intro"}, {"type": "labels", "value": {"end": 786, "text": "David M. Wehner", "start": 770, "labels": ["REPRESENTATIVE"]}, "origin": "manual", "to_name": "text", "from_name": "label-intro"}, {"type": "labels", "value": {"end": 1881, "text": ": Sure, Mark. Let me take that. So GDPR didn't have a significant impact in Q2, partially because of its implementation date. So you're just seeing effectively one month of it in terms of revenue. We do think that there will be some modest impact, and I don't want to overplay these factors, but you've got a couple of things going on. You've got the impact of the opt-outs. And while we're very pleased with the vast majority of people opting into the third-party data use, some did not. So that will have a small impact on revenue growth. And then we're seeing some impact from how advertisers are using their own data for targeting. So, again, that will have a modest impact on growth. And then in addition, we're continuing to focus our product development around putting privacy first and that's going to, we believe, have some impact on revenue growth. So it's really a combination of kind of how we're approaching privacy as well as GDPR and the like. So I think all of those factors together are one of the factors that we're talking about; the other being, obviously, the currency flip.", "start": 787, "labels": ["ANSWER"]}, "origin": "manual", "to_name": "text", "from_name": "label-intro"}], "was_cancelled": false, "ground_truth": true, "created_at": "2022-02-04T10:25:34.008716Z", "updated_at": "2022-02-04T10:25:34.008720Z", "lead_time": null, "prediction": {}, "result_count": 0, "task": 17689, "parent_prediction": null, "parent_annotation": null}], "data": {"year": 2018, "company": "FB", "my_text": "\nOperator: Your next question comes from the line of Mark May from Citi.\nMark A. May: Thanks. Just following up on the comments, Sheryl mentioned that there's really no meaningful impact on GDPR to the ad business, at least as of now. But then, Dave, I think you mentioned that because you're giving people more control over their privacy and data that this is one of the reasons why you're expecting the meaningful decel in the second half; so just trying to recognize those two things. Maybe the questions have been too specific around the impact of GDPR and should be more broad around data and privacy? And I guess, ultimately, the question is what impact, if any, these greater controls that you're giving users having on ad revenue growth and monetization? Thanks.\nDavid M. Wehner: Sure, Mark. Let me take that. So GDPR didn't have a significant impact in Q2, partially because of its implementation date. So you're just seeing effectively one month of it in terms of revenue. We do think that there will be some modest impact, and I don't want to overplay these factors, but you've got a couple of things going on. You've got the impact of the opt-outs. And while we're very pleased with the vast majority of people opting into the third-party data use, some did not. So that will have a small impact on revenue growth. And then we're seeing some impact from how advertisers are using their own data for targeting. So, again, that will have a modest impact on growth. And then in addition, we're continuing to focus our product development around putting privacy first and that's going to, we believe, have some impact on revenue growth. So it's really a combination of kind of how we're approaching privacy as well as GDPR and the like. So I think all of those factors together are one of the factors that we're talking about; the other being, obviously, the currency flip.", "quarter": 2}}