{"id": 17629, "annotations": [{"id": 17732, "completed_by": 2, "result": [{"type": "labels", "value": {"end": 9, "text": "Operator", "start": 0, "labels": ["OPERATOR"]}, "origin": "manual", "to_name": "text", "from_name": "label-intro"}, {"type": "labels", "value": {"end": 87, "text": ": Your next question comes from the line of Colin Sebastian from Robert Baird.", "start": 10, "labels": ["INTRO"]}, "origin": "manual", "to_name": "text", "from_name": "label-intro"}, {"type": "labels", "value": {"end": 108, "text": "Colin Alan Sebastian", "start": 87, "labels": ["ANALYST"]}, "origin": "manual", "to_name": "text", "from_name": "label-intro"}, {"type": "labels", "value": {"end": 567, "text": ": Great. Thanks. Mark, I wanted to ask a question on conversational interfaces, and specifically if we should think of Facebook becoming integrated as the skill app or feature on platforms such as Alexa, or should we think of things like Oculus, Messenger, and perhaps even a dedicated device as part of Facebook's own alternative platform? And then, Dave, just hoping you can put a finer point on the timing around the reduction in ad load growth. Thank you.", "start": 109, "labels": ["QUESTION"]}, "origin": "manual", "to_name": "text", "from_name": "label-intro"}, {"type": "labels", "value": {"end": 590, "text": "Mark Elliot Zuckerberg", "start": 567, "labels": ["REPRESENTATIVE"]}, "origin": "manual", "to_name": "text", "from_name": "label-intro"}, {"type": "labels", "value": {"end": 942, "text": ": I mean, to the first question, we're going to build the services that we think are useful. Some of them are going to be platforms and some of them are going to be apps and different things on top of platforms that other folks build. But fundamentally, we're trying to serve our community the best we can, and we'll do that across all these platforms.", "start": 591, "labels": ["ANSWER"]}, "origin": "manual", "to_name": "text", "from_name": "label-intro"}, {"type": "labels", "value": {"end": 958, "text": "David M. Wehner", "start": 942, "labels": ["REPRESENTATIVE"]}, "origin": "manual", "to_name": "text", "from_name": "label-intro"}, {"type": "labels", "value": {"end": 1598, "text": ": Yeah. And in terms of ad load growth, I pointed to the fact that we continue to expect that ad load will be a less significant factor in the remainder of 2017, and that's certainly the case. That starts in Q3, but there's a number of other factors that I also pointed to, including the desktop lapping some of the efforts we made on desktop in terms of unblocking or working against the ad blocking technologies. And so, that has a factor on desktop growth. And then of course, I talked about video and our focus on driving and serving the consumer demand for video, and that's also leading to potentially lower impression growth as well.", "start": 959, "labels": ["ANSWER"]}, "origin": "manual", "to_name": "text", "from_name": "label-intro"}], "was_cancelled": false, "ground_truth": true, "created_at": "2022-02-04T10:25:34.004055Z", "updated_at": "2022-02-04T10:25:34.004060Z", "lead_time": null, "prediction": {}, "result_count": 0, "task": 17629, "parent_prediction": null, "parent_annotation": null}], "data": {"year": 2017, "company": "FB", "my_text": "\nOperator: Your next question comes from the line of Colin Sebastian from Robert Baird.\nColin Alan Sebastian: Great. Thanks. Mark, I wanted to ask a question on conversational interfaces, and specifically if we should think of Facebook becoming integrated as the skill app or feature on platforms such as Alexa, or should we think of things like Oculus, Messenger, and perhaps even a dedicated device as part of Facebook's own alternative platform? And then, Dave, just hoping you can put a finer point on the timing around the reduction in ad load growth. Thank you.\nMark Elliot Zuckerberg: I mean, to the first question, we're going to build the services that we think are useful. Some of them are going to be platforms and some of them are going to be apps and different things on top of platforms that other folks build. But fundamentally, we're trying to serve our community the best we can, and we'll do that across all these platforms.\nDavid M. Wehner: Yeah. And in terms of ad load growth, I pointed to the fact that we continue to expect that ad load will be a less significant factor in the remainder of 2017, and that's certainly the case. That starts in Q3, but there's a number of other factors that I also pointed to, including the desktop lapping some of the efforts we made on desktop in terms of unblocking or working against the ad blocking technologies. And so, that has a factor on desktop growth. And then of course, I talked about video and our focus on driving and serving the consumer demand for video, and that's also leading to potentially lower impression growth as well.", "quarter": 2}}