{"id": 17210, "annotations": [{"id": 17313, "completed_by": 2, "result": [{"type": "labels", "value": {"end": 9, "text": "Operator", "start": 0, "labels": ["OPERATOR"]}, "origin": "manual", "to_name": "text", "from_name": "label-intro"}, {"type": "labels", "value": {"end": 88, "text": ": Certainly. Your final question is from Mark May with Citi. Your line is open.", "start": 10, "labels": ["INTRO"]}, "origin": "manual", "to_name": "text", "from_name": "label-intro"}, {"type": "labels", "value": {"end": 100, "text": "Mark A. May", "start": 88, "labels": ["ANALYST"]}, "origin": "manual", "to_name": "text", "from_name": "label-intro"}, {"type": "labels", "value": {"end": 631, "text": ": Thanks a lot. I had two. You've recently announced plans to enable longer form video content, as well as to allow those videos to be syndicated or distributed on third-party publishers. What, if any, initiatives do you have to help with this content, contributors and the publishers to generate revenue from those videos? And then secondly, on public content, what, if anything, are you doing to try to secure more unique public content, content that's potentially unique to Facebook from personalities and other sources? Thanks.", "start": 101, "labels": ["QUESTION"]}, "origin": "manual", "to_name": "text", "from_name": "label-intro"}, {"type": "labels", "value": {"end": 650, "text": "Sheryl K. Sandberg", "start": 631, "labels": ["REPRESENTATIVE"]}, "origin": "manual", "to_name": "text", "from_name": "label-intro"}, {"type": "labels", "value": {"end": 1236, "text": ": On the video question, we're basically focused primarily on video on our own site and service, and video tends to be pretty short form content right now on Facebook because it's playing in News Feed. We do see some pretty cool examples of people using it well. So for example, in the election, you saw Hillary Clinton announce her candidacy very recently, obviously, and that video got 2.7 million views. Ted Cruz and others have done the same and they've gotten large numbers of video views. So we think it's a very attractive platform for people to reach people with video messages.", "start": 651, "labels": ["ANSWER"]}, "origin": "manual", "to_name": "text", "from_name": "label-intro"}, {"type": "labels", "value": {"end": 1253, "text": "Deborah Crawford", "start": 1236, "labels": ["REPRESENTATIVE"]}, "origin": "manual", "to_name": "text", "from_name": "label-intro"}, {"type": "labels", "value": {"end": 1365, "text": ": Great. Thank you for joining us today. We appreciate your time and we look forward to speaking with you again.", "start": 1254, "labels": ["ANSWER"]}, "origin": "manual", "to_name": "text", "from_name": "label-intro"}], "was_cancelled": false, "ground_truth": true, "created_at": "2022-02-04T10:03:51.596374Z", "updated_at": "2022-02-04T10:03:51.596380Z", "lead_time": null, "prediction": {}, "result_count": 0, "task": 17210, "parent_prediction": null, "parent_annotation": null}], "data": {"year": 2015, "company": "FB", "my_text": "\nOperator: Certainly. Your final question is from Mark May with Citi. Your line is open.\nMark A. May: Thanks a lot. I had two. You've recently announced plans to enable longer form video content, as well as to allow those videos to be syndicated or distributed on third-party publishers. What, if any, initiatives do you have to help with this content, contributors and the publishers to generate revenue from those videos? And then secondly, on public content, what, if anything, are you doing to try to secure more unique public content, content that's potentially unique to Facebook from personalities and other sources? Thanks.\nSheryl K. Sandberg: On the video question, we're basically focused primarily on video on our own site and service, and video tends to be pretty short form content right now on Facebook because it's playing in News Feed. We do see some pretty cool examples of people using it well. So for example, in the election, you saw Hillary Clinton announce her candidacy very recently, obviously, and that video got 2.7 million views. Ted Cruz and others have done the same and they've gotten large numbers of video views. So we think it's a very attractive platform for people to reach people with video messages.\nDeborah Crawford: Great. Thank you for joining us today. We appreciate your time and we look forward to speaking with you again.", "quarter": 1}}