{"id": 17688, "annotations": [{"id": 17791, "completed_by": 2, "result": [{"type": "labels", "value": {"end": 9, "text": "Operator", "start": 0, "labels": ["OPERATOR"]}, "origin": "manual", "to_name": "text", "from_name": "label-intro"}, {"type": "labels", "value": {"end": 32, "text": ": Your next question...", "start": 10, "labels": ["INTRO"]}, "origin": "manual", "to_name": "text", "from_name": "label-intro"}, {"type": "labels", "value": {"end": 48, "text": "David M. Wehner", "start": 32, "labels": ["REPRESENTATIVE"]}, "origin": "manual", "to_name": "text", "from_name": "label-intro"}, {"type": "labels", "value": {"end": 985, "text": ": I'll give a little bit more color \u2013 sorry. I wanted to give a little bit more color on some of the different regional trends we're seeing on Facebook DAU. U.S. and Canada, sort of consistent with past quarters, has been flat at about 185 million, and we would expect that to continue to bounce around. Europe, we saw the declines that we anticipated from GDPR. And I would say there, really, those impacts were purely due to the GDPR impact, not other engagement trends. So I would point to that. Otherwise, I think feeling good about Europe. Worldwide, we've got kind of different puts and takes. Indonesia had a SIM card registration requirement that caused a little bit of a headwind in APAC. And then rest of world, we saw some countries come back online like Ethiopia came back online. So some different puts and takes, but overall, still seeing regional growth across all regions with the exception of the U.S./Canada being flat.", "start": 49, "labels": ["ANSWER"]}, "origin": "manual", "to_name": "text", "from_name": "label-intro"}], "was_cancelled": false, "ground_truth": true, "created_at": "2022-02-04T10:25:34.008650Z", "updated_at": "2022-02-04T10:25:34.008655Z", "lead_time": null, "prediction": {}, "result_count": 0, "task": 17688, "parent_prediction": null, "parent_annotation": null}], "data": {"year": 2018, "company": "FB", "my_text": "\nOperator: Your next question...\nDavid M. Wehner: I'll give a little bit more color \u2013 sorry. I wanted to give a little bit more color on some of the different regional trends we're seeing on Facebook DAU. U.S. and Canada, sort of consistent with past quarters, has been flat at about 185 million, and we would expect that to continue to bounce around. Europe, we saw the declines that we anticipated from GDPR. And I would say there, really, those impacts were purely due to the GDPR impact, not other engagement trends. So I would point to that. Otherwise, I think feeling good about Europe. Worldwide, we've got kind of different puts and takes. Indonesia had a SIM card registration requirement that caused a little bit of a headwind in APAC. And then rest of world, we saw some countries come back online like Ethiopia came back online. So some different puts and takes, but overall, still seeing regional growth across all regions with the exception of the U.S./Canada being flat.", "quarter": 2}}