{"id": 17686, "annotations": [{"id": 17789, "completed_by": 2, "result": [{"type": "labels", "value": {"end": 9, "text": "Operator", "start": 0, "labels": ["OPERATOR"]}, "origin": "manual", "to_name": "text", "from_name": "label-intro"}, {"type": "labels", "value": {"end": 80, "text": ": Your next question comes from the line of John Blackledge from Cowen.", "start": 10, "labels": ["INTRO"]}, "origin": "manual", "to_name": "text", "from_name": "label-intro"}, {"type": "labels", "value": {"end": 96, "text": "John Blackledge", "start": 80, "labels": ["ANALYST"]}, "origin": "manual", "to_name": "text", "from_name": "label-intro"}, {"type": "labels", "value": {"end": 539, "text": ": Great. Thanks. Mark or Sheryl, could you discuss your view about the importance of Instagram as a discovery platform for new and/or emerging brands and merchants? And then, over time, as these merchants and brands mature, how do you view Instagram's ability to monetize? And then just a quick one on North American ad revenue; it was a bit lower than we expected in the second quarter. Don't know if you guys have any color there. Thank you.", "start": 97, "labels": ["QUESTION"]}, "origin": "manual", "to_name": "text", "from_name": "label-intro"}, {"type": "labels", "value": {"end": 560, "text": "Sheryl Kara Sandberg", "start": 539, "labels": ["REPRESENTATIVE"]}, "origin": "manual", "to_name": "text", "from_name": "label-intro"}, {"type": "labels", "value": {"end": 1705, "text": ": On the first, when we think about Instagram, we think we have a great opportunity; 25 million Instagram business profiles, 2 million advertisers. We're growing quite nicely across brand and DR. And with 1 billion active people on the platform, I think Instagram is definitely both a direct response opportunity but an opportunity for discovery. Part of it's the format. The format is so visually appealing and people are telling stories with pictures, so we see both anecdotally and in the data that this is a great place for people to become aware of a product in the first place. And we see a lot of small businesses really able to do things on the platform. I'll share a recent example. We just launched a shopping experience that was just expanded in Q2 to all consumers in an additional 45 countries. DefShop is an e-commerce fashion brand in Germany. They were an early tester for IG Shopping. And what they did in that test is tag each article of clothing. They had 56% more website visitors and a 64% increase in sales for tagged products. And I think a lot of those were discovered and purchased right through that advertising funnel.", "start": 561, "labels": ["ANSWER"]}, "origin": "manual", "to_name": "text", "from_name": "label-intro"}, {"type": "labels", "value": {"end": 1721, "text": "David M. Wehner", "start": 1705, "labels": ["REPRESENTATIVE"]}, "origin": "manual", "to_name": "text", "from_name": "label-intro"}, {"type": "labels", "value": {"end": 2292, "text": ": John, its Dave. Just on the North American deceleration in ad revenue growth, kind of consistent with the trends we've seen, so nothing there notable. I would say we're pleased at the growth that we're seeing at the scale at which we're operating. When you look at the deceleration, the one that I called out was really Europe where you saw the currency impact as well as, to a lesser extent, GDPR causing sort of faster deceleration than in the other regions. I would say North America was more kind of within kind of what we're seeing across the rest of the business.", "start": 1722, "labels": ["ANSWER"]}, "origin": "manual", "to_name": "text", "from_name": "label-intro"}], "was_cancelled": false, "ground_truth": true, "created_at": "2022-02-04T10:25:34.008516Z", "updated_at": "2022-02-04T10:25:34.008521Z", "lead_time": null, "prediction": {}, "result_count": 0, "task": 17686, "parent_prediction": null, "parent_annotation": null}], "data": {"year": 2018, "company": "FB", "my_text": "\nOperator: Your next question comes from the line of John Blackledge from Cowen.\nJohn Blackledge: Great. Thanks. Mark or Sheryl, could you discuss your view about the importance of Instagram as a discovery platform for new and/or emerging brands and merchants? And then, over time, as these merchants and brands mature, how do you view Instagram's ability to monetize? And then just a quick one on North American ad revenue; it was a bit lower than we expected in the second quarter. Don't know if you guys have any color there. Thank you.\nSheryl Kara Sandberg: On the first, when we think about Instagram, we think we have a great opportunity; 25 million Instagram business profiles, 2 million advertisers. We're growing quite nicely across brand and DR. And with 1 billion active people on the platform, I think Instagram is definitely both a direct response opportunity but an opportunity for discovery. Part of it's the format. The format is so visually appealing and people are telling stories with pictures, so we see both anecdotally and in the data that this is a great place for people to become aware of a product in the first place. And we see a lot of small businesses really able to do things on the platform. I'll share a recent example. We just launched a shopping experience that was just expanded in Q2 to all consumers in an additional 45 countries. DefShop is an e-commerce fashion brand in Germany. They were an early tester for IG Shopping. And what they did in that test is tag each article of clothing. They had 56% more website visitors and a 64% increase in sales for tagged products. And I think a lot of those were discovered and purchased right through that advertising funnel.\nDavid M. Wehner: John, its Dave. Just on the North American deceleration in ad revenue growth, kind of consistent with the trends we've seen, so nothing there notable. I would say we're pleased at the growth that we're seeing at the scale at which we're operating. When you look at the deceleration, the one that I called out was really Europe where you saw the currency impact as well as, to a lesser extent, GDPR causing sort of faster deceleration than in the other regions. I would say North America was more kind of within kind of what we're seeing across the rest of the business.", "quarter": 2}}