{"id": 17198, "annotations": [{"id": 17301, "completed_by": 2, "result": [{"type": "labels", "value": {"end": 9, "text": "Operator", "start": 0, "labels": ["OPERATOR"]}, "origin": "manual", "to_name": "text", "from_name": "label-intro"}, {"type": "labels", "value": {"end": 86, "text": ": Your next question is from Douglas Anmuth with JPMorgan. Your line is open.", "start": 10, "labels": ["INTRO"]}, "origin": "manual", "to_name": "text", "from_name": "label-intro"}, {"type": "labels", "value": {"end": 104, "text": "Douglas T. Anmuth", "start": 86, "labels": ["ANALYST"]}, "origin": "manual", "to_name": "text", "from_name": "label-intro"}, {"type": "labels", "value": {"end": 550, "text": ": Thanks for taking the question. One for Sheryl and one more Mark. Sheryl, I just wanted to ask you to talk a little bit more about big brands, give us a sense for what's working best in terms of products? And then also how penetrated do you think Facebook is now with some of the larger brands? And, Mark, what are the signals that you'll be looking for to tell you when it's the right time to ramp-up the advertising on Instagram more? Thanks.", "start": 105, "labels": ["QUESTION"]}, "origin": "manual", "to_name": "text", "from_name": "label-intro"}, {"type": "labels", "value": {"end": 569, "text": "Sheryl K. Sandberg", "start": 550, "labels": ["REPRESENTATIVE"]}, "origin": "manual", "to_name": "text", "from_name": "label-intro"}, {"type": "labels", "value": {"end": 2089, "text": ": Our growth was really strong across all of our marketer segments, but we had a particularly good quarter in brands, I think driven by two things. The first is that we really have a great platform to do creative storytelling on mobile and I think we have that in a way that no one else does. Our mobile ad product is so integrated into the user experience and provides real creative flexibility that people have a way to reach people on mobile and that's becoming increasingly important in telling the stories that drive their business. The second thing is video. Video is exploding on Facebook, as Mark talked about, and that gives us an opportunity to do a lot of work with marketers on video. This is the first time the technology and media vertical was one of our top four verticals. And that's largely because of the use of mobile. And so that's been really a great story for us. In terms of penetration, we work with almost all the large marketers almost everywhere in the world. But even for the largest, the largest clients we have, we are a very small part of their budget. I don't think we have any large clients, if you look at 25% in the U.S. of consumer media time is on mobile and then 20% of mobile time goes to Facebook and Instagram that would be 5% of U.S. consumer media time. With our largest clients, even our large ones, we're not close to 5% of their spend. And so I think we have a considerable opportunity to grow, and we also expect those underlying numbers time on mobile to continue to grow.", "start": 570, "labels": ["ANSWER"]}, "origin": "manual", "to_name": "text", "from_name": "label-intro"}, {"type": "labels", "value": {"end": 2112, "text": "Mark Elliot Zuckerberg", "start": 2089, "labels": ["REPRESENTATIVE"]}, "origin": "manual", "to_name": "text", "from_name": "label-intro"}, {"type": "labels", "value": {"end": 3116, "text": ": Yeah. Your second question about Instagram and the ads opportunity there, we think about this the same way that we do ads in Facebook today. The primary goal is to increase the quality. That's our strategy for growing the business. There's more inventory that we can open up on Instagram over time because it's so early, but we're going to do that once we get to formats that are working well for businesses and that we feel really good about in the consumer experience. And this has been a theme for our ad strategy and product development for more than a year now, maybe two years, where folks have consistently asked us what we're going to do to increase the amount of ads that we're showing. And our response has been that we're going to focus on improving the quality and relevance and that's both going to perform better for the people using our services and businesses who are buying ads. And that strategy, I think, is bearing out and we'll continue to apply it to all of the things that we do.", "start": 2113, "labels": ["ANSWER"]}, "origin": "manual", "to_name": "text", "from_name": "label-intro"}, {"type": "labels", "value": {"end": 3135, "text": "Sheryl K. Sandberg", "start": 3116, "labels": ["REPRESENTATIVE"]}, "origin": "manual", "to_name": "text", "from_name": "label-intro"}, {"type": "labels", "value": {"end": 3321, "text": ": One clarification, I think I said tech and media as a vertical, I meant entertainment and media that this is the first quarter that entertainment and media is one of our top verticals.", "start": 3136, "labels": ["ANSWER"]}, "origin": "manual", "to_name": "text", "from_name": "label-intro"}], "was_cancelled": false, "ground_truth": true, "created_at": "2022-02-04T10:03:51.595416Z", "updated_at": "2022-02-04T10:03:51.595421Z", "lead_time": null, "prediction": {}, "result_count": 0, "task": 17198, "parent_prediction": null, "parent_annotation": null}], "data": {"year": 2015, "company": "FB", "my_text": "\nOperator: Your next question is from Douglas Anmuth with JPMorgan. Your line is open.\nDouglas T. Anmuth: Thanks for taking the question. One for Sheryl and one more Mark. Sheryl, I just wanted to ask you to talk a little bit more about big brands, give us a sense for what's working best in terms of products? And then also how penetrated do you think Facebook is now with some of the larger brands? And, Mark, what are the signals that you'll be looking for to tell you when it's the right time to ramp-up the advertising on Instagram more? Thanks.\nSheryl K. Sandberg: Our growth was really strong across all of our marketer segments, but we had a particularly good quarter in brands, I think driven by two things. The first is that we really have a great platform to do creative storytelling on mobile and I think we have that in a way that no one else does. Our mobile ad product is so integrated into the user experience and provides real creative flexibility that people have a way to reach people on mobile and that's becoming increasingly important in telling the stories that drive their business. The second thing is video. Video is exploding on Facebook, as Mark talked about, and that gives us an opportunity to do a lot of work with marketers on video. This is the first time the technology and media vertical was one of our top four verticals. And that's largely because of the use of mobile. And so that's been really a great story for us. In terms of penetration, we work with almost all the large marketers almost everywhere in the world. But even for the largest, the largest clients we have, we are a very small part of their budget. I don't think we have any large clients, if you look at 25% in the U.S. of consumer media time is on mobile and then 20% of mobile time goes to Facebook and Instagram that would be 5% of U.S. consumer media time. With our largest clients, even our large ones, we're not close to 5% of their spend. And so I think we have a considerable opportunity to grow, and we also expect those underlying numbers time on mobile to continue to grow.\nMark Elliot Zuckerberg: Yeah. Your second question about Instagram and the ads opportunity there, we think about this the same way that we do ads in Facebook today. The primary goal is to increase the quality. That's our strategy for growing the business. There's more inventory that we can open up on Instagram over time because it's so early, but we're going to do that once we get to formats that are working well for businesses and that we feel really good about in the consumer experience. And this has been a theme for our ad strategy and product development for more than a year now, maybe two years, where folks have consistently asked us what we're going to do to increase the amount of ads that we're showing. And our response has been that we're going to focus on improving the quality and relevance and that's both going to perform better for the people using our services and businesses who are buying ads. And that strategy, I think, is bearing out and we'll continue to apply it to all of the things that we do.\nSheryl K. Sandberg: One clarification, I think I said tech and media as a vertical, I meant entertainment and media that this is the first quarter that entertainment and media is one of our top verticals.", "quarter": 1}}