{"id": 17225, "annotations": [{"id": 17328, "completed_by": 2, "result": [{"id": "GOzdafYJJp", "type": "labels", "value": {"end": 9, "text": "Operator", "start": 0, "labels": ["OPERATOR"]}, "origin": "manual", "to_name": "text", "from_name": "label-intro"}, {"id": "Jv1IGihG6x", "type": "labels", "value": {"end": 95, "text": " Certainly. Your final question is from Brian Pitz with Jefferies. Your line is open.", "start": 10, "labels": ["INTRO"]}, "origin": "manual", "to_name": "text", "from_name": "label-intro"}, {"id": "QWFrrVx23y", "type": "labels", "value": {"end": 109, "text": "Brian J. Pitz", "start": 95, "labels": ["ANALYST"]}, "origin": "manual", "to_name": "text", "from_name": "label-intro"}, {"id": "mGh2ui8cY7", "type": "labels", "value": {"end": 384, "text": " Thanks. Questions on audience network. Any updates here including a sense for the level of adoption you're seeing from developers? Also any synergies with the mobile app install product? And finally any comments on ad price comparisons to traditional News Feed ads? Thanks.", "start": 110, "labels": ["QUESTION"]}, "origin": "manual", "to_name": "text", "from_name": "label-intro"}, {"id": "pMzoHRW0tb", "type": "labels", "value": {"end": 403, "text": "Sheryl K. Sandberg", "start": 384, "labels": ["REPRESENTATIVE"]}, "origin": "manual", "to_name": "text", "from_name": "label-intro"}, {"id": "D24LNMAKWG", "type": "labels", "value": {"end": 1436, "text": " We're seeing investment, we're investing in the audience network and we think it's important because it takes \u2013 it makes the ads more relevant. It's part of our overall ad tech push to bring the effectiveness and relevance of our ads off us. We're growing the number of advertisers and publishers, and we're continuing to see growth and we'll continue to invest. When you think about mobile app install ads, those are an important but relatively small part of our revenue. The important thing to understand here is that they're not only used by developers, they're used by all four marketer segments. So for example, HBO used our video retargeting mobile app install ads on Facebook to drive downloads at HBO now, and Facebook is now the number one channel driving subscribers. And I think when people think about our mobile app install ads they often think this only applies to developers and small companies, and really it's them as well but it's also companies like HBO which are using those ads to drive adoption and downloads.", "start": 404, "labels": ["ANSWER"]}, "origin": "manual", "to_name": "text", "from_name": "label-intro"}, {"id": "dINU13z08j", "type": "labels", "value": {"end": 1453, "text": "Deborah Crawford", "start": 1436, "labels": ["REPRESENTATIVE"]}, "origin": "manual", "to_name": "text", "from_name": "label-intro"}, {"id": "JObloyVyTN", "type": "labels", "value": {"end": 1563, "text": " Thank you for joining us today. We appreciate your time, and we look forward to speaking with you all again.", "start": 1454, "labels": ["ANSWER"]}, "origin": "manual", "to_name": "text", "from_name": "label-intro"}], "was_cancelled": false, "ground_truth": true, "created_at": "2022-02-04T10:03:51.597547Z", "updated_at": "2022-04-07T19:35:43.985401Z", "lead_time": 189587.78, "prediction": {}, "result_count": 0, "task": 17225, "parent_prediction": null, "parent_annotation": null}], "data": {"year": 2015, "company": "FB", "my_text": "\nOperator: Certainly. Your final question is from Brian Pitz with Jefferies. Your line is open.\nBrian J. Pitz: Thanks. Questions on audience network. Any updates here including a sense for the level of adoption you're seeing from developers? Also any synergies with the mobile app install product? And finally any comments on ad price comparisons to traditional News Feed ads? Thanks.\nSheryl K. Sandberg: We're seeing investment, we're investing in the audience network and we think it's important because it takes \u2013 it makes the ads more relevant. It's part of our overall ad tech push to bring the effectiveness and relevance of our ads off us. We're growing the number of advertisers and publishers, and we're continuing to see growth and we'll continue to invest. When you think about mobile app install ads, those are an important but relatively small part of our revenue. The important thing to understand here is that they're not only used by developers, they're used by all four marketer segments. So for example, HBO used our video retargeting mobile app install ads on Facebook to drive downloads at HBO now, and Facebook is now the number one channel driving subscribers. And I think when people think about our mobile app install ads they often think this only applies to developers and small companies, and really it's them as well but it's also companies like HBO which are using those ads to drive adoption and downloads.\nDeborah Crawford: Thank you for joining us today. We appreciate your time, and we look forward to speaking with you all again.", "quarter": 2}}