{"id": 17632, "annotations": [{"id": 17735, "completed_by": 2, "result": [{"type": "labels", "value": {"end": 9, "text": "Operator", "start": 0, "labels": ["OPERATOR"]}, "origin": "manual", "to_name": "text", "from_name": "label-intro"}, {"type": "labels", "value": {"end": 80, "text": ": Your next question comes from the line of John Blackledge from Cowen.", "start": 10, "labels": ["INTRO"]}, "origin": "manual", "to_name": "text", "from_name": "label-intro"}, {"type": "labels", "value": {"end": 96, "text": "John Blackledge", "start": 80, "labels": ["ANALYST"]}, "origin": "manual", "to_name": "text", "from_name": "label-intro"}, {"type": "labels", "value": {"end": 826, "text": ": Great, thank you, two questions on the Messenger ads. I recognize that it's early days, but just wondering if you think those ads will be more complementary for core Facebook and Instagram advertisers, or perhaps serve a different advertiser base or different use cases versus core Facebook and Instagram. And then second question will be, at the high end of the OpEx guide, it implies 53% year-over-year OpEx growth in the back half of the year versus plus 36% in the first half. Just wondering if you can discuss other key drivers of the OpEx growth in the back half of the year aside from head count. Should we consider investment in video content the number two driver of OpEx growth in the back half of the year? Thank you.", "start": 97, "labels": ["QUESTION"]}, "origin": "manual", "to_name": "text", "from_name": "label-intro"}, {"type": "labels", "value": {"end": 847, "text": "Sheryl Kara Sandberg", "start": 826, "labels": ["REPRESENTATIVE"]}, "origin": "manual", "to_name": "text", "from_name": "label-intro"}, {"type": "labels", "value": {"end": 2353, "text": ": On the Messenger ads, I think the way we think about it is, as Mark said, we have a lot of work to do to work on the format of that. This is not a feed-based product, and this is a messaging product. So it's a different consumer format, and we believe that the ad format should follow the consumer format, so it's really integrated as part of the experience. And that's where we have a lot of work to do. We do think that the advertiser base and the targeting and the measurement we offer once we figure out the format will be a very considerable advantage. We already have 5 million advertisers on Facebook, 1 million advertisers on Instagram. And one of the reasons we were able to scale into Instagram ads more quickly is because we were building off of the Facebook advertiser base. And similarly, the work we've done in Facebook and Instagram and Audience Network will help us expand to Messenger. But we really want to emphasize, especially since there are so many questions on Messenger monetization on this call, that we're going to be slow and deliberate. We are always looking at the long run. We do not manage this company quarter to quarter. We protect the consumer product and the consumer engagement. Messaging is really strategically important for the company and the long-term engagement with our users, and the organic feel of the engagement with businesses and consumers is where we will be focused. So it's early days this year, and it's going to continue to be early days for a while.", "start": 848, "labels": ["ANSWER"]}, "origin": "manual", "to_name": "text", "from_name": "label-intro"}, {"type": "labels", "value": {"end": 2369, "text": "David M. Wehner", "start": 2353, "labels": ["REPRESENTATIVE"]}, "origin": "manual", "to_name": "text", "from_name": "label-intro"}, {"type": "labels", "value": {"end": 3150, "text": ": So on the OpEx guide, clearly the biggest driver there is going to be the accelerating head count growth. In addition, I mentioned video content as being a driver. And then also, we're just supporting the global growth of the platform. We continue to see growth in users. We continue to see growth in time spent per DAU across the Facebook family of apps and Facebook, and we're bringing more data centers online and the like towards that growth. So those will start hitting cost of revenue with depreciation. So there's going to be a variety of contributions to that growth. But like you mentioned, I would point to both head count, specifically in R&D. R&D head count grew 48% year over year in Q2, and that's what's going to be a key driver along with the content layering in.", "start": 2370, "labels": ["ANSWER"]}, "origin": "manual", "to_name": "text", "from_name": "label-intro"}], "was_cancelled": false, "ground_truth": true, "created_at": "2022-02-04T10:25:34.004286Z", "updated_at": "2022-02-04T10:25:34.004291Z", "lead_time": null, "prediction": {}, "result_count": 0, "task": 17632, "parent_prediction": null, "parent_annotation": null}], "data": {"year": 2017, "company": "FB", "my_text": "\nOperator: Your next question comes from the line of John Blackledge from Cowen.\nJohn Blackledge: Great, thank you, two questions on the Messenger ads. I recognize that it's early days, but just wondering if you think those ads will be more complementary for core Facebook and Instagram advertisers, or perhaps serve a different advertiser base or different use cases versus core Facebook and Instagram. And then second question will be, at the high end of the OpEx guide, it implies 53% year-over-year OpEx growth in the back half of the year versus plus 36% in the first half. Just wondering if you can discuss other key drivers of the OpEx growth in the back half of the year aside from head count. Should we consider investment in video content the number two driver of OpEx growth in the back half of the year? Thank you.\nSheryl Kara Sandberg: On the Messenger ads, I think the way we think about it is, as Mark said, we have a lot of work to do to work on the format of that. This is not a feed-based product, and this is a messaging product. So it's a different consumer format, and we believe that the ad format should follow the consumer format, so it's really integrated as part of the experience. And that's where we have a lot of work to do. We do think that the advertiser base and the targeting and the measurement we offer once we figure out the format will be a very considerable advantage. We already have 5 million advertisers on Facebook, 1 million advertisers on Instagram. And one of the reasons we were able to scale into Instagram ads more quickly is because we were building off of the Facebook advertiser base. And similarly, the work we've done in Facebook and Instagram and Audience Network will help us expand to Messenger. But we really want to emphasize, especially since there are so many questions on Messenger monetization on this call, that we're going to be slow and deliberate. We are always looking at the long run. We do not manage this company quarter to quarter. We protect the consumer product and the consumer engagement. Messaging is really strategically important for the company and the long-term engagement with our users, and the organic feel of the engagement with businesses and consumers is where we will be focused. So it's early days this year, and it's going to continue to be early days for a while.\nDavid M. Wehner: So on the OpEx guide, clearly the biggest driver there is going to be the accelerating head count growth. In addition, I mentioned video content as being a driver. And then also, we're just supporting the global growth of the platform. We continue to see growth in users. We continue to see growth in time spent per DAU across the Facebook family of apps and Facebook, and we're bringing more data centers online and the like towards that growth. So those will start hitting cost of revenue with depreciation. So there's going to be a variety of contributions to that growth. But like you mentioned, I would point to both head count, specifically in R&D. R&D head count grew 48% year over year in Q2, and that's what's going to be a key driver along with the content layering in.", "quarter": 2}}