{"id": 17215, "annotations": [{"id": 17318, "completed_by": 2, "result": [{"type": "labels", "value": {"end": 9, "text": "Operator", "start": 0, "labels": ["OPERATOR"]}, "origin": "manual", "to_name": "text", "from_name": "label-intro"}, {"type": "labels", "value": {"end": 94, "text": ": Your next question is from John Blackledge with Cowen & Company. Your line is open.", "start": 10, "labels": ["INTRO"]}, "origin": "manual", "to_name": "text", "from_name": "label-intro"}, {"type": "labels", "value": {"end": 112, "text": "John R Blackledge", "start": 94, "labels": ["ANALYST"]}, "origin": "manual", "to_name": "text", "from_name": "label-intro"}, {"type": "labels", "value": {"end": 433, "text": ": Oh, great. Thank you. A couple of questions on video. Mark, I think you mentioned potentially some new options for video monetization. Maybe could you discuss some of the new options that we may see implemented? And just more broadly, how does video content evolve on Facebook from kind of what we see today? Thank you.", "start": 113, "labels": ["QUESTION"]}, "origin": "manual", "to_name": "text", "from_name": "label-intro"}, {"type": "labels", "value": {"end": 456, "text": "Mark Elliot Zuckerberg", "start": 433, "labels": ["REPRESENTATIVE"]}, "origin": "manual", "to_name": "text", "from_name": "label-intro"}, {"type": "labels", "value": {"end": 492, "text": ": Well, I can talk \u2013 oh, you want...", "start": 457, "labels": ["ANSWER"]}, "origin": "manual", "to_name": "text", "from_name": "label-intro"}, {"type": "labels", "value": {"end": 508, "text": "David M. Wehner", "start": 492, "labels": ["REPRESENTATIVE"]}, "origin": "manual", "to_name": "text", "from_name": "label-intro"}, {"type": "labels", "value": {"end": 527, "text": ": You can go first.", "start": 509, "labels": ["ANSWER"]}, "origin": "manual", "to_name": "text", "from_name": "label-intro"}, {"type": "labels", "value": {"end": 550, "text": "Mark Elliot Zuckerberg", "start": 527, "labels": ["REPRESENTATIVE"]}, "origin": "manual", "to_name": "text", "from_name": "label-intro"}, {"type": "labels", "value": {"end": 1109, "text": ": Yeah, I mean, on the options on video monetization, it's going to be, still our focus is going to be on continuing to grow autoplay and continuing to leverage the video unit in News Feed. That's going to be the primary driver of video growth for us. So that's really the main focus. We've got other areas that we're experimenting with like suggested videos, which are going to be very much like those ads in a feed of suggested videos, which are also an opportunity for us. But essentially, the focus is going to be on monetizing through feed ads for video.", "start": 551, "labels": ["ANSWER"]}, "origin": "manual", "to_name": "text", "from_name": "label-intro"}, {"type": "labels", "value": {"end": 1125, "text": "David M. Wehner", "start": 1109, "labels": ["REPRESENTATIVE"]}, "origin": "manual", "to_name": "text", "from_name": "label-intro"}, {"type": "labels", "value": {"end": 1148, "text": ": I think you got them.", "start": 1126, "labels": ["ANSWER"]}, "origin": "manual", "to_name": "text", "from_name": "label-intro"}], "was_cancelled": false, "ground_truth": true, "created_at": "2022-02-04T10:03:51.596805Z", "updated_at": "2022-02-04T10:03:51.596811Z", "lead_time": null, "prediction": {}, "result_count": 0, "task": 17215, "parent_prediction": null, "parent_annotation": null}], "data": {"year": 2015, "company": "FB", "my_text": "\nOperator: Your next question is from John Blackledge with Cowen & Company. Your line is open.\nJohn R Blackledge: Oh, great. Thank you. A couple of questions on video. Mark, I think you mentioned potentially some new options for video monetization. Maybe could you discuss some of the new options that we may see implemented? And just more broadly, how does video content evolve on Facebook from kind of what we see today? Thank you.\nMark Elliot Zuckerberg: Well, I can talk \u2013 oh, you want...\nDavid M. Wehner: You can go first.\nMark Elliot Zuckerberg: Yeah, I mean, on the options on video monetization, it's going to be, still our focus is going to be on continuing to grow autoplay and continuing to leverage the video unit in News Feed. That's going to be the primary driver of video growth for us. So that's really the main focus. We've got other areas that we're experimenting with like suggested videos, which are going to be very much like those ads in a feed of suggested videos, which are also an opportunity for us. But essentially, the focus is going to be on monetizing through feed ads for video.\nDavid M. Wehner: I think you got them.", "quarter": 2}}