{"id": 17254, "annotations": [{"id": 17357, "completed_by": 2, "result": [{"type": "labels", "value": {"end": 9, "text": "Operator", "start": 0, "labels": ["OPERATOR"]}, "origin": "manual", "to_name": "text", "from_name": "label-intro"}, {"type": "labels", "value": {"end": 91, "text": ": The next question is from Heather Bellini with Goldman Sachs. Your line is open.", "start": 10, "labels": ["INTRO"]}, "origin": "manual", "to_name": "text", "from_name": "label-intro"}, {"type": "labels", "value": {"end": 107, "text": "Heather Bellini", "start": 91, "labels": ["ANALYST"]}, "origin": "manual", "to_name": "text", "from_name": "label-intro"}, {"type": "labels", "value": {"end": 548, "text": ": Great, thank you. I was just wondering if you could share with us. How do you see Instagram's ramp impacting Facebook's ad growth in 2016, or if there's any color you could share with us about how that's been ramping? And also, if you can, share with us how advertisers are viewing the platform. Are you finding that it's typically more additive to their Facebook spending, or are they funding it with existing Facebook budgets? Thank you.", "start": 108, "labels": ["QUESTION"]}, "origin": "manual", "to_name": "text", "from_name": "label-intro"}, {"type": "labels", "value": {"end": 567, "text": "Sheryl K. Sandberg", "start": 548, "labels": ["REPRESENTATIVE"]}, "origin": "manual", "to_name": "text", "from_name": "label-intro"}, {"type": "labels", "value": {"end": 1290, "text": ": Facebook and Instagram are the two most important mobile ad platforms out there. In the short run, some of the spend is incremental and some isn't. There are people who will have a social budget or a digital budget. And as they move to Instagram, some of that will come from Facebook. In the medium to long run, we believe we compare very favorably with any other spend we can do because we have this very broad reach on both platforms plus the ability to target very specifically. So what you're seeing in our results right now are very strong growth for Facebook and very strong growth for Instagram. We hit 3 million advertisers for Facebook. We hit 200,000 for Instagram, and often the platforms really work together.", "start": 568, "labels": ["ANSWER"]}, "origin": "manual", "to_name": "text", "from_name": "label-intro"}], "was_cancelled": false, "ground_truth": true, "created_at": "2022-02-04T10:03:51.599810Z", "updated_at": "2022-02-04T10:03:51.599815Z", "lead_time": null, "prediction": {}, "result_count": 0, "task": 17254, "parent_prediction": null, "parent_annotation": null}], "data": {"year": 2016, "company": "FB", "my_text": "\nOperator: The next question is from Heather Bellini with Goldman Sachs. Your line is open.\nHeather Bellini: Great, thank you. I was just wondering if you could share with us. How do you see Instagram's ramp impacting Facebook's ad growth in 2016, or if there's any color you could share with us about how that's been ramping? And also, if you can, share with us how advertisers are viewing the platform. Are you finding that it's typically more additive to their Facebook spending, or are they funding it with existing Facebook budgets? Thank you.\nSheryl K. Sandberg: Facebook and Instagram are the two most important mobile ad platforms out there. In the short run, some of the spend is incremental and some isn't. There are people who will have a social budget or a digital budget. And as they move to Instagram, some of that will come from Facebook. In the medium to long run, we believe we compare very favorably with any other spend we can do because we have this very broad reach on both platforms plus the ability to target very specifically. So what you're seeing in our results right now are very strong growth for Facebook and very strong growth for Instagram. We hit 3 million advertisers for Facebook. We hit 200,000 for Instagram, and often the platforms really work together.", "quarter": 1}}