{"id": 17722, "annotations": [{"id": 17825, "completed_by": 2, "result": [{"type": "labels", "value": {"end": 9, "text": "Operator", "start": 0, "labels": ["OPERATOR"]}, "origin": "manual", "to_name": "text", "from_name": "label-intro"}, {"type": "labels", "value": {"end": 88, "text": ": Your next question comes from Justin Post from Bank of America Merrill Lynch.", "start": 10, "labels": ["INTRO"]}, "origin": "manual", "to_name": "text", "from_name": "label-intro"}, {"type": "labels", "value": {"end": 100, "text": "Justin Post", "start": 88, "labels": ["ANALYST"]}, "origin": "manual", "to_name": "text", "from_name": "label-intro"}, {"type": "labels", "value": {"end": 507, "text": ": Great. A couple of questions. Thank you. First, Dave, does your revenue outlook include any contemplated regulatory changes between now and the fall? And then second just kind of wondering if anything caused the expense forecast to go slightly down this year? And just maybe, if you could give us an update on the 35% long-term target margin you provided, I believe on the July call, last year? Thank you.", "start": 101, "labels": ["QUESTION"]}, "origin": "manual", "to_name": "text", "from_name": "label-intro"}, {"type": "labels", "value": {"end": 519, "text": "Dave Wehner", "start": 507, "labels": ["REPRESENTATIVE"]}, "origin": "manual", "to_name": "text", "from_name": "label-intro"}, {"type": "labels", "value": {"end": 1931, "text": ": Thanks, Justin. On the revenue outlook, I\u2019m not exactly sure what you\u2019re getting at with the contemplated regulatory changes. But I did cite that one of the factors in the expected deceleration was the ongoing impact of the evolution of the regulatory landscape from things like GDPR and the number of people, who are opting out of using context from third-party apps and websites. That is going to we expect continue to increase. As well as we\u2019re making our own product changes with things like tools for seeing and clearing your off-Facebook history and restricting use of some ad targeting. And some of that is in response to just the evolution of the regulatory landscape. So, I think it does factor into it. In terms of the expense guidance, we don\u2019t have a specific update on a long-term margin target. But I would just note that we are not changing our overall philosophy of continuing to invest aggressively across the business in these important areas like safety, and security and innovation, which are going to play into continued expense growth both in 2019 and 2020. No real change in there; it\u2019s more a question of pacing and better visibility on the pace of head count growth and investment in 2019. But the ultimate end outcome, I don\u2019t think is changing on that front. We\u2019re still expecting to continue to invest aggressively in the business, and that will have an impact on operating margins.", "start": 520, "labels": ["ANSWER"]}, "origin": "manual", "to_name": "text", "from_name": "label-intro"}], "was_cancelled": false, "ground_truth": true, "created_at": "2022-02-04T10:25:34.011367Z", "updated_at": "2022-02-04T10:25:34.011372Z", "lead_time": null, "prediction": {}, "result_count": 0, "task": 17722, "parent_prediction": null, "parent_annotation": null}], "data": {"year": 2019, "company": "FB", "my_text": "\nOperator: Your next question comes from Justin Post from Bank of America Merrill Lynch.\nJustin Post: Great. A couple of questions. Thank you. First, Dave, does your revenue outlook include any contemplated regulatory changes between now and the fall? And then second just kind of wondering if anything caused the expense forecast to go slightly down this year? And just maybe, if you could give us an update on the 35% long-term target margin you provided, I believe on the July call, last year? Thank you.\nDave Wehner: Thanks, Justin. On the revenue outlook, I\u2019m not exactly sure what you\u2019re getting at with the contemplated regulatory changes. But I did cite that one of the factors in the expected deceleration was the ongoing impact of the evolution of the regulatory landscape from things like GDPR and the number of people, who are opting out of using context from third-party apps and websites. That is going to we expect continue to increase. As well as we\u2019re making our own product changes with things like tools for seeing and clearing your off-Facebook history and restricting use of some ad targeting. And some of that is in response to just the evolution of the regulatory landscape. So, I think it does factor into it. In terms of the expense guidance, we don\u2019t have a specific update on a long-term margin target. But I would just note that we are not changing our overall philosophy of continuing to invest aggressively across the business in these important areas like safety, and security and innovation, which are going to play into continued expense growth both in 2019 and 2020. No real change in there; it\u2019s more a question of pacing and better visibility on the pace of head count growth and investment in 2019. But the ultimate end outcome, I don\u2019t think is changing on that front. We\u2019re still expecting to continue to invest aggressively in the business, and that will have an impact on operating margins.", "quarter": 1}}