{"id": 17612, "annotations": [{"id": 17715, "completed_by": 2, "result": [{"type": "labels", "value": {"end": 9, "text": "Operator", "start": 0, "labels": ["OPERATOR"]}, "origin": "manual", "to_name": "text", "from_name": "label-intro"}, {"type": "labels", "value": {"end": 100, "text": ": Your next question comes from the line of Justin Post from Bank of America Merrill Lynch.", "start": 10, "labels": ["INTRO"]}, "origin": "manual", "to_name": "text", "from_name": "label-intro"}, {"type": "labels", "value": {"end": 112, "text": "Justin Post", "start": 100, "labels": ["ANALYST"]}, "origin": "manual", "to_name": "text", "from_name": "label-intro"}, {"type": "labels", "value": {"end": 581, "text": ": Great, thank you, a couple things on advertising and modeling. When we think about Q1, can you help us at all think about how much the ad load growth is contributing and what drove the improvement in pricing in the quarter? And then, Dave, when you look out to the third quarter and you lap the ad blocking on desktop, are there more ad blocking you can do to help maintain that growth, or are there other drivers there for desktop that we can think about? Thank you.", "start": 113, "labels": ["QUESTION"]}, "origin": "manual", "to_name": "text", "from_name": "label-intro"}, {"type": "labels", "value": {"end": 597, "text": "David M. Wehner", "start": 581, "labels": ["REPRESENTATIVE"]}, "origin": "manual", "to_name": "text", "from_name": "label-intro"}, {"type": "labels", "value": {"end": 1563, "text": ": Sure, Justin. I'm not breaking out specific drivers on the supply side. Supply growth was healthy, and we had contributions from users' time spent and ad load in the quarter. In terms of what drove the improvement in the pricing, it's strong demand, so that's playing through in the face of a little bit slower supply growth. And so you're seeing \u2013 of course, the auction drives pricing and there has been interplay between the supply growth and the pricing growth, and we're seeing the strong demand play through on the pricing side. When we get to lapping our efforts on desktop, I do think you're going to \u2013 you have a secular trend away from desktop. So that's going be an overall factor in desktop, our ability to grow and maintain the desktop business, so I think that's an underlying factor. We're always going be in a back-and-forth with ad blockers on the desktop side. So I think that's going to constantly be a thing that plays into the desktop revenue.", "start": 598, "labels": ["ANSWER"]}, "origin": "manual", "to_name": "text", "from_name": "label-intro"}], "was_cancelled": false, "ground_truth": true, "created_at": "2022-02-04T10:25:34.002728Z", "updated_at": "2022-02-04T10:25:34.002734Z", "lead_time": null, "prediction": {}, "result_count": 0, "task": 17612, "parent_prediction": null, "parent_annotation": null}], "data": {"year": 2017, "company": "FB", "my_text": "\nOperator: Your next question comes from the line of Justin Post from Bank of America Merrill Lynch.\nJustin Post: Great, thank you, a couple things on advertising and modeling. When we think about Q1, can you help us at all think about how much the ad load growth is contributing and what drove the improvement in pricing in the quarter? And then, Dave, when you look out to the third quarter and you lap the ad blocking on desktop, are there more ad blocking you can do to help maintain that growth, or are there other drivers there for desktop that we can think about? Thank you.\nDavid M. Wehner: Sure, Justin. I'm not breaking out specific drivers on the supply side. Supply growth was healthy, and we had contributions from users' time spent and ad load in the quarter. In terms of what drove the improvement in the pricing, it's strong demand, so that's playing through in the face of a little bit slower supply growth. And so you're seeing \u2013 of course, the auction drives pricing and there has been interplay between the supply growth and the pricing growth, and we're seeing the strong demand play through on the pricing side. When we get to lapping our efforts on desktop, I do think you're going to \u2013 you have a secular trend away from desktop. So that's going be an overall factor in desktop, our ability to grow and maintain the desktop business, so I think that's an underlying factor. We're always going be in a back-and-forth with ad blockers on the desktop side. So I think that's going to constantly be a thing that plays into the desktop revenue.", "quarter": 1}}