{"id": 17221, "annotations": [{"id": 17324, "completed_by": 2, "result": [{"id": "y5Rsopv0g7", "type": "labels", "value": {"end": 9, "text": "Operator", "start": 0, "labels": ["OPERATOR"]}, "origin": "manual", "to_name": "text", "from_name": "label-intro"}, {"id": "lrXztiu9lb", "type": "labels", "value": {"end": 82, "text": " Your next question is from Paul Vogel with Barclays. Your line is open.", "start": 10, "labels": ["INTRO"]}, "origin": "manual", "to_name": "text", "from_name": "label-intro"}, {"id": "0yZGh6oF6N", "type": "labels", "value": {"end": 93, "text": "Paul Vogel", "start": 82, "labels": ["ANALYST"]}, "origin": "manual", "to_name": "text", "from_name": "label-intro"}, {"id": "hA1639RMGs", "type": "labels", "value": {"end": 586, "text": " Great. Thanks. Kind of a similar follow-up question to Mark's. Your DAU to MAU number has been exceptionally strong and moving up. I'm going to guess a lot of that is mobile related. So I guess that would be question number one. Is it a lot mobile? And the second question would be sort of again around this real-time issue. Are you seeing more real-time usage of Facebook and are you developing more products specifically around kind of real-time usage of Facebook as a platform? Thank you.", "start": 94, "labels": ["QUESTION"]}, "origin": "manual", "to_name": "text", "from_name": "label-intro"}, {"id": "Eh8hiscB1s", "type": "labels", "value": {"end": 609, "text": "Mark Elliot Zuckerberg", "start": 586, "labels": ["REPRESENTATIVE"]}, "origin": "manual", "to_name": "text", "from_name": "label-intro"}, {"id": "AwbpB6U5pA", "type": "labels", "value": {"end": 1689, "text": " I think a lot of it is that we're getting better and better at ranking and showing people the content they want. And part of it is that there's of course a bigger opportunity when people have their phones with them all the time, but I think that there are plenty of other worlds that we could be living in where we wouldn't have necessarily executed on that opportunity. And the execution is hard, right? And just kind of having something that's appealing universally to people wanting to stay connected with their friends, that's an important piece of it. But I mean, the team has just done really good work in terms of ranking the content and making the experience faster and building out better ways to get feedback from our community on what kinds of content they want to see in News Feed and helping people have the tools that they need to share the social content and news and video content that they want so that way it exists in the corpus of content that can be shown. And I just think the team is doing a really good work on all of these, and I'm really proud of them.", "start": 610, "labels": ["ANSWER"]}, "origin": "manual", "to_name": "text", "from_name": "label-intro"}, {"id": "7w_CMe4ru1", "type": "labels", "value": {"end": 1705, "text": "David M. Wehner", "start": 1689, "labels": ["REPRESENTATIVE"]}, "origin": "manual", "to_name": "text", "from_name": "label-intro"}, {"id": "veHoCnxJBD", "type": "labels", "value": {"end": 2064, "text": " And, Paul, there's no doubt that mobile has a beneficial effect on our engagement in the U.S. Two out of three smartphone users check their phone as soon as they wake up in the morning. It's just having that experience readily available in your pocket is tremendous, and we just see that being helpful across the business as it relates to mobile engagement.", "start": 1706, "labels": ["ANSWER"]}, "origin": "manual", "to_name": "text", "from_name": "label-intro"}], "was_cancelled": false, "ground_truth": true, "created_at": "2022-02-04T10:03:51.597257Z", "updated_at": "2022-04-07T18:14:53.338872Z", "lead_time": 184737.259, "prediction": {}, "result_count": 0, "task": 17221, "parent_prediction": null, "parent_annotation": null}], "data": {"year": 2015, "company": "FB", "my_text": "\nOperator: Your next question is from Paul Vogel with Barclays. Your line is open.\nPaul Vogel: Great. Thanks. Kind of a similar follow-up question to Mark's. Your DAU to MAU number has been exceptionally strong and moving up. I'm going to guess a lot of that is mobile related. So I guess that would be question number one. Is it a lot mobile? And the second question would be sort of again around this real-time issue. Are you seeing more real-time usage of Facebook and are you developing more products specifically around kind of real-time usage of Facebook as a platform? Thank you.\nMark Elliot Zuckerberg: I think a lot of it is that we're getting better and better at ranking and showing people the content they want. And part of it is that there's of course a bigger opportunity when people have their phones with them all the time, but I think that there are plenty of other worlds that we could be living in where we wouldn't have necessarily executed on that opportunity. And the execution is hard, right? And just kind of having something that's appealing universally to people wanting to stay connected with their friends, that's an important piece of it. But I mean, the team has just done really good work in terms of ranking the content and making the experience faster and building out better ways to get feedback from our community on what kinds of content they want to see in News Feed and helping people have the tools that they need to share the social content and news and video content that they want so that way it exists in the corpus of content that can be shown. And I just think the team is doing a really good work on all of these, and I'm really proud of them.\nDavid M. Wehner: And, Paul, there's no doubt that mobile has a beneficial effect on our engagement in the U.S. Two out of three smartphone users check their phone as soon as they wake up in the morning. It's just having that experience readily available in your pocket is tremendous, and we just see that being helpful across the business as it relates to mobile engagement.", "quarter": 2}}