{"id": 17269, "annotations": [{"id": 17372, "completed_by": 2, "result": [{"type": "labels", "value": {"end": 9, "text": "Operator", "start": 0, "labels": ["OPERATOR"]}, "origin": "manual", "to_name": "text", "from_name": "label-intro"}, {"type": "labels", "value": {"end": 88, "text": ": The next question is from Ross Sandler with Deutsche Bank. Your line is open.", "start": 10, "labels": ["INTRO"]}, "origin": "manual", "to_name": "text", "from_name": "label-intro"}, {"type": "labels", "value": {"end": 101, "text": "Ross Sandler", "start": 88, "labels": ["ANALYST"]}, "origin": "manual", "to_name": "text", "from_name": "label-intro"}, {"type": "labels", "value": {"end": 819, "text": ": Great. I had two product related questions for Mark. So, Mark, you guys mentioned when you released the latest Instagram MAU crossing the 500 million mark, you give out the breakdown of U.S., international. It looks like U.S. has been around 100 million for about the past nine months. So is that just a pause along the growth path or is there something else that you're seeing that's causing that growth to stall out a bit in light of what you just said about engagement being up since you did the algorithm reranking? Any color there would be helpful. And then the second question is just any update on Messenger M and how do you see that product potentially impacting engagement monetization on Messenger? Thanks.", "start": 102, "labels": ["QUESTION"]}, "origin": "manual", "to_name": "text", "from_name": "label-intro"}, {"type": "labels", "value": {"end": 835, "text": "David M. Wehner", "start": 819, "labels": ["REPRESENTATIVE"]}, "origin": "manual", "to_name": "text", "from_name": "label-intro"}, {"type": "labels", "value": {"end": 892, "text": ": On any update on M, I can start with that one. Do you -", "start": 836, "labels": ["ANSWER"]}, "origin": "manual", "to_name": "text", "from_name": "label-intro"}, {"type": "labels", "value": {"end": 915, "text": "Mark Elliot Zuckerberg", "start": 892, "labels": ["REPRESENTATIVE"]}, "origin": "manual", "to_name": "text", "from_name": "label-intro"}, {"type": "labels", "value": {"end": 946, "text": ": I was going to take that one.", "start": 916, "labels": ["ANSWER"]}, "origin": "manual", "to_name": "text", "from_name": "label-intro"}, {"type": "labels", "value": {"end": 962, "text": "David M. Wehner", "start": 946, "labels": ["REPRESENTATIVE"]}, "origin": "manual", "to_name": "text", "from_name": "label-intro"}, {"type": "labels", "value": {"end": 1155, "text": ": Oh. You were going to take that one? On the Instagram MAU question, I don't think we're breaking out by region Instagram MAU. So, no, I don't think there's any update there that I'm aware of.", "start": 963, "labels": ["ANSWER"]}, "origin": "manual", "to_name": "text", "from_name": "label-intro"}, {"type": "labels", "value": {"end": 1178, "text": "Mark Elliot Zuckerberg", "start": 1155, "labels": ["REPRESENTATIVE"]}, "origin": "manual", "to_name": "text", "from_name": "label-intro"}, {"type": "labels", "value": {"end": 1224, "text": ": Okay. Yeah, so we just haven't updated that.", "start": 1179, "labels": ["ANSWER"]}, "origin": "manual", "to_name": "text", "from_name": "label-intro"}, {"type": "labels", "value": {"end": 1240, "text": "David M. Wehner", "start": 1224, "labels": ["REPRESENTATIVE"]}, "origin": "manual", "to_name": "text", "from_name": "label-intro"}, {"type": "labels", "value": {"end": 1258, "text": ": Yeah, all right.", "start": 1241, "labels": ["ANSWER"]}, "origin": "manual", "to_name": "text", "from_name": "label-intro"}, {"type": "labels", "value": {"end": 1281, "text": "Mark Elliot Zuckerberg", "start": 1258, "labels": ["REPRESENTATIVE"]}, "origin": "manual", "to_name": "text", "from_name": "label-intro"}, {"type": "labels", "value": {"end": 2841, "text": ": Yeah, so for M, we've released the Messenger platform M bot in the last six months \u2013 F8 was the big announcement there. And I think since then, I think we've announced we have more than 10,000 bots in the system, which are basically making it so that different businesses can build automated ways to communicate with people. The way we think about this experience is that, qualitatively, I don't know a single person really who wants to call a business to get support or interact with it. Whether that's trying to get a reservation for a restaurant or getting customer support or calling to buy something. And those are slow interactions. They're synchronous. They consume your whole attention while you're doing them. And if we can make it so that you can have some of those interactions in an automated way where you fire off a text and then just get a response back quickly, but asynchronously so it doesn't take up your full attention, then I think that's going to be a much better experience that people really enjoy and like. So we're in the experimentation phase I think with the platform. We're seeing a lot of good ideas getting tried out. And I personally enjoy a lot of the different bots that people are using or making, especially the news one where you get these digests at the end of the day of different kinds of content. And between that and M, which is kind of our own internal bot that we're building, I think that this is going to be an interesting area to watch and encourage more interaction between people and businesses and messaging.", "start": 1282, "labels": ["ANSWER"]}, "origin": "manual", "to_name": "text", "from_name": "label-intro"}], "was_cancelled": false, "ground_truth": true, "created_at": "2022-02-04T10:03:51.601023Z", "updated_at": "2022-02-04T10:03:51.601030Z", "lead_time": null, "prediction": {}, "result_count": 0, "task": 17269, "parent_prediction": null, "parent_annotation": null}], "data": {"year": 2016, "company": "FB", "my_text": "\nOperator: The next question is from Ross Sandler with Deutsche Bank. Your line is open.\nRoss Sandler: Great. I had two product related questions for Mark. So, Mark, you guys mentioned when you released the latest Instagram MAU crossing the 500 million mark, you give out the breakdown of U.S., international. It looks like U.S. has been around 100 million for about the past nine months. So is that just a pause along the growth path or is there something else that you're seeing that's causing that growth to stall out a bit in light of what you just said about engagement being up since you did the algorithm reranking? Any color there would be helpful. And then the second question is just any update on Messenger M and how do you see that product potentially impacting engagement monetization on Messenger? Thanks.\nDavid M. Wehner: On any update on M, I can start with that one. Do you -\nMark Elliot Zuckerberg: I was going to take that one.\nDavid M. Wehner: Oh. You were going to take that one? On the Instagram MAU question, I don't think we're breaking out by region Instagram MAU. So, no, I don't think there's any update there that I'm aware of.\nMark Elliot Zuckerberg: Okay. Yeah, so we just haven't updated that.\nDavid M. Wehner: Yeah, all right.\nMark Elliot Zuckerberg: Yeah, so for M, we've released the Messenger platform M bot in the last six months \u2013 F8 was the big announcement there. And I think since then, I think we've announced we have more than 10,000 bots in the system, which are basically making it so that different businesses can build automated ways to communicate with people. The way we think about this experience is that, qualitatively, I don't know a single person really who wants to call a business to get support or interact with it. Whether that's trying to get a reservation for a restaurant or getting customer support or calling to buy something. And those are slow interactions. They're synchronous. They consume your whole attention while you're doing them. And if we can make it so that you can have some of those interactions in an automated way where you fire off a text and then just get a response back quickly, but asynchronously so it doesn't take up your full attention, then I think that's going to be a much better experience that people really enjoy and like. So we're in the experimentation phase I think with the platform. We're seeing a lot of good ideas getting tried out. And I personally enjoy a lot of the different bots that people are using or making, especially the news one where you get these digests at the end of the day of different kinds of content. And between that and M, which is kind of our own internal bot that we're building, I think that this is going to be an interesting area to watch and encourage more interaction between people and businesses and messaging.", "quarter": 2}}