{"id": 17692, "annotations": [{"id": 17795, "completed_by": 2, "result": [{"type": "labels", "value": {"end": 9, "text": "Operator", "start": 0, "labels": ["OPERATOR"]}, "origin": "manual", "to_name": "text", "from_name": "label-intro"}, {"type": "labels", "value": {"end": 32, "text": ": Your next question...", "start": 10, "labels": ["INTRO"]}, "origin": "manual", "to_name": "text", "from_name": "label-intro"}, {"type": "labels", "value": {"end": 55, "text": "Mark Elliot Zuckerberg", "start": 32, "labels": ["REPRESENTATIVE"]}, "origin": "manual", "to_name": "text", "from_name": "label-intro"}, {"type": "labels", "value": {"end": 911, "text": ": And I can quickly answer the second part around data centers. I mean the quick answer is that we're not planning on going in to the cloud services. We're not planning on doing that. We have to build out all this capacity to serve our community. It's a very computationally and resource-intensive set of services that we provide and we need to build that out. We are very optimistic. I'm very optimistic about AI overall and being able to use more computing resources to be able to crunch more data to be able to rank News Feed and ads and search and friend suggestions, and all the important things that we use our AI systems to do in addition to the integrity and security work. Part of the advance in AI technology now allows us to use more compute to use all the data that's in the system to provide better results, so we certainly plan on doing that.", "start": 56, "labels": ["ANSWER"]}, "origin": "manual", "to_name": "text", "from_name": "label-intro"}], "was_cancelled": false, "ground_truth": true, "created_at": "2022-02-04T10:25:34.008912Z", "updated_at": "2022-02-04T10:25:34.008918Z", "lead_time": null, "prediction": {}, "result_count": 0, "task": 17692, "parent_prediction": null, "parent_annotation": null}], "data": {"year": 2018, "company": "FB", "my_text": "\nOperator: Your next question...\nMark Elliot Zuckerberg: And I can quickly answer the second part around data centers. I mean the quick answer is that we're not planning on going in to the cloud services. We're not planning on doing that. We have to build out all this capacity to serve our community. It's a very computationally and resource-intensive set of services that we provide and we need to build that out. We are very optimistic. I'm very optimistic about AI overall and being able to use more computing resources to be able to crunch more data to be able to rank News Feed and ads and search and friend suggestions, and all the important things that we use our AI systems to do in addition to the integrity and security work. Part of the advance in AI technology now allows us to use more compute to use all the data that's in the system to provide better results, so we certainly plan on doing that.", "quarter": 2}}