{"id": 17620, "annotations": [{"id": 17723, "completed_by": 2, "result": [{"type": "labels", "value": {"end": 9, "text": "Operator", "start": 0, "labels": ["OPERATOR"]}, "origin": "manual", "to_name": "text", "from_name": "label-intro"}, {"type": "labels", "value": {"end": 93, "text": ": Your next question comes from the line of Michael Nathanson from MoffettNathanson.", "start": 10, "labels": ["INTRO"]}, "origin": "manual", "to_name": "text", "from_name": "label-intro"}, {"type": "labels", "value": {"end": 114, "text": "Michael B. Nathanson", "start": 93, "labels": ["ANALYST"]}, "origin": "manual", "to_name": "text", "from_name": "label-intro"}, {"type": "labels", "value": {"end": 738, "text": ": Thanks. I have three philosophical questions on video for you guys. Anyone can grab them. The first is, it was interesting to see the NFL games go from Twitter to Amazon. I wonder. Do the NFL games fit with your video strategy, and why or why not? That's one. Two is, I know the model is revenue share, but a lot of the more traditional companies would like a license fee or the ability to sell their own inventory on your platform. Is that something you'd consider? And last but not least, the question about monetization, why is mid-roll optimal to pre-roll, and can you share anything about the testing of that concept?", "start": 115, "labels": ["QUESTION"]}, "origin": "manual", "to_name": "text", "from_name": "label-intro"}, {"type": "labels", "value": {"end": 761, "text": "Mark Elliot Zuckerberg", "start": 738, "labels": ["REPRESENTATIVE"]}, "origin": "manual", "to_name": "text", "from_name": "label-intro"}, {"type": "labels", "value": {"end": 1683, "text": ": I can talk about sports. So in terms of experimenting with different content, I think we'll try a number of different things here. In terms of working with folks to produce all kinds of content, sports is probably something that we'll want to try at some point. But again, like Dave said before, the goal is going to be creating some anchor content initially that helps people learn that going to the video tab that that's a great destination where they can explore and come to Facebook with the intent to watch the videos that they want. And then the long-term goal is actually not to be paying for specific content like that, but doing a revenue share model once the whole economy around video on Facebook is built up. But we're working on that, and I think we'll probably look at different pieces of content like this around the world, but at this point don't feel like any specific one of them is a must-have for us.", "start": 762, "labels": ["ANSWER"]}, "origin": "manual", "to_name": "text", "from_name": "label-intro"}, {"type": "labels", "value": {"end": 1699, "text": "David M. Wehner", "start": 1683, "labels": ["REPRESENTATIVE"]}, "origin": "manual", "to_name": "text", "from_name": "label-intro"}, {"type": "labels", "value": {"end": 2368, "text": ": And I think Mark touched on the question of business model here, and our focus really is on revenue share. We'll be investing to kick-start the ecosystem with content, so derisking it for some of our content partners to start off with, but the focus is really to build a rev-share model over time that's sustainable. That's the focus as opposed to other models. In terms of why mid-roll is preferable to pre-roll, Facebook is well suited for shorter-form content where we're ranking things to be longer-form as well. So we're ranking longer-form video, but that's still relatively short video views. And for that reason, we think mid-roll is a better user experience.", "start": 1700, "labels": ["ANSWER"]}, "origin": "manual", "to_name": "text", "from_name": "label-intro"}, {"type": "labels", "value": {"end": 2385, "text": "Deborah Crawford", "start": 2368, "labels": ["REPRESENTATIVE"]}, "origin": "manual", "to_name": "text", "from_name": "label-intro"}, {"type": "labels", "value": {"end": 2440, "text": ": Operator, I think we have time for one last question.", "start": 2386, "labels": ["ANSWER"]}, "origin": "manual", "to_name": "text", "from_name": "label-intro"}], "was_cancelled": false, "ground_truth": true, "created_at": "2022-02-04T10:25:34.003414Z", "updated_at": "2022-02-04T10:25:34.003420Z", "lead_time": null, "prediction": {}, "result_count": 0, "task": 17620, "parent_prediction": null, "parent_annotation": null}], "data": {"year": 2017, "company": "FB", "my_text": "\nOperator: Your next question comes from the line of Michael Nathanson from MoffettNathanson.\nMichael B. Nathanson: Thanks. I have three philosophical questions on video for you guys. Anyone can grab them. The first is, it was interesting to see the NFL games go from Twitter to Amazon. I wonder. Do the NFL games fit with your video strategy, and why or why not? That's one. Two is, I know the model is revenue share, but a lot of the more traditional companies would like a license fee or the ability to sell their own inventory on your platform. Is that something you'd consider? And last but not least, the question about monetization, why is mid-roll optimal to pre-roll, and can you share anything about the testing of that concept?\nMark Elliot Zuckerberg: I can talk about sports. So in terms of experimenting with different content, I think we'll try a number of different things here. In terms of working with folks to produce all kinds of content, sports is probably something that we'll want to try at some point. But again, like Dave said before, the goal is going to be creating some anchor content initially that helps people learn that going to the video tab that that's a great destination where they can explore and come to Facebook with the intent to watch the videos that they want. And then the long-term goal is actually not to be paying for specific content like that, but doing a revenue share model once the whole economy around video on Facebook is built up. But we're working on that, and I think we'll probably look at different pieces of content like this around the world, but at this point don't feel like any specific one of them is a must-have for us.\nDavid M. Wehner: And I think Mark touched on the question of business model here, and our focus really is on revenue share. We'll be investing to kick-start the ecosystem with content, so derisking it for some of our content partners to start off with, but the focus is really to build a rev-share model over time that's sustainable. That's the focus as opposed to other models. In terms of why mid-roll is preferable to pre-roll, Facebook is well suited for shorter-form content where we're ranking things to be longer-form as well. So we're ranking longer-form video, but that's still relatively short video views. And for that reason, we think mid-roll is a better user experience.\nDeborah Crawford: Operator, I think we have time for one last question.", "quarter": 1}}