{"id": 17721, "annotations": [{"id": 17824, "completed_by": 2, "result": [{"type": "labels", "value": {"end": 9, "text": "Operator", "start": 0, "labels": ["OPERATOR"]}, "origin": "manual", "to_name": "text", "from_name": "label-intro"}, {"type": "labels", "value": {"end": 64, "text": ": Your next question comes from Eric Sheridan from UBS.", "start": 10, "labels": ["INTRO"]}, "origin": "manual", "to_name": "text", "from_name": "label-intro"}, {"type": "labels", "value": {"end": 78, "text": "Eric Sheridan", "start": 64, "labels": ["ANALYST"]}, "origin": "manual", "to_name": "text", "from_name": "label-intro"}, {"type": "labels", "value": {"end": 1145, "text": ": Thanks for taking the question. Maybe two if I can. Mark, for you, I guess as we read your statements and listened to you on the calls over the last sort of a year and a half, the end of 2017, I think investors are still trying to figure out the future business model and monetization path for Facebook as a company. Is it more media consumption and advertising driven or do you think you are in the process of a pivot towards more e-commerce? And we know there\u2019s a privacy focus over all of that. But I\u2019d love sort of your view on how you think about the puts and takes between an ad driven model and an e-commerce driven model or somewhere in between those two as you look out over the next three to five years? And I don\u2019t know if this is best for Dave or not, but on the FTC, you threw out 3 billion to 5 billion, what sort of probability should we assume to that being the likely outcome within that range and how should we think about some of the changes if any that might happen to the business model if you were to settle with the FTC? Thanks so much, guys.", "start": 79, "labels": ["QUESTION"]}, "origin": "manual", "to_name": "text", "from_name": "label-intro"}, {"type": "labels", "value": {"end": 1157, "text": "Dave Wehner", "start": 1145, "labels": ["REPRESENTATIVE"]}, "origin": "manual", "to_name": "text", "from_name": "label-intro"}, {"type": "labels", "value": {"end": 1671, "text": ": I can take for the FTC one first, Eric. Look, the accruals and accounting entry related to the ongoing settlement discussions that we\u2019re having with the FTC. This matter\u2019s not resolved, so the actual amount of payment remains uncertain. However, we\u2019re estimating this range of loss to be $3 billion to $5 billion. Can\u2019t really comment further as this is an ongoing matter. We booked at the low end of the range in accordance with the applicable accounting guidance. So, really not much more to add on that front.", "start": 1158, "labels": ["ANSWER"]}, "origin": "manual", "to_name": "text", "from_name": "label-intro"}, {"type": "labels", "value": {"end": 1687, "text": "Mark Zuckerberg", "start": 1671, "labels": ["REPRESENTATIVE"]}, "origin": "manual", "to_name": "text", "from_name": "label-intro"}, {"type": "labels", "value": {"end": 3179, "text": ": Sure. And in-between advertising and commerce, it\u2019s really a continuous spectrum and they\u2019re not two different things, right? Advertising is going to be the way that the revenue comes in for the foreseeable future, but what we expect is as we build out more commerce-related features around shopping, and Instagram and Marketplace and Facebook and certainly, the private social platform that we\u2019re \u2013 that I\u2019ve been talking about I think will lend itself to private interactions around payments and commerce and interacting with businesses in that way, I think what we\u2019re going this is we\u2019re going to build more tools for people to buy things directly through the platform. But I would expect that that will mostly come and affect the business through as those products that we build help businesses convert better, they\u2019ll \u2013 it will be more valuable to them and therefore that\u2019ll translate into higher bids for the advertising and that\u2019ll be how we see it. Over the long-term, if Payments becomes a really important part of what we do, we can \u2013 we\u2019ll have some options and choices about how we choose to \u2013 how to have the revenue flow to us in the future. But for the near-term, the way that we\u2019re thinking about it is offering as many of these things at cost and for free as possible to deliver as much value to small businesses and businesses around the world. And I would imagine that that will come and contribute to our business through advertising in the way that it has historically.", "start": 1688, "labels": ["ANSWER"]}, "origin": "manual", "to_name": "text", "from_name": "label-intro"}], "was_cancelled": false, "ground_truth": true, "created_at": "2022-02-04T10:25:34.011293Z", "updated_at": "2022-02-04T10:25:34.011299Z", "lead_time": null, "prediction": {}, "result_count": 0, "task": 17721, "parent_prediction": null, "parent_annotation": null}], "data": {"year": 2019, "company": "FB", "my_text": "\nOperator: Your next question comes from Eric Sheridan from UBS.\nEric Sheridan: Thanks for taking the question. Maybe two if I can. Mark, for you, I guess as we read your statements and listened to you on the calls over the last sort of a year and a half, the end of 2017, I think investors are still trying to figure out the future business model and monetization path for Facebook as a company. Is it more media consumption and advertising driven or do you think you are in the process of a pivot towards more e-commerce? And we know there\u2019s a privacy focus over all of that. But I\u2019d love sort of your view on how you think about the puts and takes between an ad driven model and an e-commerce driven model or somewhere in between those two as you look out over the next three to five years? And I don\u2019t know if this is best for Dave or not, but on the FTC, you threw out 3 billion to 5 billion, what sort of probability should we assume to that being the likely outcome within that range and how should we think about some of the changes if any that might happen to the business model if you were to settle with the FTC? Thanks so much, guys.\nDave Wehner: I can take for the FTC one first, Eric. Look, the accruals and accounting entry related to the ongoing settlement discussions that we\u2019re having with the FTC. This matter\u2019s not resolved, so the actual amount of payment remains uncertain. However, we\u2019re estimating this range of loss to be $3 billion to $5 billion. Can\u2019t really comment further as this is an ongoing matter. We booked at the low end of the range in accordance with the applicable accounting guidance. So, really not much more to add on that front.\nMark Zuckerberg: Sure. And in-between advertising and commerce, it\u2019s really a continuous spectrum and they\u2019re not two different things, right? Advertising is going to be the way that the revenue comes in for the foreseeable future, but what we expect is as we build out more commerce-related features around shopping, and Instagram and Marketplace and Facebook and certainly, the private social platform that we\u2019re \u2013 that I\u2019ve been talking about I think will lend itself to private interactions around payments and commerce and interacting with businesses in that way, I think what we\u2019re going this is we\u2019re going to build more tools for people to buy things directly through the platform. But I would expect that that will mostly come and affect the business through as those products that we build help businesses convert better, they\u2019ll \u2013 it will be more valuable to them and therefore that\u2019ll translate into higher bids for the advertising and that\u2019ll be how we see it. Over the long-term, if Payments becomes a really important part of what we do, we can \u2013 we\u2019ll have some options and choices about how we choose to \u2013 how to have the revenue flow to us in the future. But for the near-term, the way that we\u2019re thinking about it is offering as many of these things at cost and for free as possible to deliver as much value to small businesses and businesses around the world. And I would imagine that that will come and contribute to our business through advertising in the way that it has historically.", "quarter": 1}}