{"id": 17724, "annotations": [{"id": 17827, "completed_by": 2, "result": [{"type": "labels", "value": {"end": 9, "text": "Operator", "start": 0, "labels": ["OPERATOR"]}, "origin": "manual", "to_name": "text", "from_name": "label-intro"}, {"type": "labels", "value": {"end": 60, "text": ": Your next question comes from Mark May from Citi.", "start": 10, "labels": ["INTRO"]}, "origin": "manual", "to_name": "text", "from_name": "label-intro"}, {"type": "labels", "value": {"end": 69, "text": "Mark May", "start": 60, "labels": ["ANALYST"]}, "origin": "manual", "to_name": "text", "from_name": "label-intro"}, {"type": "labels", "value": {"end": 681, "text": ": Thank you. To Sheryl's earlier point about the evolution of Stories, the perception is the core Facebook user adoption of Stories format has been \u2013 hasn't been all that meaningful. How would you characterize the adoption on core Facebook? And if it is in fact relatively low, is that important for the company to address? And then secondly with impression growth of, I think you said, Dave, 32%, that's obviously significantly higher than the 8% growth in MAUs. What would you largely attribute that to? Is that a reflection of improving engagement or the ability to kind of increase ad loads globally? Thanks.", "start": 70, "labels": ["QUESTION"]}, "origin": "manual", "to_name": "text", "from_name": "label-intro"}, {"type": "labels", "value": {"end": 697, "text": "Sheryl Sandberg", "start": 681, "labels": ["REPRESENTATIVE"]}, "origin": "manual", "to_name": "text", "from_name": "label-intro"}, {"type": "labels", "value": {"end": 1479, "text": ": So on Facebook Stories, we have 0.5 billion people using it daily, and we think that's pretty impressive growth; we're seeing real engagement. In ads in Stories, we rolled out globally about 1.5 years after launching Instagram so it's still early but we're definitely seeing a lot of value for businesses on Instagram, and we believe same on Facebook. To share one example, a local e-commerce jewelry brand called Lokai started donating 10% of their net profits to charitable partners. And they started running video ads in Facebook Stories and News Feed. And just the addition of Facebook Stories drove 26% more additions to their checkout cart. So I think we are seeing that \u2013 including on Facebook, including in ads even though it's earlier \u2013 the additional opportunity is big.", "start": 698, "labels": ["ANSWER"]}, "origin": "manual", "to_name": "text", "from_name": "label-intro"}, {"type": "labels", "value": {"end": 1491, "text": "Dave Wehner", "start": 1479, "labels": ["REPRESENTATIVE"]}, "origin": "manual", "to_name": "text", "from_name": "label-intro"}, {"type": "labels", "value": {"end": 2461, "text": ": So Mark, it's Dave. So in the impression growth I sort of cited the drivers in order of impact, and I listed Instagram Stories first and then Instagram Feed. Stories it is the biggest individual driver of impression growth, and we talked about how that is coming through at lower prices. And there's some opportunity to increase \u2013 we were seeing increased engagement in Stories and there's some opportunity to increase load growing forward. On Instagram Feed, which was the second factor, we have seen some increase in ad load on Instagram on a year-over-year basis, but we expect that there'll be less significant growth opportunities going forward on Instagram Feed ad load. And then finally, you've got \u2013 you have Facebook Feed which we're still seeing impression growth and that's coming around the globe. And we're tending to see growth in \u2013 outside the U.S. and Canada. So that gives you some color on the sort of the type of impression growth that we're seeing.", "start": 1492, "labels": ["ANSWER"]}, "origin": "manual", "to_name": "text", "from_name": "label-intro"}], "was_cancelled": false, "ground_truth": true, "created_at": "2022-02-04T10:25:34.011530Z", "updated_at": "2022-02-04T10:25:34.011535Z", "lead_time": null, "prediction": {}, "result_count": 0, "task": 17724, "parent_prediction": null, "parent_annotation": null}], "data": {"year": 2019, "company": "FB", "my_text": "\nOperator: Your next question comes from Mark May from Citi.\nMark May: Thank you. To Sheryl's earlier point about the evolution of Stories, the perception is the core Facebook user adoption of Stories format has been \u2013 hasn't been all that meaningful. How would you characterize the adoption on core Facebook? And if it is in fact relatively low, is that important for the company to address? And then secondly with impression growth of, I think you said, Dave, 32%, that's obviously significantly higher than the 8% growth in MAUs. What would you largely attribute that to? Is that a reflection of improving engagement or the ability to kind of increase ad loads globally? Thanks.\nSheryl Sandberg: So on Facebook Stories, we have 0.5 billion people using it daily, and we think that's pretty impressive growth; we're seeing real engagement. In ads in Stories, we rolled out globally about 1.5 years after launching Instagram so it's still early but we're definitely seeing a lot of value for businesses on Instagram, and we believe same on Facebook. To share one example, a local e-commerce jewelry brand called Lokai started donating 10% of their net profits to charitable partners. And they started running video ads in Facebook Stories and News Feed. And just the addition of Facebook Stories drove 26% more additions to their checkout cart. So I think we are seeing that \u2013 including on Facebook, including in ads even though it's earlier \u2013 the additional opportunity is big.\nDave Wehner: So Mark, it's Dave. So in the impression growth I sort of cited the drivers in order of impact, and I listed Instagram Stories first and then Instagram Feed. Stories it is the biggest individual driver of impression growth, and we talked about how that is coming through at lower prices. And there's some opportunity to increase \u2013 we were seeing increased engagement in Stories and there's some opportunity to increase load growing forward. On Instagram Feed, which was the second factor, we have seen some increase in ad load on Instagram on a year-over-year basis, but we expect that there'll be less significant growth opportunities going forward on Instagram Feed ad load. And then finally, you've got \u2013 you have Facebook Feed which we're still seeing impression growth and that's coming around the globe. And we're tending to see growth in \u2013 outside the U.S. and Canada. So that gives you some color on the sort of the type of impression growth that we're seeing.", "quarter": 1}}