{"id": 17668, "annotations": [{"id": 17771, "completed_by": 2, "result": [{"type": "labels", "value": {"end": 9, "text": "Operator", "start": 0, "labels": ["OPERATOR"]}, "origin": "manual", "to_name": "text", "from_name": "label-intro"}, {"type": "labels", "value": {"end": 100, "text": ": Your next question comes from the line of Justin Post with Bank of America Merrill Lynch.", "start": 10, "labels": ["INTRO"]}, "origin": "manual", "to_name": "text", "from_name": "label-intro"}, {"type": "labels", "value": {"end": 112, "text": "Justin Post", "start": 100, "labels": ["ANALYST"]}, "origin": "manual", "to_name": "text", "from_name": "label-intro"}, {"type": "labels", "value": {"end": 576, "text": ": Thank you. I'd like to follow-up a little bit on usage just because of the comments last quarter. Any update to the time spent trends on Facebook post your changes? I guess, a second question is, do you think time spent on Facebook can start to grow again? And then third, when you look holistically at Instagram, which seems to be doing really well in third-party services, how do you think about the whole platform in total, Facebook plus Instagram? Thank you.", "start": 113, "labels": ["QUESTION"]}, "origin": "manual", "to_name": "text", "from_name": "label-intro"}, {"type": "labels", "value": {"end": 592, "text": "David M. Wehner", "start": 576, "labels": ["REPRESENTATIVE"]}, "origin": "manual", "to_name": "text", "from_name": "label-intro"}, {"type": "labels", "value": {"end": 1480, "text": ": Yeah, so I'll take that. In terms of time spent on Facebook, we're not providing a specific update on that. I would note that Mark talked about some of the changes we're making to focus on connections over consumption. So we're seeing a decrease in certain types of time spent such as passive video consumption as a result of that and an increase in areas like sharing. So, we're not really optimizing the business on time spent, but rather the kind of quality of conversations and connections. So we're continuing to invest in that work, and we think it's the right thing for the Facebook community in the long run. And I think it's also good for overall engagement. For Instagram, that continues to perform very well, not providing kind of a separate breakout of that, but Instagram continues to grow nicely, both as a \u2013 both from an engagement perspective and a business perspective.", "start": 593, "labels": ["ANSWER"]}, "origin": "manual", "to_name": "text", "from_name": "label-intro"}], "was_cancelled": false, "ground_truth": true, "created_at": "2022-02-04T10:25:34.007056Z", "updated_at": "2022-02-04T10:25:34.007061Z", "lead_time": null, "prediction": {}, "result_count": 0, "task": 17668, "parent_prediction": null, "parent_annotation": null}], "data": {"year": 2018, "company": "FB", "my_text": "\nOperator: Your next question comes from the line of Justin Post with Bank of America Merrill Lynch.\nJustin Post: Thank you. I'd like to follow-up a little bit on usage just because of the comments last quarter. Any update to the time spent trends on Facebook post your changes? I guess, a second question is, do you think time spent on Facebook can start to grow again? And then third, when you look holistically at Instagram, which seems to be doing really well in third-party services, how do you think about the whole platform in total, Facebook plus Instagram? Thank you.\nDavid M. Wehner: Yeah, so I'll take that. In terms of time spent on Facebook, we're not providing a specific update on that. I would note that Mark talked about some of the changes we're making to focus on connections over consumption. So we're seeing a decrease in certain types of time spent such as passive video consumption as a result of that and an increase in areas like sharing. So, we're not really optimizing the business on time spent, but rather the kind of quality of conversations and connections. So we're continuing to invest in that work, and we think it's the right thing for the Facebook community in the long run. And I think it's also good for overall engagement. For Instagram, that continues to perform very well, not providing kind of a separate breakout of that, but Instagram continues to grow nicely, both as a \u2013 both from an engagement perspective and a business perspective.", "quarter": 1}}