{"id": 17669, "annotations": [{"id": 17772, "completed_by": 2, "result": [{"type": "labels", "value": {"end": 9, "text": "Operator", "start": 0, "labels": ["OPERATOR"]}, "origin": "manual", "to_name": "text", "from_name": "label-intro"}, {"type": "labels", "value": {"end": 88, "text": ": Your next question comes from the line of Heather Bellini with Goldman Sachs.", "start": 10, "labels": ["INTRO"]}, "origin": "manual", "to_name": "text", "from_name": "label-intro"}, {"type": "labels", "value": {"end": 104, "text": "Heather Bellini", "start": 88, "labels": ["ANALYST"]}, "origin": "manual", "to_name": "text", "from_name": "label-intro"}, {"type": "labels", "value": {"end": 452, "text": ": Great. Thank you very much. I was wondering if we could talk a little about Watch. I know it's early, but I was wondering if you could share with us your initial thoughts on how it's going versus your expectations? How you see it evolving over the next couple years? And ultimately, how would you define success for it as you look out? Thank you.", "start": 105, "labels": ["QUESTION"]}, "origin": "manual", "to_name": "text", "from_name": "label-intro"}, {"type": "labels", "value": {"end": 475, "text": "Mark Elliot Zuckerberg", "start": 452, "labels": ["REPRESENTATIVE"]}, "origin": "manual", "to_name": "text", "from_name": "label-intro"}, {"type": "labels", "value": {"end": 1822, "text": ": So for Watch, the big thing that we're trying to do is help create new ways that people can connect, right? So it's very different from video and News Feed, the passive consumption that I'm talking about on response to some of the other questions because it's intentional, right? I mean, people go to it to watch specific content. And we're trying to make a different experience than what you might be able to get on YouTube or any of these other services by making it more about connecting with people in different ways. So a good example of this is what I talked about with Watch Party, where now people \u2013 groups of people can get together and can watch videos at the same time and you can interact around that. And we think that that's the kind of experience that we can uniquely build and that that's going to further our mission and just be a unique thing that we can add to the world. So what we're seeing so far is that a bunch of the content that has come onto Watch is good and is working and people watch it. We're continuing to treat the product to emphasize that kind of content more while building more of these social features. I'd say it's still pretty early overall in terms of the growth of this, but it's clearly an area that's important where I think we have something unique that we're going to bring to make this successful.", "start": 476, "labels": ["ANSWER"]}, "origin": "manual", "to_name": "text", "from_name": "label-intro"}], "was_cancelled": false, "ground_truth": true, "created_at": "2022-02-04T10:25:34.007123Z", "updated_at": "2022-02-04T10:25:34.007127Z", "lead_time": null, "prediction": {}, "result_count": 0, "task": 17669, "parent_prediction": null, "parent_annotation": null}], "data": {"year": 2018, "company": "FB", "my_text": "\nOperator: Your next question comes from the line of Heather Bellini with Goldman Sachs.\nHeather Bellini: Great. Thank you very much. I was wondering if we could talk a little about Watch. I know it's early, but I was wondering if you could share with us your initial thoughts on how it's going versus your expectations? How you see it evolving over the next couple years? And ultimately, how would you define success for it as you look out? Thank you.\nMark Elliot Zuckerberg: So for Watch, the big thing that we're trying to do is help create new ways that people can connect, right? So it's very different from video and News Feed, the passive consumption that I'm talking about on response to some of the other questions because it's intentional, right? I mean, people go to it to watch specific content. And we're trying to make a different experience than what you might be able to get on YouTube or any of these other services by making it more about connecting with people in different ways. So a good example of this is what I talked about with Watch Party, where now people \u2013 groups of people can get together and can watch videos at the same time and you can interact around that. And we think that that's the kind of experience that we can uniquely build and that that's going to further our mission and just be a unique thing that we can add to the world. So what we're seeing so far is that a bunch of the content that has come onto Watch is good and is working and people watch it. We're continuing to treat the product to emphasize that kind of content more while building more of these social features. I'd say it's still pretty early overall in terms of the growth of this, but it's clearly an area that's important where I think we have something unique that we're going to bring to make this successful.", "quarter": 1}}