{"id": 17635, "annotations": [{"id": 17738, "completed_by": 2, "result": [{"type": "labels", "value": {"end": 9, "text": "Operator", "start": 0, "labels": ["OPERATOR"]}, "origin": "manual", "to_name": "text", "from_name": "label-intro"}, {"type": "labels", "value": {"end": 85, "text": ": Your next question comes from the line of Rob Sanderson from MKM Partners.", "start": 10, "labels": ["INTRO"]}, "origin": "manual", "to_name": "text", "from_name": "label-intro"}, {"type": "labels", "value": {"end": 102, "text": "Rob J. Sanderson", "start": 85, "labels": ["ANALYST"]}, "origin": "manual", "to_name": "text", "from_name": "label-intro"}, {"type": "labels", "value": {"end": 781, "text": ": Yeah. Thank you. Good afternoon. It already feels like a call about Messenger monetization, so I'm almost reluctant to ask another, but just two things. Compared to what you saw in the early phases of testing News Feed ads, what can you say so far about users' responsiveness to ads in Messenger? And then second, obviously, there's a lot of momentum in the development of bots on the platform. And do you see this enabling of great organic interactions, as Mark put it, as a way to ultimately make Messenger a great ad platform, or do you think that enabling these other business services can lead to other monetization opportunities down the road, independent of advertising?", "start": 103, "labels": ["QUESTION"]}, "origin": "manual", "to_name": "text", "from_name": "label-intro"}, {"type": "labels", "value": {"end": 802, "text": "Sheryl Kara Sandberg", "start": 781, "labels": ["REPRESENTATIVE"]}, "origin": "manual", "to_name": "text", "from_name": "label-intro"}, {"type": "labels", "value": {"end": 1935, "text": ": It's really too early to understand the impact of the ads on consumers because there aren't enough of them and they haven't been rolled out for long enough. In terms of the bots, what we really think about is our businesses and people making useful connections on both sides on Messenger or any platform. If the connection is useful for marketers, businesses, and useful for people, then it will grow. And we're open to automated bots being useful. We're open to other forms of things being useful. I think when you think about what bucket of spend that is in, which is a question we get, it really is both marketing spend and any other spend companies have where they're reaching their customers, of which if you think about marketing spend and customer service spend, marketing spend is way bigger, because marketing spend grows as you can grow sales. And customer service spend is something that people generally try to minimize. So, the way we think about it is we want to grow the organic connections, whether they're automated or whether they're personalized, and make sure that that is growing the business of our customers.", "start": 803, "labels": ["ANSWER"]}, "origin": "manual", "to_name": "text", "from_name": "label-intro"}], "was_cancelled": false, "ground_truth": true, "created_at": "2022-02-04T10:25:34.004492Z", "updated_at": "2022-02-04T10:25:34.004497Z", "lead_time": null, "prediction": {}, "result_count": 0, "task": 17635, "parent_prediction": null, "parent_annotation": null}], "data": {"year": 2017, "company": "FB", "my_text": "\nOperator: Your next question comes from the line of Rob Sanderson from MKM Partners.\nRob J. Sanderson: Yeah. Thank you. Good afternoon. It already feels like a call about Messenger monetization, so I'm almost reluctant to ask another, but just two things. Compared to what you saw in the early phases of testing News Feed ads, what can you say so far about users' responsiveness to ads in Messenger? And then second, obviously, there's a lot of momentum in the development of bots on the platform. And do you see this enabling of great organic interactions, as Mark put it, as a way to ultimately make Messenger a great ad platform, or do you think that enabling these other business services can lead to other monetization opportunities down the road, independent of advertising?\nSheryl Kara Sandberg: It's really too early to understand the impact of the ads on consumers because there aren't enough of them and they haven't been rolled out for long enough. In terms of the bots, what we really think about is our businesses and people making useful connections on both sides on Messenger or any platform. If the connection is useful for marketers, businesses, and useful for people, then it will grow. And we're open to automated bots being useful. We're open to other forms of things being useful. I think when you think about what bucket of spend that is in, which is a question we get, it really is both marketing spend and any other spend companies have where they're reaching their customers, of which if you think about marketing spend and customer service spend, marketing spend is way bigger, because marketing spend grows as you can grow sales. And customer service spend is something that people generally try to minimize. So, the way we think about it is we want to grow the organic connections, whether they're automated or whether they're personalized, and make sure that that is growing the business of our customers.", "quarter": 2}}